FlightDate,Reporting_Airline,Tail_Number,Flight_Number_Reporting_Airline,Origin,Dest,CRSDepTime,DepTime,DepDelay,CRSArrTime,ArrTime,ArrDelay,Cancelled,Diverted,CRSElapsedTime,Distance,CarrierDelay,WeatherDelay,NASDelay,SecurityDelay,LateAircraftDelay
2026-03-07,AA,N117AN,307,LAX,JFK,0815,0806,-9.0,1635,1709,34.0,0.0,0.0,320.0,2475.0,0.0,0.0,34.0,0.0,0.0
2026-03-07,AA,N117AN,302,JFK,LAX,1725,1759,34.0,2047,2134,47.0,0.0,0.0,382.0,2475.0,0.0,0.0,13.0,0.0,34.0
2026-03-07,AA,N117AN,2453,LAX,BOS,2145,2222,37.0,0714,0804,50.0,0.0,0.0,329.0,2611.0,0.0,0.0,13.0,0.0,37.0
2026-03-08,AA,N117AN,373,BOS,LAX,0930,0925,-5.0,1312,1213,-59.0,0.0,0.0,402.0,2611.0,,,,,
2026-03-08,AA,N117AN,538,LAX,BOS,1430,1421,-9.0,2259,2240,-19.0,0.0,0.0,329.0,2611.0,,,,,
2026-03-07,AA,N131NN,654,LAS,DFW,0700,1444,464.0,1149,2001,492.0,0.0,0.0,169.0,1055.0,464.0,0.0,28.0,0.0,0.0
2026-03-07,AA,N131NN,1005,DFW,SFO,2005,2059,54.0,2211,2227,16.0,0.0,0.0,246.0,1464.0,1.0,0.0,0.0,0.0,15.0
2026-03-07,AA,N131NN,2806,DFW,MSP,2115,,,2354,,,1.0,0.0,159.0,852.0,,,,,
2026-03-07,AA,N131NN,1005,SFO,DFW,2335,2339,4.0,0601,0610,9.0,0.0,0.0,206.0,1464.0,,,,,
2026-03-08,AA,N131NN,2157,DFW,MSY,0715,0849,94.0,0845,1019,94.0,0.0,0.0,90.0,448.0,89.0,0.0,0.0,0.0,5.0
2026-03-08,AA,N131NN,1177,DFW,DCA,0919,,,1315,,,1.0,0.0,176.0,1192.0,,,,,
2026-03-08,AA,N131NN,2157,MSY,DFW,0927,1113,106.0,1121,1256,95.0,0.0,0.0,114.0,448.0,0.0,0.0,0.0,4.0,91.0
2026-03-08,AA,N131NN,420,DFW,DEN,1247,1444,117.0,1357,1544,107.0,0.0,0.0,130.0,641.0,48.0,0.0,0.0,0.0,59.0
2026-03-08,AA,N131NN,1177,DCA,DFW,1410,,,1654,,,1.0,0.0,224.0,1192.0,,,,,
2026-03-08,AA,N131NN,420,DEN,DFW,1448,1645,117.0,1754,2001,127.0,0.0,0.0,126.0,641.0,11.0,0.0,10.0,0.0,106.0
2026-03-08,AA,N131NN,3282,DFW,DEN,1855,2150,175.0,2005,2242,157.0,0.0,0.0,130.0,641.0,49.0,0.0,0.0,0.0,108.0
2026-03-08,AA,N131NN,3299,DEN,CLT,2359,2357,-2.0,0505,0510,5.0,0.0,0.0,186.0,1337.0,,,,,
2026-03-08,AA,N134AN,1417,PIT,DFW,0502,0456,-6.0,0728,0715,-13.0,0.0,0.0,206.0,1067.0,,,,,
2026-03-08,AA,N134AN,2357,DFW,DEN,0820,0949,89.0,0935,1048,73.0,0.0,0.0,135.0,641.0,73.0,0.0,0.0,0.0,0.0
2026-03-08,AA,N134AN,2357,DEN,DFW,1025,1143,78.0,1330,1439,69.0,0.0,0.0,125.0,641.0,4.0,0.0,0.0,0.0,65.0
2026-03-08,AA,N134AN,2900,DFW,LAX,1430,1539,69.0,1559,1644,45.0,0.0,0.0,209.0,1235.0,3.0,0.0,0.0,0.0,42.0
2026-03-08,AA,N134AN,2900,LAX,DFW,1659,1742,43.0,2207,2242,35.0,0.0,0.0,188.0,1235.0,2.0,0.0,0.0,0.0,33.0
2026-03-08,AA,N134AN,2658,DFW,SJU,2359,2356,-3.0,0528,0537,9.0,0.0,0.0,269.0,2165.0,,,,,
2026-03-07,AA,N145AN,1704,TPA,CLT,0814,0810,-4.0,1011,0952,-19.0,0.0,0.0,117.0,507.0,,,,,
2026-03-07,AA,N145AN,2023,CLT,LAX,2015,2028,13.0,2244,2227,-17.0,0.0,0.0,329.0,2125.0,,,,,
2026-03-08,AA,N145AN,2079,LAX,DFW,0115,0107,-8.0,0720,0708,-12.0,0.0,0.0,185.0,1235.0,,,,,
2026-03-08,AA,N145AN,3070,DFW,PHL,0842,0856,14.0,1255,1248,-7.0,0.0,0.0,193.0,1303.0,,,,,
2026-03-08,AA,N145AN,3208,PHL,CLT,1346,1342,-4.0,1540,1519,-21.0,0.0,0.0,114.0,449.0,,,,,
2026-03-08,AA,N145AN,2983,CLT,MSY,1642,1636,-6.0,1752,1732,-20.0,0.0,0.0,130.0,650.0,,,,,
2026-03-08,AA,N145AN,2983,MSY,CLT,1843,1851,8.0,2148,2156,8.0,0.0,0.0,125.0,650.0,,,,,
2026-03-08,AA,N145AN,1882,CLT,RIC,2248,2319,31.0,2359,0034,35.0,0.0,0.0,71.0,257.0,28.0,0.0,4.0,0.0,3.0
2026-03-07,AA,N172US,1976,MIA,MCO,0638,0631,-7.0,0753,0730,-23.0,0.0,0.0,75.0,192.0,,,,,
2026-03-07,AA,N172US,1976,MCO,MIA,0843,0837,-6.0,1004,0940,-24.0,0.0,0.0,81.0,192.0,,,,,
2026-03-07,AA,N172US,3065,MIA,STL,2145,2154,9.0,2356,2400,4.0,0.0,0.0,191.0,1068.0,,,,,
2026-03-08,AA,N172US,2981,STL,MIA,0515,0511,-4.0,0910,0847,-23.0,0.0,0.0,175.0,1068.0,,,,,
2026-03-08,AA,N172US,1389,MIA,LGA,2055,2116,21.0,2359,0004,5.0,0.0,0.0,184.0,1096.0,,,,,
2026-03-07,AA,N179UW,2204,RIC,DFW,0630,0630,0.0,0918,0930,12.0,0.0,0.0,228.0,1158.0,,,,,
2026-03-07,AA,N179UW,2579,DFW,DEN,1009,1037,28.0,1125,1135,10.0,0.0,0.0,136.0,641.0,,,,,
2026-03-07,AA,N179UW,2579,DEN,DFW,1233,1307,34.0,1536,1623,47.0,0.0,0.0,123.0,641.0,34.0,0.0,13.0,0.0,0.0
2026-03-07,AA,N179UW,2046,DFW,MIA,1656,1726,30.0,2054,2152,58.0,0.0,0.0,178.0,1121.0,8.0,0.0,28.0,0.0,22.0
2026-03-07,AA,N179UW,1309,MIA,PHL,2155,2249,54.0,0051,0149,58.0,0.0,0.0,176.0,1013.0,2.0,0.0,4.0,0.0,52.0
2026-03-08,AA,N179UW,2084,PHL,MCO,0837,0828,-9.0,1126,1120,-6.0,0.0,0.0,169.0,862.0,,,,,
2026-03-08,AA,N179UW,2084,MCO,PHL,1217,1218,1.0,1455,1525,30.0,0.0,0.0,158.0,862.0,1.0,0.0,29.0,0.0,0.0
2026-03-07,AA,N188US,1531,MIA,LAX,0600,0553,-7.0,0904,0840,-24.0,0.0,0.0,364.0,2342.0,,,,,
2026-03-07,AA,N188US,1687,LAX,DFW,1030,1027,-3.0,1542,1545,3.0,0.0,0.0,192.0,1235.0,,,,,
2026-03-07,AA,N188US,3236,DFW,TYS,1230,,,1537,,,1.0,0.0,127.0,772.0,,,,,
2026-03-07,AA,N188US,3236,TYS,DFW,1629,,,1812,,,1.0,0.0,163.0,772.0,,,,,
2026-03-07,AA,N188US,2416,DFW,PDX,1702,1658,-4.0,1916,1851,-25.0,0.0,0.0,254.0,1616.0,,,,,
2026-03-07,AA,N188US,3049,PDX,DFW,2340,0103,83.0,0620,0752,92.0,0.0,0.0,220.0,1616.0,83.0,0.0,9.0,0.0,0.0
2026-03-08,AA,N188US,1664,DFW,TUL,0825,0924,59.0,0935,1018,43.0,0.0,0.0,70.0,237.0,16.0,0.0,0.0,0.0,27.0
2026-03-08,AA,N188US,1664,TUL,DFW,1016,1108,52.0,1140,1214,34.0,0.0,0.0,84.0,237.0,0.0,0.0,0.0,0.0,34.0
2026-03-08,AA,N188US,1373,DFW,FLL,1233,1310,37.0,1620,1659,39.0,0.0,0.0,167.0,1119.0,1.0,0.0,2.0,0.0,36.0
2026-03-08,AA,N188US,1373,FLL,DFW,1711,1754,43.0,1949,2038,49.0,0.0,0.0,218.0,1119.0,5.0,0.0,6.0,0.0,38.0
2026-03-08,AA,N188US,1701,DFW,ABQ,2110,0018,188.0,2213,0058,165.0,0.0,0.0,123.0,569.0,145.0,0.0,0.0,0.0,20.0
2026-03-07,AA,N316VD,1604,SAT,MIA,0500,0451,-9.0,0851,0826,-25.0,0.0,0.0,171.0,1143.0,,,,,
2026-03-08,AA,N316VD,445,MIA,STT,0830,0830,0.0,1112,1120,8.0,0.0,0.0,162.0,1107.0,,,,,
2026-03-08,AA,N316VD,445,STT,MIA,1202,1156,-6.0,1515,1601,46.0,0.0,0.0,193.0,1107.0,0.0,0.0,46.0,0.0,0.0
2026-03-08,AA,N316VD,2648,MIA,DCA,1731,1725,-6.0,2013,2007,-6.0,0.0,0.0,162.0,919.0,,,,,
2026-03-07,AA,N336SR,572,CLE,PHX,0718,0714,-4.0,1005,0926,-39.0,0.0,0.0,287.0,1737.0,,,,,
2026-03-07,AA,N336SR,2088,PHX,SNA,1907,1912,5.0,1931,1931,0.0,0.0,0.0,84.0,338.0,,,,,
2026-03-08,AA,N336SR,628,SNA,PHX,0745,0759,14.0,0920,0952,32.0,0.0,0.0,95.0,338.0,14.0,0.0,18.0,0.0,0.0
2026-03-08,AA,N336SR,3311,PHX,SAN,1036,1043,7.0,1203,1206,3.0,0.0,0.0,87.0,304.0,,,,,
2026-03-08,AA,N336SR,3300,SAN,MIA,1301,1314,13.0,2102,2111,9.0,0.0,0.0,301.0,2267.0,,,,,
2026-03-08,AA,N336SR,1109,MIA,DCA,2152,2208,16.0,0038,0039,1.0,0.0,0.0,166.0,919.0,,,,,
2026-03-07,AA,N341TR,2617,IAD,DFW,0600,0612,12.0,0847,0932,45.0,0.0,0.0,227.0,1172.0,12.0,0.0,33.0,0.0,0.0
2026-03-07,AA,N341TR,1291,DFW,IAD,1902,,,2253,,,1.0,0.0,171.0,1172.0,,,,,
2026-03-07,AA,N341TR,2597,DFW,BUR,1923,2129,126.0,2056,2225,89.0,0.0,0.0,213.0,1231.0,89.0,0.0,0.0,0.0,0.0
2026-03-08,AA,N341TR,2617,IAD,DFW,0600,,,0847,,,1.0,0.0,227.0,1172.0,,,,,
2026-03-08,AA,N341TR,2599,BUR,DFW,0700,0651,-9.0,1216,1153,-23.0,0.0,0.0,196.0,1231.0,,,,,
2026-03-08,AA,N341TR,1862,DFW,MFE,1318,1319,1.0,1457,1511,14.0,0.0,0.0,99.0,469.0,,,,,
2026-03-08,AA,N341TR,1862,MFE,DFW,1548,1600,12.0,1738,1738,0.0,0.0,0.0,110.0,469.0,,,,,
2026-03-08,AA,N341TR,1761,DFW,PIT,1841,1914,33.0,2221,2243,22.0,0.0,0.0,160.0,1067.0,22.0,0.0,0.0,0.0,0.0
2026-03-07,AA,N507AY,2296,ORD,PHX,0500,0501,1.0,0759,0754,-5.0,0.0,0.0,239.0,1440.0,,,,,
2026-03-07,AA,N507AY,1611,PHX,LAS,0854,0848,-6.0,0911,0901,-10.0,0.0,0.0,77.0,255.0,,,,,
2026-03-07,AA,N507AY,1611,LAS,PHX,1007,1000,-7.0,1222,1215,-7.0,0.0,0.0,75.0,255.0,,,,,
2026-03-07,AA,N507AY,1997,PHX,DEN,1318,1331,13.0,1513,1533,20.0,0.0,0.0,115.0,602.0,13.0,0.0,7.0,0.0,0.0
2026-03-07,AA,N507AY,1255,DEN,CLT,1603,1637,34.0,2124,2152,28.0,0.0,0.0,201.0,1337.0,12.0,0.0,0.0,0.0,16.0
2026-03-07,AA,N507AY,2713,CLT,JAX,2229,2330,61.0,2352,0058,66.0,0.0,0.0,83.0,328.0,0.0,0.0,48.0,0.0,18.0
2026-03-08,AA,N507AY,1576,JAX,CLT,0600,0554,-6.0,0731,0707,-24.0,0.0,0.0,91.0,328.0,,,,,
2026-03-08,AA,N507AY,1409,CLT,ORD,0748,0833,45.0,0908,0944,36.0,0.0,0.0,140.0,599.0,25.0,0.0,0.0,0.0,11.0
2026-03-08,AA,N507AY,1409,ORD,CLT,1028,1037,9.0,1332,1322,-10.0,0.0,0.0,124.0,599.0,,,,,
2026-03-08,AA,N507AY,2704,CLT,RDU,1433,1503,30.0,1530,1550,20.0,0.0,0.0,57.0,130.0,20.0,0.0,0.0,0.0,0.0
2026-03-08,AA,N507AY,2704,RDU,CLT,1620,1638,18.0,1735,1733,-2.0,0.0,0.0,75.0,130.0,,,,,
2026-03-08,AA,N507AY,1780,CLT,RSW,1843,1918,35.0,2042,2106,24.0,0.0,0.0,119.0,600.0,24.0,0.0,0.0,0.0,0.0
2026-03-07,AA,N538UW,2594,CMH,CLT,0831,0825,-6.0,1009,0944,-25.0,0.0,0.0,98.0,347.0,,,,,
2026-03-07,AA,N538UW,3116,CLT,TPA,1110,1111,1.0,1301,1241,-20.0,0.0,0.0,111.0,507.0,,,,,
2026-03-07,AA,N538UW,3116,TPA,CLT,1351,1348,-3.0,1548,1534,-14.0,0.0,0.0,117.0,507.0,,,,,
2026-03-07,AA,N538UW,1740,CLT,SAN,1643,1641,-2.0,1909,1859,-10.0,0.0,0.0,326.0,2077.0,,,,,
2026-03-08,AA,N538UW,1071,SAN,CLT,0615,0615,0.0,1356,1354,-2.0,0.0,0.0,281.0,2077.0,,,,,
2026-03-08,AA,N538UW,2533,CLT,ORD,1505,1501,-4.0,1621,1601,-20.0,0.0,0.0,136.0,599.0,,,,,
2026-03-08,AA,N538UW,3180,ORD,PHX,1725,1712,-13.0,1924,1829,-55.0,0.0,0.0,239.0,1440.0,,,,,
2026-03-08,AA,N538UW,1898,PHX,SMF,2050,2050,0.0,2255,2241,-14.0,0.0,0.0,125.0,647.0,,,,,
2026-03-07,AA,N545UW,1281,RSW,DFW,0700,0648,-12.0,0924,1341,,0.0,1.0,204.0,1017.0,,,,,
2026-03-07,AA,N545UW,3282,DFW,PSP,1053,1629,336.0,1212,1726,314.0,0.0,0.0,199.0,1126.0,106.0,0.0,0.0,0.0,208.0
2026-03-07,AA,N545UW,3282,PSP,DFW,1302,1828,326.0,1755,2320,325.0,0.0,0.0,173.0,1126.0,12.0,0.0,0.0,0.0,313.0
2026-03-08,AA,N545UW,3069,DFW,PHL,0530,0529,-1.0,0940,0925,-15.0,0.0,0.0,190.0,1303.0,,,,,
2026-03-08,AA,N545UW,3145,PHL,SJU,1101,1106,5.0,1512,1501,-11.0,0.0,0.0,251.0,1576.0,,,,,
2026-03-08,AA,N545UW,3145,SJU,PHL,1602,1601,-1.0,2035,2017,-18.0,0.0,0.0,273.0,1576.0,,,,,
2026-03-07,AA,N560UW,2538,TPA,CLT,0725,0715,-10.0,0922,0858,-24.0,0.0,0.0,117.0,507.0,,,,,
2026-03-07,AA,N651AW,1404,DEN,PHX,0742,0737,-5.0,0950,0933,-17.0,0.0,0.0,128.0,602.0,,,,,
2026-03-07,AA,N651AW,1677,PHX,SMF,1104,1116,12.0,1214,1212,-2.0,0.0,0.0,130.0,647.0,,,,,
2026-03-07,AA,N651AW,1677,SMF,PHX,1259,1251,-8.0,1550,1552,2.0,0.0,0.0,111.0,647.0,,,,,
2026-03-07,AA,N651AW,2043,PHX,STL,2001,2000,-1.0,2359,2353,-6.0,0.0,0.0,178.0,1262.0,,,,,
2026-03-08,AA,N651AW,2574,STL,PHX,0758,0753,-5.0,0938,0906,-32.0,0.0,0.0,220.0,1262.0,,,,,
2026-03-08,AA,N651AW,2871,PHX,GEG,1057,1056,-1.0,1348,1334,-14.0,0.0,0.0,171.0,1020.0,,,,,
2026-03-08,AA,N651AW,2871,GEG,PHX,1510,1503,-7.0,1747,1717,-30.0,0.0,0.0,157.0,1020.0,,,,,
2026-03-08,AA,N651AW,2127,PHX,MEM,1857,1852,-5.0,2359,2337,-22.0,0.0,0.0,182.0,1264.0,,,,,
2026-03-07,AA,N669AW,1952,OKC,CLT,0600,0551,-9.0,0936,0939,3.0,0.0,0.0,156.0,940.0,,,,,
2026-03-07,AA,N669AW,3204,CLT,EWR,1037,1034,-3.0,1230,1212,-18.0,0.0,0.0,113.0,529.0,,,,,
2026-03-07,AA,N669AW,3204,EWR,CLT,1330,1320,-10.0,1525,1501,-24.0,0.0,0.0,115.0,529.0,,,,,
2026-03-07,AA,N669AW,2912,CLT,LGA,1620,1619,-1.0,1809,1853,44.0,0.0,0.0,109.0,544.0,0.0,0.0,44.0,0.0,0.0
2026-03-07,AA,N669AW,2912,LGA,CLT,1859,1941,42.0,2110,2124,14.0,0.0,0.0,131.0,544.0,,,,,
2026-03-07,AA,N669AW,835,CLT,CVG,2255,2254,-1.0,0031,0014,-17.0,0.0,0.0,96.0,335.0,,,,,
2026-03-08,AA,N669AW,1271,CVG,CLT,0500,0500,0.0,0628,0617,-11.0,0.0,0.0,88.0,335.0,,,,,
2026-03-08,AA,N669AW,2942,CLT,MSP,1115,1121,6.0,1308,1255,-13.0,0.0,0.0,173.0,930.0,,,,,
2026-03-08,AA,N669AW,2942,MSP,CLT,1354,1352,-2.0,1733,1715,-18.0,0.0,0.0,159.0,930.0,,,,,
2026-03-08,AA,N669AW,1657,CLT,SAT,1834,1909,35.0,2050,2112,22.0,0.0,0.0,196.0,1095.0,22.0,0.0,0.0,0.0,0.0
2026-03-07,AA,N740UW,716,BWI,MIA,0600,0552,-8.0,0856,0821,-35.0,0.0,0.0,176.0,946.0,,,,,
2026-03-08,AA,N740UW,1921,MIA,TPA,2047,2119,32.0,2200,2237,37.0,0.0,0.0,73.0,204.0,32.0,0.0,5.0,0.0,0.0
2026-03-07,AA,N834NN,1758,ORD,SJU,2242,2243,1.0,0524,0515,-9.0,0.0,0.0,282.0,2072.0,,,,,
2026-03-08,AA,N834NN,3298,SJU,DFW,0633,0625,-8.0,1120,1047,-33.0,0.0,0.0,347.0,2165.0,,,,,
2026-03-08,AA,N834NN,2693,DFW,RDU,1120,1321,121.0,1457,1647,110.0,0.0,0.0,157.0,1061.0,90.0,0.0,0.0,0.0,20.0
2026-03-08,AA,N834NN,2693,RDU,DFW,1547,1750,123.0,1815,2031,136.0,0.0,0.0,208.0,1061.0,13.0,0.0,13.0,0.0,110.0
2026-03-08,AA,N834NN,2508,DFW,DTW,2017,2146,89.0,2358,0111,73.0,0.0,0.0,161.0,986.0,16.0,0.0,0.0,0.0,57.0
2026-03-07,AA,N887NN,2621,MKE,DFW,0622,0620,-2.0,0923,1204,,0.0,1.0,181.0,853.0,,,,,
2026-03-07,AA,N887NN,2147,DFW,MSP,1146,1255,69.0,1412,1522,70.0,0.0,0.0,146.0,852.0,0.0,0.0,1.0,0.0,69.0
2026-03-07,AA,N887NN,1198,MSP,DFW,1502,1609,67.0,1748,1840,52.0,0.0,0.0,166.0,852.0,0.0,0.0,0.0,0.0,52.0
2026-03-07,AA,N9010R,1477,SRQ,CLT,0805,0931,86.0,1010,1121,71.0,0.0,0.0,125.0,547.0,71.0,0.0,0.0,0.0,0.0
2026-03-07,AA,N9010R,3200,CLT,STT,1145,1210,25.0,1630,1644,14.0,0.0,0.0,225.0,1520.0,,,,,
2026-03-07,AA,N9010R,1017,STT,PHL,1710,1719,9.0,2033,2014,-19.0,0.0,0.0,263.0,1605.0,,,,,
2026-03-07,AA,N9010R,1533,PHL,IAH,1840,0652,672.0,2136,1019,703.0,0.0,0.0,236.0,1325.0,0.0,533.0,31.0,0.0,139.0
2026-03-08,AA,N9010R,2432,IAH,DFW,0500,1144,404.0,0618,1308,410.0,0.0,0.0,78.0,224.0,35.0,0.0,6.0,0.0,369.0
2026-03-08,AA,N9010R,1463,DFW,STT,1005,1357,232.0,1602,1927,205.0,0.0,0.0,297.0,2225.0,4.0,0.0,0.0,0.0,201.0
2026-03-08,AA,N9010R,1174,STT,CLT,1642,2009,207.0,2104,2400,176.0,0.0,0.0,262.0,1520.0,2.0,0.0,0.0,0.0,174.0
2026-03-07,AA,N9021H,1472,XNA,DFW,0600,,,0734,,,1.0,0.0,94.0,280.0,,,,,
2026-03-07,AA,N9021H,2872,MSY,ORD,0623,0619,-4.0,0904,0902,-2.0,0.0,0.0,161.0,837.0,,,,,
2026-03-07,AA,N9021H,1861,ORD,EGE,1034,1054,20.0,1240,1323,43.0,0.0,0.0,186.0,1007.0,20.0,0.0,23.0,0.0,0.0
2026-03-07,AA,N9021H,2862,EGE,JFK,1324,1418,54.0,1929,2044,75.0,0.0,0.0,245.0,1746.0,15.0,0.0,21.0,0.0,39.0
2026-03-08,AA,N9021H,3092,JFK,STT,0925,0918,-7.0,1323,1315,-8.0,0.0,0.0,238.0,1623.0,,,,,
2026-03-08,AA,N9021H,1793,STT,PHL,1403,1500,57.0,1826,1847,21.0,0.0,0.0,263.0,1605.0,21.0,0.0,0.0,0.0,0.0
2026-03-08,AA,N9021H,3290,PHL,BOS,1921,1944,23.0,2048,2053,5.0,0.0,0.0,87.0,280.0,,,,,
2026-03-07,AA,N915NN,1347,IAH,MIA,0730,0726,-4.0,1108,1123,15.0,0.0,0.0,158.0,964.0,0.0,0.0,15.0,0.0,0.0
2026-03-07,AA,N915NN,1172,MIA,SJU,1758,1830,32.0,2134,2226,52.0,0.0,0.0,156.0,1045.0,32.0,0.0,20.0,0.0,0.0
2026-03-07,AA,N915NN,1153,CLT,SAT,2040,,,2255,,,1.0,0.0,195.0,1095.0,,,,,
2026-03-08,AA,N915NN,2463,SAT,CLT,0624,,,1015,,,1.0,0.0,171.0,1095.0,,,,,
2026-03-08,AA,N915NN,2035,SJU,MIA,0711,0704,-7.0,1020,1001,-19.0,0.0,0.0,189.0,1045.0,,,,,
2026-03-07,AA,N924US,1867,SMF,PHX,0600,1044,284.0,0856,1355,299.0,0.0,0.0,116.0,647.0,284.0,0.0,15.0,0.0,0.0
2026-03-07,AA,N924US,1587,PHX,CLT,1550,1551,1.0,2155,2153,-2.0,0.0,0.0,245.0,1773.0,,,,,
2026-03-07,AA,N924US,1502,CLT,BNA,2308,2310,2.0,2339,2334,-5.0,0.0,0.0,91.0,328.0,,,,,
2026-03-08,AA,N924US,1693,BNA,CLT,0715,0717,2.0,0947,0928,-19.0,0.0,0.0,92.0,328.0,,,,,
2026-03-08,AA,N924US,2146,CLT,SFO,2015,2012,-3.0,2310,2220,-50.0,0.0,0.0,355.0,2296.0,,,,,
2026-03-07,AA,N948AN,2543,CHS,MIA,0600,0600,0.0,0749,0754,5.0,0.0,0.0,109.0,489.0,,,,,
2026-03-07,AA,N948AN,3293,MIA,JFK,0929,0927,-2.0,1230,1213,-17.0,0.0,0.0,181.0,1089.0,,,,,
2026-03-07,AA,N948AN,1067,JFK,CLT,1430,1426,-4.0,1632,1613,-19.0,0.0,0.0,122.0,542.0,,,,,
2026-03-07,AA,N948AN,2673,AUS,DFW,1529,2023,294.0,1647,2144,297.0,0.0,0.0,78.0,190.0,0.0,0.0,3.0,0.0,294.0
2026-03-07,AA,N948AN,1919,CLT,AUS,1800,1800,0.0,2011,1940,-31.0,0.0,0.0,191.0,1032.0,,,,,
2026-03-07,AA,N948AN,1141,DFW,LIT,2131,0647,496.0,2251,0748,477.0,0.0,0.0,80.0,304.0,0.0,392.0,0.0,0.0,85.0
2026-03-08,AA,N948AN,3183,LIT,DFW,0735,0853,78.0,0912,1024,72.0,0.0,0.0,97.0,304.0,5.0,0.0,0.0,0.0,67.0
2026-03-07,AA,N987NN,2431,ORD,LAS,1015,1050,35.0,1230,1237,7.0,0.0,0.0,255.0,1514.0,,,,,
2026-03-07,AA,N987NN,1851,LAS,MIA,1320,1340,20.0,2109,2133,24.0,0.0,0.0,289.0,2174.0,13.0,0.0,4.0,0.0,7.0
2026-03-07,AA,N987NN,2936,MIA,MSY,2244,2250,6.0,2359,0001,2.0,0.0,0.0,135.0,674.0,,,,,
2026-03-08,AA,N987NN,1993,MSY,MIA,0600,0617,17.0,0905,0903,-2.0,0.0,0.0,125.0,674.0,,,,,
2026-03-08,AA,N987NN,1757,CLT,MKE,1636,2214,338.0,1747,2312,325.0,0.0,0.0,131.0,651.0,0.0,0.0,0.0,0.0,325.0
2026-03-08,AA,N987NN,1757,MKE,CLT,1837,2354,317.0,2148,0228,280.0,0.0,0.0,131.0,651.0,0.0,0.0,0.0,0.0,280.0
2026-03-08,AA,N987NN,1596,MIA,CLT,1856,1857,1.0,2119,2122,3.0,0.0,0.0,143.0,650.0,,,,,
2026-03-07,AS,N228AS,847,OAK,HNL,0841,0845,4.0,1222,1211,-11.0,0.0,0.0,341.0,2409.0,,,,,
2026-03-08,AS,N228AS,868,HNL,SLC,2110,2108,-2.0,0725,0727,2.0,0.0,0.0,375.0,2994.0,,,,,
2026-03-07,AS,N230AS,941,SFO,OGG,0755,0756,1.0,1132,1050,-42.0,0.0,0.0,337.0,2338.0,,,,,
2026-03-07,AS,N230AS,972,OGG,LGB,1252,1259,7.0,2001,2033,32.0,0.0,0.0,309.0,2498.0,32.0,0.0,0.0,0.0,0.0
2026-03-08,AS,N230AS,971,LGB,OGG,0925,0918,-7.0,1219,1201,-18.0,0.0,0.0,354.0,2498.0,,,,,
2026-03-08,AS,N230AS,960,OGG,SMF,1334,1336,2.0,2138,2140,2.0,0.0,0.0,304.0,2403.0,,,,,
2026-03-07,AS,N264AK,328,BZN,SEA,0700,0649,-11.0,0811,0755,-16.0,0.0,0.0,131.0,543.0,,,,,
2026-03-07,AS,N264AK,378,SEA,BWI,0946,0946,0.0,1746,1732,-14.0,0.0,0.0,300.0,2335.0,,,,,
2026-03-07,AS,N264AK,379,BWI,SEA,1846,1853,7.0,2150,2152,2.0,0.0,0.0,364.0,2335.0,,,,,
2026-03-07,AS,N264AK,498,SEA,PDX,2248,2303,15.0,2344,2352,8.0,0.0,0.0,56.0,129.0,,,,,
2026-03-08,AS,N264AK,446,PDX,PSP,0727,0722,-5.0,0958,0955,-3.0,0.0,0.0,151.0,873.0,,,,,
2026-03-08,AS,N264AK,445,PSP,PDX,1052,1102,10.0,1328,1342,14.0,0.0,0.0,156.0,873.0,,,,,
2026-03-08,AS,N264AK,119,PDX,SMF,1435,1439,4.0,1615,1611,-4.0,0.0,0.0,100.0,479.0,,,,,
2026-03-08,AS,N264AK,1345,SMF,SEA,1709,1722,13.0,1912,1916,4.0,0.0,0.0,123.0,605.0,,,,,
2026-03-08,AS,N264AK,448,SEA,GEG,2030,2027,-3.0,2137,2128,-9.0,0.0,0.0,67.0,224.0,,,,,
2026-03-07,AS,N268AK,183,PSP,SEA,0829,0827,-2.0,1130,1114,-16.0,0.0,0.0,181.0,987.0,,,,,
2026-03-07,AS,N268AK,664,SEA,ONT,1230,1224,-6.0,1508,1448,-20.0,0.0,0.0,158.0,956.0,,,,,
2026-03-07,AS,N268AK,665,ONT,SEA,1602,1558,-4.0,1852,1850,-2.0,0.0,0.0,170.0,956.0,,,,,
2026-03-07,AS,N268AK,590,SEA,SFO,1952,1950,-2.0,2206,2149,-17.0,0.0,0.0,134.0,679.0,,,,,
2026-03-08,AS,N268AK,416,SFO,SEA,0630,0620,-10.0,0847,0823,-24.0,0.0,0.0,137.0,679.0,,,,,
2026-03-08,AS,N268AK,313,SEA,DTW,0912,0919,7.0,1626,1601,-25.0,0.0,0.0,254.0,1927.0,,,,,
2026-03-08,AS,N268AK,313,DTW,SEA,1722,1720,-2.0,1935,1943,8.0,0.0,0.0,313.0,1927.0,,,,,
2026-03-08,AS,N268AK,170,SEA,SMF,2159,2159,0.0,2356,2336,-20.0,0.0,0.0,117.0,605.0,,,,,
2026-03-07,AS,N273AK,544,ONT,PDX,0700,0647,-13.0,0928,0919,-9.0,0.0,0.0,148.0,838.0,,,,,
2026-03-08,AS,N273AK,1320,SMF,SEA,0600,0552,-8.0,0806,0756,-10.0,0.0,0.0,126.0,605.0,,,,,
2026-03-08,AS,N273AK,326,SEA,TPA,0911,0931,20.0,1730,1751,21.0,0.0,0.0,319.0,2520.0,20.0,0.0,1.0,0.0,0.0
2026-03-08,AS,N273AK,326,TPA,SEA,1830,1857,27.0,2158,2305,67.0,0.0,0.0,388.0,2520.0,0.0,0.0,46.0,0.0,21.0
2026-03-08,AS,N273AK,141,SEA,DFW,2251,0018,87.0,0440,0544,64.0,0.0,0.0,229.0,1660.0,0.0,0.0,0.0,0.0,64.0
2026-03-07,AS,N385AS,933,LAX,OGG,0830,0847,17.0,1228,1155,-33.0,0.0,0.0,358.0,2485.0,,,,,
2026-03-07,AS,N385AS,970,OGG,SEA,1408,1426,18.0,2143,2147,4.0,0.0,0.0,335.0,2639.0,,,,,
2026-03-08,AS,N385AS,821,SEA,HNL,0805,0814,9.0,1125,1124,-1.0,0.0,0.0,380.0,2677.0,,,,,
2026-03-07,AS,N431AS,55,ANC,SCC,0538,0532,-6.0,0730,0752,22.0,0.0,0.0,112.0,626.0,0.0,0.0,22.0,0.0,0.0
2026-03-07,AS,N431AS,55,SCC,ANC,0815,0836,21.0,1006,1016,10.0,0.0,0.0,111.0,626.0,,,,,
2026-03-07,AS,N431AS,184,ANC,ADK,1125,1144,19.0,1331,1343,12.0,0.0,0.0,186.0,1192.0,,,,,
2026-03-07,AS,N431AS,187,ADK,ANC,1440,1423,-17.0,1820,1750,-30.0,0.0,0.0,160.0,1192.0,,,,,
2026-03-08,AS,N431AS,194,ANC,LAX,0005,0002,-3.0,0728,0704,-24.0,0.0,0.0,323.0,2345.0,,,,,
2026-03-08,AS,N431AS,798,LAX,SEA,0846,0841,-5.0,1148,1139,-9.0,0.0,0.0,182.0,954.0,,,,,
2026-03-08,AS,N431AS,467,SEA,BOI,1240,1234,-6.0,1508,1458,-10.0,0.0,0.0,88.0,399.0,,,,,
2026-03-08,AS,N431AS,229,BOI,PDX,1602,1623,21.0,1630,1636,6.0,0.0,0.0,88.0,344.0,,,,,
2026-03-08,AS,N431AS,667,PDX,SAN,1735,1736,1.0,2012,1954,-18.0,0.0,0.0,157.0,933.0,,,,,
2026-03-08,AS,N431AS,542,SAN,PDX,2108,2102,-6.0,2357,2339,-18.0,0.0,0.0,169.0,933.0,,,,,
2026-03-07,AS,N457AS,392,PDX,DFW,1045,1056,11.0,1639,1705,26.0,0.0,0.0,234.0,1616.0,11.0,0.0,15.0,0.0,0.0
2026-03-07,AS,N457AS,646,DFW,PDX,1739,1828,49.0,2001,2022,21.0,0.0,0.0,262.0,1616.0,0.0,0.0,0.0,0.0,21.0
2026-03-08,AS,N457AS,324,PDX,ORD,0700,0656,-4.0,1311,1237,-34.0,0.0,0.0,251.0,1739.0,,,,,
2026-03-08,AS,N457AS,325,ORD,PDX,1407,1401,-6.0,1650,1641,-9.0,0.0,0.0,283.0,1739.0,,,,,
2026-03-08,AS,N457AS,559,PDX,BUR,1759,1749,-10.0,2022,2003,-19.0,0.0,0.0,143.0,817.0,,,,,
2026-03-08,AS,N468AS,236,PDX,SFO,1517,1515,-2.0,1712,1655,-17.0,0.0,0.0,115.0,550.0,,,,,
2026-03-08,AS,N468AS,525,SFO,PDX,1840,1840,0.0,2034,2011,-23.0,0.0,0.0,114.0,550.0,,,,,
2026-03-07,AS,N479AS,1002,HNL,ITO,0610,0607,-3.0,0705,0703,-2.0,0.0,0.0,55.0,216.0,,,,,
2026-03-07,AS,N479AS,1011,ITO,HNL,0742,0734,-8.0,0837,0830,-7.0,0.0,0.0,55.0,216.0,,,,,
2026-03-07,AS,N479AS,1042,HNL,ITO,0920,0915,-5.0,1015,1012,-3.0,0.0,0.0,55.0,216.0,,,,,
2026-03-07,AS,N479AS,1041,ITO,HNL,1056,1054,-2.0,1151,1159,8.0,0.0,0.0,55.0,216.0,,,,,
2026-03-07,AS,N479AS,1098,HNL,KOA,1345,1346,1.0,1434,1433,-1.0,0.0,0.0,49.0,163.0,,,,,
2026-03-07,AS,N479AS,1107,KOA,HNL,1542,1536,-6.0,1632,1628,-4.0,0.0,0.0,50.0,163.0,,,,,
2026-03-07,AS,N479AS,1196,HNL,OGG,1800,1803,3.0,1841,1843,2.0,0.0,0.0,41.0,101.0,,,,,
2026-03-07,AS,N479AS,758,SFO,SEA,1827,1823,-4.0,2047,2028,-19.0,0.0,0.0,140.0,679.0,,,,,
2026-03-07,AS,N479AS,1205,OGG,HNL,1948,1942,-6.0,2029,2018,-11.0,0.0,0.0,41.0,101.0,,,,,
2026-03-07,AS,N479AS,347,SEA,GEG,2150,2145,-5.0,2301,2239,-22.0,0.0,0.0,71.0,224.0,,,,,
2026-03-08,AS,N479AS,673,GEG,SAN,0700,0719,19.0,0955,1000,5.0,0.0,0.0,175.0,1027.0,,,,,
2026-03-08,AS,N479AS,1043,HNL,LIH,0955,0951,-4.0,1037,1031,-6.0,0.0,0.0,42.0,102.0,,,,,
2026-03-08,AS,N479AS,272,SAN,KOA,1134,1351,137.0,1453,1716,143.0,0.0,0.0,379.0,2556.0,0.0,137.0,6.0,0.0,0.0
2026-03-08,AS,N479AS,1074,LIH,HNL,1150,1158,8.0,1229,1238,9.0,0.0,0.0,39.0,102.0,,,,,
2026-03-08,AS,N479AS,1103,HNL,LIH,1346,1347,1.0,1430,1431,1.0,0.0,0.0,44.0,102.0,,,,,
2026-03-08,AS,N479AS,1104,LIH,HNL,1500,1510,10.0,1540,1547,7.0,0.0,0.0,40.0,102.0,,,,,
2026-03-08,AS,N479AS,561,KOA,LAX,1553,1812,139.0,0024,0302,158.0,0.0,0.0,331.0,2504.0,0.0,0.0,19.0,0.0,139.0
2026-03-08,AS,N479AS,1138,HNL,KOA,1700,1654,-6.0,1747,1740,-7.0,0.0,0.0,47.0,163.0,,,,,
2026-03-07,AS,N483AS,1004,LIH,HNL,0600,0556,-4.0,0639,0636,-3.0,0.0,0.0,39.0,102.0,,,,,
2026-03-07,AS,N483AS,1028,HNL,KOA,0727,0729,2.0,0813,0811,-2.0,0.0,0.0,46.0,163.0,,,,,
2026-03-07,AS,N483AS,1027,KOA,HNL,0845,0842,-3.0,0933,0932,-1.0,0.0,0.0,48.0,163.0,,,,,
2026-03-07,AS,N483AS,208,JFK,PSP,0930,0923,-7.0,1246,1207,-39.0,0.0,0.0,376.0,2378.0,,,,,
2026-03-07,AS,N483AS,1063,HNL,LIH,1026,1023,-3.0,1108,1109,1.0,0.0,0.0,42.0,102.0,,,,,
2026-03-07,AS,N483AS,1150,LIH,OGG,1140,1135,-5.0,1228,1233,5.0,0.0,0.0,48.0,202.0,,,,,
2026-03-07,AS,N483AS,1049,OGG,LIH,1259,1318,19.0,1349,1403,14.0,0.0,0.0,50.0,202.0,,,,,
2026-03-07,AS,N483AS,214,PSP,SEA,1340,1359,19.0,1641,1647,6.0,0.0,0.0,181.0,987.0,,,,,
2026-03-07,AS,N483AS,1094,LIH,HNL,1420,1440,20.0,1500,1527,27.0,0.0,0.0,40.0,102.0,14.0,0.0,0.0,0.0,13.0
2026-03-07,AS,N483AS,1128,HNL,KOA,1610,1616,6.0,1658,1703,5.0,0.0,0.0,48.0,163.0,,,,,
2026-03-07,AS,N483AS,1137,KOA,HNL,1730,1729,-1.0,1818,1828,10.0,0.0,0.0,48.0,163.0,,,,,
2026-03-07,AS,N483AS,386,SEA,MSP,1836,1852,16.0,2355,2354,-1.0,0.0,0.0,199.0,1399.0,,,,,
2026-03-07,AS,N483AS,1112,HNL,ITO,1929,1923,-6.0,2023,2019,-4.0,0.0,0.0,54.0,216.0,,,,,
2026-03-07,AS,N483AS,1121,ITO,HNL,2100,2054,-6.0,2156,2203,7.0,0.0,0.0,56.0,216.0,,,,,
2026-03-08,AS,N483AS,1003,HNL,LIH,0536,0538,2.0,0617,0617,0.0,0.0,0.0,41.0,102.0,,,,,
2026-03-08,AS,N483AS,497,MSP,SEA,0629,0626,-3.0,0843,0834,-9.0,0.0,0.0,254.0,1399.0,,,,,
2026-03-08,AS,N483AS,1014,LIH,HNL,0648,0641,-7.0,0727,0725,-2.0,0.0,0.0,39.0,102.0,,,,,
2026-03-08,AS,N483AS,1046,HNL,OGG,0816,0814,-2.0,0858,0856,-2.0,0.0,0.0,42.0,101.0,,,,,
2026-03-08,AS,N483AS,378,SEA,BWI,0946,1000,14.0,1746,1738,-8.0,0.0,0.0,300.0,2335.0,,,,,
2026-03-08,AS,N483AS,1065,OGG,HNL,0951,0951,0.0,1033,1036,3.0,0.0,0.0,42.0,101.0,,,,,
2026-03-08,AS,N483AS,1078,HNL,KOA,1111,1116,5.0,1200,1200,0.0,0.0,0.0,49.0,163.0,,,,,
2026-03-08,AS,N483AS,1067,KOA,HNL,1230,1228,-2.0,1320,1318,-2.0,0.0,0.0,50.0,163.0,,,,,
2026-03-08,AS,N483AS,1123,HNL,LIH,1520,1518,-2.0,1603,1623,20.0,0.0,0.0,43.0,102.0,20.0,0.0,0.0,0.0,0.0
2026-03-08,AS,N483AS,379,BWI,SEA,1846,1958,72.0,2150,2311,81.0,0.0,0.0,364.0,2335.0,72.0,0.0,9.0,0.0,0.0
2026-03-07,AS,N553AS,795,PSC,SEA,0825,0824,-1.0,0940,0922,-18.0,0.0,0.0,75.0,172.0,,,,,
2026-03-07,AS,N553AS,1357,SEA,SNA,1123,1121,-2.0,1413,1339,-34.0,0.0,0.0,170.0,978.0,,,,,
2026-03-07,AS,N553AS,760,SNA,SEA,1501,1456,-5.0,1759,1748,-11.0,0.0,0.0,178.0,978.0,,,,,
2026-03-07,AS,N553AS,321,SEA,SMF,1921,1916,-5.0,2114,2055,-19.0,0.0,0.0,113.0,605.0,,,,,
2026-03-08,AS,N553AS,1365,SMF,SEA,0830,0825,-5.0,1036,1025,-11.0,0.0,0.0,126.0,605.0,,,,,
2026-03-08,AS,N553AS,105,SEA,FAI,1200,1210,10.0,1458,1459,1.0,0.0,0.0,238.0,1533.0,,,,,
2026-03-08,AS,N553AS,105,FAI,SEA,1559,1618,19.0,2037,2043,6.0,0.0,0.0,218.0,1533.0,,,,,
2026-03-08,AS,N553AS,310,SEA,PDX,2140,2147,7.0,2241,2232,-9.0,0.0,0.0,61.0,129.0,,,,,
2026-03-07,AS,N558AS,24,SAN,JFK,0735,0731,-4.0,1600,1559,-1.0,0.0,0.0,325.0,2446.0,,,,,
2026-03-07,AS,N558AS,19,JFK,PDX,1700,1659,-1.0,2033,2007,-26.0,0.0,0.0,393.0,2454.0,,,,,
2026-03-07,AS,N558AS,447,PDX,BOI,2140,2154,14.0,2359,0022,23.0,0.0,0.0,79.0,344.0,0.0,0.0,23.0,0.0,0.0
2026-03-08,AS,N558AS,782,BOI,PDX,0540,0532,-8.0,0611,0543,-28.0,0.0,0.0,91.0,344.0,,,,,
2026-03-08,AS,N558AS,156,PDX,SLC,0715,0714,-1.0,1020,0959,-21.0,0.0,0.0,125.0,630.0,,,,,
2026-03-08,AS,N558AS,796,SLC,SEA,1114,1111,-3.0,1228,1231,3.0,0.0,0.0,134.0,689.0,,,,,
2026-03-08,AS,N558AS,680,SEA,SFO,1332,1342,10.0,1548,1602,14.0,0.0,0.0,136.0,679.0,,,,,
2026-03-08,AS,N558AS,776,SFO,LAS,1644,1654,10.0,1829,1825,-4.0,0.0,0.0,105.0,414.0,,,,,
2026-03-07,AS,N594AS,657,SEA,SJC,0809,0804,-5.0,1028,1003,-25.0,0.0,0.0,139.0,696.0,,,,,
2026-03-07,AS,N594AS,550,SJC,PDX,1138,1329,111.0,1330,1517,107.0,0.0,0.0,112.0,569.0,107.0,0.0,0.0,0.0,0.0
2026-03-08,AS,N594AS,526,PDX,SFO,0705,0704,-1.0,0908,0849,-19.0,0.0,0.0,123.0,550.0,,,,,
2026-03-08,AS,N594AS,235,SFO,PDX,1141,1148,7.0,1337,1329,-8.0,0.0,0.0,116.0,550.0,,,,,
2026-03-08,AS,N594AS,342,PDX,BOI,1445,1447,2.0,1706,1657,-9.0,0.0,0.0,81.0,344.0,,,,,
2026-03-08,AS,N594AS,230,BOI,SEA,1800,1749,-11.0,1838,1820,-18.0,0.0,0.0,98.0,399.0,,,,,
2026-03-07,AS,N712AL,334,SEA,ATL,0805,0801,-4.0,1556,1623,27.0,0.0,0.0,291.0,2182.0,0.0,0.0,27.0,0.0,0.0
2026-03-07,AS,N712AL,474,ATL,SAN,1656,1725,29.0,1901,1935,34.0,0.0,0.0,305.0,1892.0,0.0,0.0,5.0,0.0,29.0
2026-03-07,AS,N712AL,652,SAN,SEA,2026,2034,8.0,2340,2340,0.0,0.0,0.0,194.0,1050.0,,,,,
2026-03-08,AS,N712AL,135,SEA,DFW,0040,0042,2.0,0729,0724,-5.0,0.0,0.0,229.0,1660.0,,,,,
2026-03-08,AS,N712AL,543,DFW,SEA,0900,0852,-8.0,1140,1114,-26.0,0.0,0.0,280.0,1660.0,,,,,
2026-03-08,AS,N712AL,696,SEA,LAX,1250,1243,-7.0,1536,1512,-24.0,0.0,0.0,166.0,954.0,,,,,
2026-03-08,AS,N712AL,698,LAX,SEA,1700,1657,-3.0,1958,1934,-24.0,0.0,0.0,178.0,954.0,,,,,
2026-03-08,AS,N712AL,1338,SEA,LAX,2014,2057,43.0,2303,2319,16.0,0.0,0.0,169.0,954.0,16.0,0.0,0.0,0.0,0.0
2026-03-07,AS,N724AL,782,BOI,PDX,0540,0533,-7.0,0611,0551,-20.0,0.0,0.0,91.0,344.0,,,,,
2026-03-07,AS,N724AL,252,PDX,KOA,0737,0732,-5.0,1153,1107,-46.0,0.0,0.0,376.0,2607.0,,,,,
2026-03-07,AS,N724AL,266,KOA,SAN,1253,1253,0.0,2022,2145,83.0,0.0,0.0,329.0,2556.0,0.0,0.0,83.0,0.0,0.0
2026-03-08,AS,N724AL,370,SAN,ATL,1053,1054,1.0,1807,1815,8.0,0.0,0.0,254.0,1892.0,,,,,
2026-03-08,AS,N724AL,128,ATL,SEA,1907,1918,11.0,2149,2146,-3.0,0.0,0.0,342.0,2182.0,,,,,
2026-03-07,AS,N731AL,798,LAX,SEA,0846,0843,-3.0,1148,1153,5.0,0.0,0.0,182.0,954.0,,,,,
2026-03-07,AS,N731AL,238,SEA,KOA,1244,1302,18.0,1713,1708,-5.0,0.0,0.0,389.0,2688.0,,,,,
2026-03-08,AS,N731AL,218,KOA,SEA,0745,0746,1.0,1649,1619,-30.0,0.0,0.0,364.0,2688.0,,,,,
2026-03-08,AS,N731AL,730,SEA,LAS,1748,1830,42.0,2022,2050,28.0,0.0,0.0,154.0,867.0,28.0,0.0,0.0,0.0,0.0
2026-03-08,AS,N731AL,452,LAS,PDX,2116,2155,39.0,2344,0004,20.0,0.0,0.0,148.0,763.0,0.0,0.0,0.0,0.0,20.0
2026-03-07,AS,N733AL,226,RSW,SEA,0901,0905,4.0,1244,1229,-15.0,0.0,0.0,403.0,2623.0,,,,,
2026-03-07,AS,N733AL,510,SEA,PHX,1350,1347,-3.0,1744,1727,-17.0,0.0,0.0,174.0,1107.0,,,,,
2026-03-07,AS,N733AL,662,PHX,PDX,1844,1902,18.0,2041,2043,2.0,0.0,0.0,177.0,1010.0,,,,,
2026-03-08,AS,N733AL,252,PDX,KOA,0737,0738,1.0,1053,1039,-14.0,0.0,0.0,376.0,2607.0,,,,,
2026-03-08,AS,N733AL,146,KOA,SAN,1153,1155,2.0,2022,2038,16.0,0.0,0.0,329.0,2556.0,0.0,0.0,16.0,0.0,0.0
2026-03-07,AS,N821AK,781,FLL,SAN,0854,0902,8.0,1153,1127,-26.0,0.0,0.0,359.0,2269.0,,,,,
2026-03-07,AS,N821AK,14,SAN,DCA,1245,1238,-7.0,2102,2043,-19.0,0.0,0.0,317.0,2276.0,,,,,
2026-03-08,AS,N821AK,15,DCA,SAN,0859,0856,-3.0,1143,1120,-23.0,0.0,0.0,344.0,2276.0,,,,,
2026-03-08,AS,N821AK,260,SAN,FLL,1300,1319,19.0,2053,2103,10.0,0.0,0.0,293.0,2269.0,,,,,
2026-03-07,AS,N915AK,514,PHX,PAE,0900,0855,-5.0,1117,1111,-6.0,0.0,0.0,197.0,1133.0,,,,,
2026-03-07,AS,N915AK,241,PAE,HNL,1258,1253,-5.0,1721,1727,6.0,0.0,0.0,383.0,2694.0,,,,,
2026-03-07,AS,N915AK,598,HNL,SAN,2210,2231,21.0,0650,0738,48.0,0.0,0.0,340.0,2614.0,21.0,0.0,27.0,0.0,0.0
2026-03-08,AS,N915AK,1495,SAN,ORD,0835,0856,21.0,1458,1522,24.0,0.0,0.0,263.0,1723.0,0.0,0.0,3.0,0.0,21.0
2026-03-08,AS,N915AK,407,ORD,SEA,1554,1616,22.0,1840,1921,41.0,0.0,0.0,286.0,1721.0,0.0,0.0,19.0,0.0,22.0
2026-03-08,AS,N915AK,590,SEA,SFO,1941,2027,46.0,2155,2219,24.0,0.0,0.0,134.0,679.0,0.0,0.0,0.0,0.0,24.0
2026-03-07,AS,N919AK,754,SEA,HNL,1000,1004,4.0,1431,1403,-28.0,0.0,0.0,391.0,2677.0,,,,,
2026-03-07,AS,N919AK,267,HNL,SEA,1540,1556,16.0,2340,2335,-5.0,0.0,0.0,360.0,2677.0,,,,,
2026-03-08,AS,N919AK,305,SEA,MIA,0808,0801,-7.0,1659,1709,10.0,0.0,0.0,351.0,2724.0,,,,,
2026-03-08,AS,N919AK,305,MIA,SEA,1759,1841,42.0,2204,2244,40.0,0.0,0.0,425.0,2724.0,40.0,0.0,0.0,0.0,0.0
2026-03-07,AS,N941AK,549,PDX,SJC,0900,0853,-7.0,1054,1032,-22.0,0.0,0.0,114.0,569.0,,,,,
2026-03-07,AS,N941AK,257,SJC,KOA,1425,1427,2.0,1813,1744,-29.0,0.0,0.0,348.0,2384.0,,,,,
2026-03-07,AS,N941AK,259,KOA,SEA,2005,2058,53.0,0503,0538,35.0,0.0,0.0,358.0,2688.0,35.0,0.0,0.0,0.0,0.0
2026-03-08,AS,N941AK,418,SEA,MCI,0821,0819,-2.0,1355,1419,24.0,0.0,0.0,214.0,1490.0,0.0,0.0,24.0,0.0,0.0
2026-03-08,AS,N941AK,418,MCI,SEA,1449,1515,26.0,1654,1718,24.0,0.0,0.0,245.0,1490.0,0.0,0.0,0.0,0.0,24.0
2026-03-08,AS,N941AK,1411,SEA,LAX,1750,1814,24.0,2036,2051,15.0,0.0,0.0,166.0,954.0,0.0,0.0,0.0,0.0,15.0
2026-03-07,AS,N942AK,1345,SMF,SEA,1830,1838,8.0,2033,2037,4.0,0.0,0.0,123.0,605.0,,,,,
2026-03-07,AS,N942AK,636,SEA,LAS,2122,2138,16.0,2355,0004,9.0,0.0,0.0,153.0,867.0,,,,,
2026-03-08,AS,N942AK,701,LAS,SEA,0600,0614,14.0,0851,0855,4.0,0.0,0.0,171.0,867.0,,,,,
2026-03-08,AS,N942AK,304,SEA,MCO,1040,1038,-2.0,1909,1902,-7.0,0.0,0.0,329.0,2554.0,,,,,
2026-03-08,AS,N942AK,419,MCO,SEA,2009,2000,-9.0,2344,2332,-12.0,0.0,0.0,395.0,2554.0,,,,,
2026-03-08,AS,N942AK,426,SEA,GEG,2253,0037,104.0,2359,0127,88.0,0.0,0.0,66.0,224.0,88.0,0.0,0.0,0.0,0.0
2026-03-07,AS,N946AK,789,SFO,KOA,0700,0654,-6.0,1033,0959,-34.0,0.0,0.0,333.0,2368.0,,,,,
2026-03-07,AS,N946AK,205,KOA,SEA,1133,1131,-2.0,1937,1904,-33.0,0.0,0.0,364.0,2688.0,,,,,
2026-03-07,AS,N946AK,592,SEA,ONT,2056,2048,-8.0,2332,2306,-26.0,0.0,0.0,156.0,956.0,,,,,
2026-03-08,AS,N946AK,270,ONT,HNL,0845,0844,-1.0,1149,1116,-33.0,0.0,0.0,364.0,2603.0,,,,,
2026-03-08,AS,N946AK,240,HNL,PAE,1249,1250,1.0,2146,2140,-6.0,0.0,0.0,357.0,2694.0,,,,,
2026-03-07,AS,N954AK,722,SEA,AUS,1149,1208,19.0,1800,1812,12.0,0.0,0.0,251.0,1770.0,,,,,
2026-03-07,AS,N954AK,339,AUS,SEA,1900,1922,22.0,2145,2141,-4.0,0.0,0.0,285.0,1770.0,,,,,
2026-03-08,AS,N954AK,281,SEA,PHX,1602,1606,4.0,1856,1859,3.0,0.0,0.0,174.0,1107.0,,,,,
2026-03-08,AS,N954AK,461,PHX,SEA,1956,2007,11.0,2312,2316,4.0,0.0,0.0,196.0,1107.0,,,,,
2026-03-07,B6,N2038J,1502,FLL,JFK,1950,1942,-8.0,2246,2245,-1.0,0.0,0.0,176.0,1069.0,,,,,
2026-03-07,B6,N3058J,1173,JFK,BNA,0555,0544,-11.0,0731,0651,-40.0,0.0,0.0,156.0,765.0,,,,,
2026-03-07,B6,N3058J,1174,BNA,JFK,0821,0812,-9.0,1141,1125,-16.0,0.0,0.0,140.0,765.0,,,,,
2026-03-07,B6,N3058J,2101,JFK,SYR,1159,1256,57.0,1317,1401,44.0,0.0,0.0,78.0,209.0,28.0,0.0,0.0,0.0,16.0
2026-03-07,B6,N3058J,2802,SYR,JFK,1412,1507,55.0,1527,1622,55.0,0.0,0.0,75.0,209.0,16.0,0.0,0.0,0.0,39.0
2026-03-07,B6,N3058J,1218,JFK,BOS,1558,1718,80.0,1715,1824,69.0,0.0,0.0,77.0,187.0,1.0,0.0,0.0,0.0,68.0
2026-03-07,B6,N3058J,2355,BOS,DCA,1910,1922,12.0,2100,2051,-9.0,0.0,0.0,110.0,399.0,,,,,
2026-03-08,B6,N3058J,379,DCA,FLL,0730,0725,-5.0,1013,1029,16.0,0.0,0.0,163.0,899.0,0.0,0.0,16.0,0.0,0.0
2026-03-08,B6,N3058J,2008,FLL,PIT,2010,2033,23.0,2252,2347,55.0,0.0,0.0,162.0,994.0,23.0,0.0,32.0,0.0,0.0
2026-03-08,B6,N3118J,1297,JFK,DEN,0815,0851,36.0,1110,1128,18.0,0.0,0.0,295.0,1626.0,3.0,0.0,0.0,0.0,15.0
2026-03-08,B6,N3118J,1298,DEN,JFK,1214,1216,2.0,1800,1750,-10.0,0.0,0.0,226.0,1626.0,,,,,
2026-03-08,B6,N3118J,71,JFK,SLC,1908,1917,9.0,2250,2321,31.0,0.0,0.0,342.0,1990.0,0.0,0.0,31.0,0.0,0.0
2026-03-08,B6,N3118J,72,SLC,JFK,2345,0008,23.0,0559,0604,5.0,0.0,0.0,254.0,1990.0,,,,,
2026-03-07,B6,N3156J,374,SYR,BOS,0600,0555,-5.0,0714,0706,-8.0,0.0,0.0,74.0,265.0,,,,,
2026-03-07,B6,N3156J,647,BOS,SLC,0826,0823,-3.0,1200,1157,-3.0,0.0,0.0,334.0,2105.0,,,,,
2026-03-07,B6,N3156J,648,SLC,BOS,1257,1256,-1.0,1929,1922,-7.0,0.0,0.0,272.0,2105.0,,,,,
2026-03-07,B6,N3156J,2185,BOS,PIT,2025,2023,-2.0,2223,2208,-15.0,0.0,0.0,118.0,496.0,,,,,
2026-03-08,B6,N3156J,1198,PIT,JFK,0600,0603,3.0,0734,0742,8.0,0.0,0.0,94.0,340.0,,,,,
2026-03-08,B6,N3156J,1867,JFK,DAB,0735,0832,57.0,1031,1105,34.0,0.0,0.0,176.0,891.0,0.0,0.0,0.0,0.0,34.0
2026-03-08,B6,N3156J,1868,DAB,JFK,1121,1150,29.0,1351,1424,33.0,0.0,0.0,150.0,891.0,0.0,0.0,4.0,0.0,29.0
2026-03-07,B6,N3157J,306,BNA,BOS,0600,0616,16.0,0931,0939,8.0,0.0,0.0,151.0,942.0,,,,,
2026-03-07,B6,N3157J,1097,BOS,ATL,1033,1044,11.0,1334,1312,-22.0,0.0,0.0,181.0,946.0,,,,,
2026-03-07,B6,N3157J,896,ATL,BOS,1429,1438,9.0,1704,1736,32.0,0.0,0.0,155.0,946.0,0.0,0.0,32.0,0.0,0.0
2026-03-07,B6,N3157J,391,BOS,TPA,1759,1829,30.0,2134,2133,-1.0,0.0,0.0,215.0,1185.0,,,,,
2026-03-08,B6,N3157J,1192,TPA,BOS,0729,0726,-3.0,1030,1026,-4.0,0.0,0.0,181.0,1185.0,,,,,
2026-03-08,B6,N3157J,1499,BOS,DAB,1205,1201,-4.0,1520,1502,-18.0,0.0,0.0,195.0,1068.0,,,,,
2026-03-08,B6,N3157J,1500,DAB,BOS,1615,1612,-3.0,1909,1939,30.0,0.0,0.0,174.0,1068.0,0.0,0.0,30.0,0.0,0.0
2026-03-08,B6,N3157J,2265,BOS,RSW,2015,2035,20.0,2351,0017,26.0,0.0,0.0,216.0,1249.0,1.0,0.0,6.0,0.0,19.0
2026-03-07,B6,N3169J,1070,FLL,BOS,0700,0657,-3.0,1014,1011,-3.0,0.0,0.0,194.0,1237.0,,,,,
2026-03-07,B6,N3169J,2151,BOS,MCO,1115,1113,-2.0,1440,1409,-31.0,0.0,0.0,205.0,1121.0,,,,,
2026-03-07,B6,N3169J,452,MCO,BOS,1535,1528,-7.0,1838,1851,13.0,0.0,0.0,183.0,1121.0,,,,,
2026-03-08,B6,N3169J,1585,BOS,PIT,1002,0958,-4.0,1159,1144,-15.0,0.0,0.0,117.0,496.0,,,,,
2026-03-08,B6,N3169J,1286,PIT,BOS,1251,1247,-4.0,1428,1414,-14.0,0.0,0.0,97.0,496.0,,,,,
2026-03-07,B6,N3232J,1198,PIT,JFK,0600,0554,-6.0,0734,0709,-25.0,0.0,0.0,94.0,340.0,,,,,
2026-03-07,B6,N3232J,1273,JFK,CHS,0829,0907,38.0,1057,1121,24.0,0.0,0.0,148.0,636.0,24.0,0.0,0.0,0.0,0.0
2026-03-07,B6,N3232J,2474,CHS,JFK,1236,1224,-12.0,1430,1426,-4.0,0.0,0.0,114.0,636.0,,,,,
2026-03-08,B6,N3232J,2011,JFK,VPS,0700,0709,9.0,0908,0921,13.0,0.0,0.0,188.0,1001.0,,,,,
2026-03-08,B6,N3232J,2012,VPS,JFK,0959,0959,0.0,1337,1323,-14.0,0.0,0.0,158.0,1001.0,,,,,
2026-03-08,B6,N3232J,220,JFK,ATL,1529,1521,-8.0,1812,1742,-30.0,0.0,0.0,163.0,760.0,,,,,
2026-03-08,B6,N3232J,819,ATL,JFK,1908,2010,62.0,2127,2222,55.0,0.0,0.0,139.0,760.0,55.0,0.0,0.0,0.0,0.0
2026-03-07,B6,N3267J,1867,JFK,DAB,0735,0719,-16.0,1031,0959,-32.0,0.0,0.0,176.0,891.0,,,,,
2026-03-07,B6,N3267J,1868,DAB,JFK,1121,1110,-11.0,1351,1337,-14.0,0.0,0.0,150.0,891.0,,,,,
2026-03-07,B6,N3267J,618,JFK,BOS,1340,1434,54.0,1456,1535,39.0,0.0,0.0,76.0,187.0,1.0,0.0,0.0,0.0,38.0
2026-03-07,B6,N3267J,697,BOS,ATL,1605,1628,23.0,1908,1915,7.0,0.0,0.0,183.0,946.0,,,,,
2026-03-08,B6,N3267J,1797,ATL,FLL,0739,0738,-1.0,0935,0930,-5.0,0.0,0.0,116.0,581.0,,,,,
2026-03-08,B6,N3267J,1680,FLL,DCA,1035,1029,-6.0,1310,1307,-3.0,0.0,0.0,155.0,899.0,,,,,
2026-03-08,B6,N3267J,2254,DCA,BOS,1405,1411,6.0,1538,1547,9.0,0.0,0.0,93.0,399.0,,,,,
2026-03-08,B6,N3267J,2255,BOS,DCA,1705,1658,-7.0,1855,1837,-18.0,0.0,0.0,110.0,399.0,,,,,
2026-03-08,B6,N3267J,2854,DCA,BOS,1959,1953,-6.0,2133,2120,-13.0,0.0,0.0,94.0,399.0,,,,,
2026-03-07,B6,N3280J,677,JFK,JAX,0709,0702,-7.0,0954,0922,-32.0,0.0,0.0,165.0,829.0,,,,,
2026-03-07,B6,N3280J,1310,JAX,BOS,1045,1039,-6.0,1323,1322,-1.0,0.0,0.0,158.0,1011.0,,,,,
2026-03-07,B6,N3280J,2165,BOS,RSW,1501,1506,5.0,1839,1816,-23.0,0.0,0.0,218.0,1249.0,,,,,
2026-03-07,B6,N3280J,2266,RSW,BOS,1934,1944,10.0,2246,2321,35.0,0.0,0.0,192.0,1249.0,0.0,10.0,25.0,0.0,0.0
2026-03-08,B6,N3280J,109,BOS,JAX,0640,0635,-5.0,0948,0922,-26.0,0.0,0.0,188.0,1011.0,,,,,
2026-03-08,B6,N3280J,1310,JAX,BOS,1040,1032,-8.0,1318,1308,-10.0,0.0,0.0,158.0,1011.0,,,,,
2026-03-08,B6,N3280J,221,BOS,PBI,1419,1419,0.0,1746,1736,-10.0,0.0,0.0,207.0,1197.0,,,,,
2026-03-08,B6,N3280J,62,PBI,LGA,1844,1843,-1.0,2130,2125,-5.0,0.0,0.0,166.0,1035.0,,,,,
2026-03-07,B6,N507JT,1754,SJU,FLL,1712,1709,-3.0,1903,1855,-8.0,0.0,0.0,171.0,1046.0,,,,,
2026-03-07,B6,N507JT,572,FLL,LGA,2000,2003,3.0,2257,2302,5.0,0.0,0.0,177.0,1076.0,,,,,
2026-03-08,B6,N507JT,1471,LGA,FLL,0700,0702,2.0,1005,1003,-2.0,0.0,0.0,185.0,1076.0,,,,,
2026-03-08,B6,N507JT,2071,FLL,BQN,1210,1250,40.0,1437,1508,31.0,0.0,0.0,147.0,982.0,31.0,0.0,0.0,0.0,0.0
2026-03-08,B6,N507JT,2072,BQN,FLL,1535,1556,21.0,1816,1835,19.0,0.0,0.0,161.0,982.0,0.0,0.0,0.0,0.0,19.0
2026-03-08,B6,N507JT,2080,FLL,DCA,2000,1958,-2.0,2231,2221,-10.0,0.0,0.0,151.0,899.0,,,,,
2026-03-07,B6,N568JB,1800,FLL,ORF,0700,0650,-10.0,0914,0904,-10.0,0.0,0.0,134.0,781.0,,,,,
2026-03-07,B6,N568JB,1799,ORF,FLL,1004,1016,12.0,1224,1229,5.0,0.0,0.0,140.0,781.0,,,,,
2026-03-07,B6,N568JB,246,FLL,RIC,1400,1357,-3.0,1619,1607,-12.0,0.0,0.0,139.0,806.0,,,,,
2026-03-07,B6,N568JB,245,RIC,FLL,1715,1703,-12.0,1944,1920,-24.0,0.0,0.0,149.0,806.0,,,,,
2026-03-07,B6,N568JB,1146,FLL,RIC,2040,2032,-8.0,2257,2242,-15.0,0.0,0.0,137.0,806.0,,,,,
2026-03-08,B6,N568JB,1145,RIC,FLL,0600,0557,-3.0,0823,0809,-14.0,0.0,0.0,143.0,806.0,,,,,
2026-03-08,B6,N568JB,1070,FLL,BOS,0920,0916,-4.0,1234,1220,-14.0,0.0,0.0,194.0,1237.0,,,,,
2026-03-08,B6,N568JB,1069,BOS,FLL,1355,1353,-2.0,1728,1714,-14.0,0.0,0.0,213.0,1237.0,,,,,
2026-03-08,B6,N568JB,1453,FLL,SJU,1823,1822,-1.0,2055,2043,-12.0,0.0,0.0,152.0,1046.0,,,,,
2026-03-08,B6,N571JB,924,PBI,DCA,0900,0941,41.0,1118,1201,43.0,0.0,0.0,138.0,857.0,41.0,0.0,2.0,0.0,0.0
2026-03-08,B6,N571JB,1923,DCA,MCO,1215,1302,47.0,1442,1522,40.0,0.0,0.0,147.0,759.0,9.0,0.0,0.0,0.0,31.0
2026-03-08,B6,N571JB,494,MCO,EWR,1700,1656,-4.0,1949,1955,6.0,0.0,0.0,169.0,937.0,,,,,
2026-03-08,B6,N571JB,2389,EWR,SJU,2100,2102,2.0,0059,0050,-9.0,0.0,0.0,239.0,1608.0,,,,,
2026-03-07,B6,N618JB,968,PBI,HPN,0610,0659,49.0,0900,0950,50.0,0.0,0.0,170.0,1056.0,49.0,0.0,1.0,0.0,0.0
2026-03-07,B6,N618JB,1267,HPN,PBI,0955,1034,39.0,1253,1325,32.0,0.0,0.0,178.0,1056.0,0.0,0.0,0.0,0.0,32.0
2026-03-07,B6,N618JB,24,PBI,DCA,1438,1436,-2.0,1700,1656,-4.0,0.0,0.0,142.0,857.0,,,,,
2026-03-07,B6,N618JB,923,DCA,PBI,1755,1748,-7.0,2031,1957,-34.0,0.0,0.0,156.0,857.0,,,,,
2026-03-07,B6,N618JB,1468,PBI,HPN,1910,2056,106.0,2200,2336,96.0,0.0,0.0,170.0,1056.0,8.0,0.0,0.0,0.0,88.0
2026-03-08,B6,N618JB,667,HPN,PBI,0630,0619,-11.0,0922,0851,-31.0,0.0,0.0,172.0,1056.0,,,,,
2026-03-08,B6,N618JB,154,PBI,JFK,1017,1008,-9.0,1259,1253,-6.0,0.0,0.0,162.0,1028.0,,,,,
2026-03-07,B6,N629JB,66,RSW,BOS,0600,0553,-7.0,0909,0854,-15.0,0.0,0.0,189.0,1249.0,,,,,
2026-03-07,B6,N629JB,2321,BOS,PBI,1004,1004,0.0,1332,1301,-31.0,0.0,0.0,208.0,1197.0,,,,,
2026-03-07,B6,N629JB,2322,PBI,BOS,1450,1450,0.0,1800,1751,-9.0,0.0,0.0,190.0,1197.0,,,,,
2026-03-07,B6,N629JB,291,BOS,TPA,1959,2014,15.0,2330,2323,-7.0,0.0,0.0,211.0,1185.0,,,,,
2026-03-07,B6,N635JB,737,BDL,MCO,0600,0557,-3.0,0905,0839,-26.0,0.0,0.0,185.0,1050.0,,,,,
2026-03-07,B6,N635JB,1098,MCO,LGA,1220,1221,1.0,1458,1502,4.0,0.0,0.0,158.0,950.0,,,,,
2026-03-07,B6,N635JB,371,LGA,FLL,1555,1555,0.0,1913,1905,-8.0,0.0,0.0,198.0,1076.0,,,,,
2026-03-07,B6,N635JB,2271,FLL,AUS,2009,2005,-4.0,2159,2227,28.0,0.0,0.0,170.0,1105.0,0.0,0.0,28.0,0.0,0.0
2026-03-08,B6,N635JB,2272,AUS,FLL,0600,0642,42.0,1000,1018,18.0,0.0,0.0,180.0,1105.0,18.0,0.0,0.0,0.0,0.0
2026-03-07,B6,N656JB,438,MCO,BDL,1755,1804,9.0,2042,2056,14.0,0.0,0.0,167.0,1050.0,,,,,
2026-03-08,B6,N656JB,959,BDL,FLL,0700,0652,-8.0,1013,1001,-12.0,0.0,0.0,193.0,1173.0,,,,,
2026-03-08,B6,N656JB,706,FLL,EWR,2000,2006,6.0,2302,2257,-5.0,0.0,0.0,182.0,1065.0,,,,,
2026-03-07,B6,N708JB,488,MCO,ORH,0700,0716,16.0,0949,0953,4.0,0.0,0.0,169.0,1091.0,,,,,
2026-03-07,B6,N708JB,987,ORH,MCO,1039,1050,11.0,1349,1337,-12.0,0.0,0.0,190.0,1091.0,,,,,
2026-03-07,B6,N708JB,430,MCO,BQN,1700,1659,-1.0,2043,2101,18.0,0.0,0.0,163.0,1129.0,0.0,0.0,18.0,0.0,0.0
2026-03-08,B6,N708JB,839,BQN,JFK,0155,0151,-4.0,0556,0530,-26.0,0.0,0.0,241.0,1576.0,,,,,
2026-03-08,B6,N708JB,1485,JFK,RDU,0815,0807,-8.0,1010,0948,-22.0,0.0,0.0,115.0,427.0,,,,,
2026-03-08,B6,N708JB,1486,RDU,JFK,1100,1057,-3.0,1240,1232,-8.0,0.0,0.0,100.0,427.0,,,,,
2026-03-07,B6,N763JB,525,PVD,SJU,0730,0724,-6.0,1224,1204,-20.0,0.0,0.0,234.0,1636.0,,,,,
2026-03-07,B6,N763JB,2154,SJU,FLL,1215,1308,53.0,1404,1445,41.0,0.0,0.0,169.0,1046.0,7.0,0.0,0.0,0.0,34.0
2026-03-07,B6,N763JB,2466,FLL,BUF,1425,1553,88.0,1729,1840,71.0,0.0,0.0,184.0,1166.0,10.0,0.0,0.0,0.0,61.0
2026-03-07,B6,N763JB,2465,BUF,FLL,1825,1929,64.0,2135,2220,45.0,0.0,0.0,190.0,1166.0,0.0,0.0,0.0,0.0,45.0
2026-03-08,B6,N763JB,553,FLL,SJU,0600,0614,14.0,0828,0839,11.0,0.0,0.0,148.0,1046.0,,,,,
2026-03-08,B6,N763JB,1004,SJU,JFK,1425,1506,41.0,1833,1920,47.0,0.0,0.0,248.0,1598.0,0.0,0.0,6.0,0.0,41.0
2026-03-08,B6,N763JB,838,JFK,BQN,1945,2029,44.0,2344,0008,24.0,0.0,0.0,239.0,1576.0,8.0,0.0,0.0,0.0,16.0
2026-03-07,B6,N796JB,839,BQN,JFK,0230,0222,-8.0,0530,0455,-35.0,0.0,0.0,240.0,1576.0,,,,,
2026-03-07,B6,N796JB,519,JFK,ATL,0645,0638,-7.0,0929,0922,-7.0,0.0,0.0,164.0,760.0,,,,,
2026-03-07,B6,N796JB,1420,ATL,JFK,1020,1033,13.0,1234,1258,24.0,0.0,0.0,134.0,760.0,0.0,0.0,24.0,0.0,0.0
2026-03-07,B6,N796JB,1283,JFK,MCO,1329,1402,33.0,1633,1640,7.0,0.0,0.0,184.0,944.0,,,,,
2026-03-07,B6,N796JB,1652,MCO,BOS,1730,1741,11.0,2034,2044,10.0,0.0,0.0,184.0,1121.0,,,,,
2026-03-07,B6,N944JT,807,BOS,STT,1050,1041,-9.0,1550,1533,-17.0,0.0,0.0,240.0,1693.0,,,,,
2026-03-07,B6,N944JT,808,STT,SJU,1650,1635,-15.0,1733,1710,-23.0,0.0,0.0,43.0,68.0,,,,,
2026-03-07,B6,N944JT,808,SJU,BOS,1825,1809,-16.0,2139,2059,-40.0,0.0,0.0,254.0,1674.0,,,,,
2026-03-08,B6,N944JT,919,BOS,SAN,0710,0707,-3.0,1044,1014,-30.0,0.0,0.0,394.0,2588.0,,,,,
2026-03-08,B6,N944JT,2120,SAN,BOS,2044,1109,865.0,0500,1922,862.0,0.0,0.0,316.0,2588.0,0.0,862.0,0.0,0.0,0.0
2026-03-07,B6,N970JB,1083,JFK,MCO,2030,2039,9.0,2339,2336,-3.0,0.0,0.0,189.0,944.0,,,,,
2026-03-08,B6,N970JB,1184,MCO,JFK,0600,0700,60.0,0838,0952,74.0,0.0,0.0,158.0,944.0,60.0,0.0,14.0,0.0,0.0
2026-03-07,B6,N977JE,300,LAX,FLL,0800,0758,-2.0,1548,1609,21.0,0.0,0.0,288.0,2343.0,0.0,0.0,21.0,0.0,0.0
2026-03-07,B6,N977JE,101,FLL,LAX,1700,1711,11.0,1959,1956,-3.0,0.0,0.0,359.0,2343.0,,,,,
2026-03-07,B6,N977JE,200,LAX,FLL,2110,2105,-5.0,0553,0618,25.0,0.0,0.0,283.0,2343.0,0.0,0.0,25.0,0.0,0.0
2026-03-08,B6,N977JE,857,FLL,PHX,0750,0741,-9.0,1005,0937,-28.0,0.0,0.0,315.0,1972.0,,,,,
2026-03-08,B6,N977JE,858,PHX,FLL,1116,1102,-14.0,1825,1818,-7.0,0.0,0.0,249.0,1972.0,,,,,
2026-03-08,B6,N977JE,2857,FLL,PHX,1935,1943,8.0,2149,2151,2.0,0.0,0.0,314.0,1972.0,,,,,
2026-03-08,B6,N977JE,36,PHX,JFK,2259,2322,23.0,0622,0642,20.0,0.0,0.0,263.0,2153.0,0.0,20.0,0.0,0.0,0.0
2026-03-07,B6,N989JT,577,FLL,SFO,0700,0711,11.0,1033,1019,-14.0,0.0,0.0,393.0,2584.0,,,,,
2026-03-07,B6,N989JT,2116,SFO,JFK,1245,1238,-7.0,2116,2129,13.0,0.0,0.0,331.0,2586.0,,,,,
2026-03-08,B6,N989JT,15,JFK,SFO,0730,0749,19.0,1128,1056,-32.0,0.0,0.0,418.0,2586.0,,,,,
2026-03-08,B6,N989JT,616,SFO,JFK,1407,1901,294.0,2237,0306,269.0,0.0,0.0,330.0,2586.0,269.0,0.0,0.0,0.0,0.0
2026-03-07,B6,N992JB,816,SFO,JFK,0655,0652,-3.0,1522,1602,40.0,0.0,0.0,327.0,2586.0,0.0,0.0,40.0,0.0,0.0
2026-03-07,B6,N999JQ,883,JFK,MCO,0929,0923,-6.0,1238,1214,-24.0,0.0,0.0,189.0,944.0,,,,,
2026-03-07,B6,N999JQ,2133,MCO,SJU,1355,1400,5.0,1748,1756,8.0,0.0,0.0,173.0,1188.0,,,,,
2026-03-07,B6,N999JQ,1348,SJU,DCA,1859,1902,3.0,2159,2143,-16.0,0.0,0.0,240.0,1554.0,,,,,
2026-03-08,B6,N999JQ,1347,DCA,SJU,0800,0754,-6.0,1142,1121,-21.0,0.0,0.0,222.0,1554.0,,,,,
2026-03-08,B6,N999JQ,1462,SJU,BOS,1325,1319,-6.0,1738,1717,-21.0,0.0,0.0,253.0,1674.0,,,,,
2026-03-08,B6,N999JQ,369,BOS,FLL,1925,1913,-12.0,2257,2245,-12.0,0.0,0.0,212.0,1237.0,,,,,
2026-03-07,DL,N103DY,2296,DTW,FLL,2040,2216,96.0,2346,0119,93.0,0.0,0.0,186.0,1127.0,93.0,0.0,0.0,0.0,0.0
2026-03-08,DL,N103DY,555,FLL,BOS,0705,0705,0.0,1019,1014,-5.0,0.0,0.0,194.0,1237.0,,,,,
2026-03-08,DL,N103DY,1570,BOS,MCO,1125,1125,0.0,1447,1447,0.0,0.0,0.0,202.0,1121.0,,,,,
2026-03-08,DL,N103DY,1533,MCO,LGA,1555,1639,44.0,1841,2019,98.0,0.0,0.0,166.0,950.0,44.0,0.0,54.0,0.0,0.0
2026-03-08,DL,N103DY,2382,LGA,MIA,1955,2155,120.0,2318,0101,103.0,0.0,0.0,203.0,1096.0,27.0,0.0,0.0,0.0,76.0
2026-03-08,DL,N109DU,2502,SLC,IAH,0745,0739,-6.0,1150,1259,69.0,0.0,0.0,185.0,1195.0,0.0,0.0,69.0,0.0,0.0
2026-03-07,DL,N113DX,2439,BNA,DTW,0600,0559,-1.0,0853,0830,-23.0,0.0,0.0,113.0,456.0,,,,,
2026-03-07,DL,N113DX,2589,DTW,LGA,1000,1005,5.0,1202,1151,-11.0,0.0,0.0,122.0,502.0,,,,,
2026-03-07,DL,N113DX,1122,LGA,DTW,1301,1256,-5.0,1507,1439,-28.0,0.0,0.0,126.0,502.0,,,,,
2026-03-07,DL,N113DX,369,DTW,SAN,1615,1615,0.0,1816,1736,-40.0,0.0,0.0,361.0,1956.0,,,,,
2026-03-07,DL,N113DX,764,SAN,DTW,2205,2205,0.0,0629,0646,17.0,0.0,0.0,264.0,1956.0,0.0,0.0,17.0,0.0,0.0
2026-03-08,DL,N113DX,1113,DTW,DEN,0825,0823,-2.0,0943,0922,-21.0,0.0,0.0,198.0,1123.0,,,,,
2026-03-08,DL,N113DX,1568,DEN,MSP,1050,1106,16.0,1350,1354,4.0,0.0,0.0,120.0,680.0,,,,,
2026-03-08,DL,N113DX,2284,MSP,PHX,1457,1500,3.0,1624,1609,-15.0,0.0,0.0,207.0,1276.0,,,,,
2026-03-08,DL,N113DX,2284,PHX,MSP,1731,1719,-12.0,2237,2223,-14.0,0.0,0.0,186.0,1276.0,,,,,
2026-03-07,DL,N123DQ,1291,DFW,SLC,0810,0852,42.0,1015,1038,23.0,0.0,0.0,185.0,989.0,0.0,23.0,0.0,0.0,0.0
2026-03-07,DL,N123DQ,1254,SLC,SJC,1115,1128,13.0,1216,1208,-8.0,0.0,0.0,121.0,584.0,,,,,
2026-03-07,DL,N123DQ,1254,SJC,SLC,1320,1308,-12.0,1619,1603,-16.0,0.0,0.0,119.0,584.0,,,,,
2026-03-07,DL,N123DQ,1304,SLC,SNA,2055,2050,-5.0,2157,2129,-28.0,0.0,0.0,122.0,588.0,,,,,
2026-03-08,DL,N123DQ,1185,SNA,SLC,0805,0803,-2.0,1103,1114,11.0,0.0,0.0,118.0,588.0,,,,,
2026-03-08,DL,N123DQ,2445,SLC,IAH,1320,1317,-3.0,1719,1727,8.0,0.0,0.0,179.0,1195.0,,,,,
2026-03-08,DL,N123DQ,2617,IAH,MSP,1809,1823,14.0,2100,2102,2.0,0.0,0.0,171.0,1034.0,,,,,
2026-03-07,DL,N140DU,2156,SJC,MSP,0620,0608,-12.0,1203,1213,10.0,0.0,0.0,223.0,1575.0,,,,,
2026-03-07,DL,N140DU,2756,MSP,LGA,1305,1310,5.0,1647,1701,14.0,0.0,0.0,162.0,1020.0,,,,,
2026-03-08,DL,N140DU,2140,LGA,IAH,0600,0554,-6.0,0910,0933,23.0,0.0,0.0,250.0,1416.0,0.0,0.0,23.0,0.0,0.0
2026-03-08,DL,N140DU,2930,IAH,LGA,1805,1809,4.0,2229,2231,2.0,0.0,0.0,204.0,1416.0,,,,,
2026-03-07,DL,N171DN,1062,MSP,ATL,0515,,,0900,,,1.0,0.0,165.0,907.0,,,,,
2026-03-07,DL,N171DN,549,ATL,LAS,1100,1150,50.0,1235,1359,84.0,0.0,0.0,275.0,1747.0,0.0,0.0,84.0,0.0,0.0
2026-03-07,DL,N171DN,545,LAS,ATL,1440,1505,25.0,2140,2158,18.0,0.0,0.0,240.0,1747.0,0.0,0.0,0.0,0.0,18.0
2026-03-08,DL,N171DN,531,ATL,SFO,1045,1045,0.0,1306,1228,-38.0,0.0,0.0,321.0,2139.0,,,,,
2026-03-08,DL,N171DN,669,SFO,JFK,1425,1423,-2.0,2254,2238,-16.0,0.0,0.0,329.0,2586.0,,,,,
2026-03-07,DL,N308DU,1469,MSP,CVG,1945,2005,20.0,2233,2312,39.0,0.0,0.0,108.0,596.0,39.0,0.0,0.0,0.0,0.0
2026-03-08,DL,N308DU,2752,CVG,MSP,0600,0550,-10.0,0705,0647,-18.0,0.0,0.0,125.0,596.0,,,,,
2026-03-08,DL,N308DU,2773,MSP,SAT,1844,2102,138.0,2147,2353,126.0,0.0,0.0,183.0,1097.0,126.0,0.0,0.0,0.0,0.0
2026-03-07,DL,N320DN,401,DFW,ATL,0522,,,0834,,,1.0,0.0,132.0,731.0,,,,,
2026-03-07,DL,N320DN,1527,ATL,PBI,0957,1050,53.0,1150,1251,61.0,0.0,0.0,113.0,545.0,0.0,53.0,8.0,0.0,0.0
2026-03-07,DL,N320DN,1527,PBI,ATL,1255,1353,58.0,1453,1538,45.0,0.0,0.0,118.0,545.0,0.0,0.0,0.0,0.0,45.0
2026-03-07,DL,N320DN,436,ATL,DFW,1600,1646,46.0,1725,1828,63.0,0.0,0.0,145.0,731.0,3.0,0.0,17.0,0.0,43.0
2026-03-07,DL,N320DN,436,DFW,ATL,1835,1957,82.0,2149,2255,66.0,0.0,0.0,134.0,731.0,0.0,19.0,0.0,0.0,47.0
2026-03-08,DL,N320DN,1311,ATL,PBI,0810,1015,125.0,1002,1209,127.0,0.0,0.0,112.0,545.0,125.0,0.0,2.0,0.0,0.0
2026-03-08,DL,N320DN,1311,PBI,ATL,1109,1321,132.0,1308,1508,120.0,0.0,0.0,119.0,545.0,6.0,0.0,0.0,0.0,114.0
2026-03-08,DL,N320DN,1386,ATL,MIA,1520,1615,55.0,1721,1819,58.0,0.0,0.0,121.0,594.0,2.0,0.0,3.0,0.0,53.0
2026-03-08,DL,N320DN,1386,MIA,ATL,1827,1924,57.0,2049,2125,36.0,0.0,0.0,142.0,594.0,0.0,0.0,0.0,0.0,36.0
2026-03-08,DL,N320DN,2860,ATL,SAV,2256,2301,5.0,2359,2359,0.0,0.0,0.0,63.0,215.0,,,,,
2026-03-08,DL,N331NB,1137,ATL,ALB,0955,0949,-6.0,1212,1206,-6.0,0.0,0.0,137.0,853.0,,,,,
2026-03-08,DL,N331NB,1137,ALB,ATL,1312,1309,-3.0,1558,1546,-12.0,0.0,0.0,166.0,853.0,,,,,
2026-03-07,DL,N355NW,2473,LGA,MSP,0755,0802,7.0,1015,1011,-4.0,0.0,0.0,200.0,1020.0,,,,,
2026-03-07,DL,N355NW,2437,MSP,GEG,1159,1155,-4.0,1308,1254,-14.0,0.0,0.0,189.0,1175.0,,,,,
2026-03-07,DL,N355NW,2437,GEG,MSP,1405,1356,-9.0,1901,1833,-28.0,0.0,0.0,176.0,1175.0,,,,,
2026-03-07,DL,N3767,966,CVG,SEA,0635,0630,-5.0,0840,0834,-6.0,0.0,0.0,305.0,1965.0,,,,,
2026-03-08,DL,N3767,2419,SEA,PHX,0855,0847,-8.0,1151,1131,-20.0,0.0,0.0,176.0,1107.0,,,,,
2026-03-08,DL,N3767,2419,PHX,SEA,1255,1249,-6.0,1604,1554,-10.0,0.0,0.0,189.0,1107.0,,,,,
2026-03-08,DL,N3767,815,SEA,BNA,1735,1730,-5.0,2351,2324,-27.0,0.0,0.0,256.0,1978.0,,,,,
2026-03-07,DL,N380DA,1095,SLC,LAX,0925,0924,-1.0,1036,1034,-2.0,0.0,0.0,131.0,590.0,,,,,
2026-03-07,DL,N380DA,2606,LAX,SEA,1145,1139,-6.0,1444,1419,-25.0,0.0,0.0,179.0,954.0,,,,,
2026-03-07,DL,N380DA,2861,SEA,LAX,1750,1747,-3.0,2033,2013,-20.0,0.0,0.0,163.0,954.0,,,,,
2026-03-08,DL,N380DA,946,LAX,AUS,0720,0709,-11.0,1214,1220,6.0,0.0,0.0,174.0,1242.0,,,,,
2026-03-08,DL,N380DA,946,AUS,LAX,1310,1309,-1.0,1439,1414,-25.0,0.0,0.0,209.0,1242.0,,,,,
2026-03-08,DL,N380DA,2154,LAX,MSY,1835,1851,16.0,2356,0017,21.0,0.0,0.0,201.0,1671.0,16.0,0.0,5.0,0.0,0.0
2026-03-07,DL,N387DN,1511,LGA,MCO,0712,0704,-8.0,1020,0940,-40.0,0.0,0.0,188.0,950.0,,,,,
2026-03-07,DL,N387DN,676,MCO,BOS,1125,1154,29.0,1421,1448,27.0,0.0,0.0,176.0,1121.0,27.0,0.0,0.0,0.0,0.0
2026-03-07,DL,N387DN,2887,BOS,MCO,1526,1602,36.0,1852,1932,40.0,0.0,0.0,206.0,1121.0,9.0,0.0,4.0,0.0,27.0
2026-03-08,DL,N387DN,1573,MCO,LGA,0840,1058,138.0,1123,1313,110.0,0.0,0.0,163.0,950.0,110.0,0.0,0.0,0.0,0.0
2026-03-08,DL,N387DN,1077,LGA,FLL,1305,1538,153.0,1614,1829,135.0,0.0,0.0,189.0,1076.0,71.0,0.0,0.0,0.0,64.0
2026-03-08,DL,N387DN,1077,FLL,LGA,1755,1939,104.0,2101,2221,80.0,0.0,0.0,186.0,1076.0,0.0,0.0,0.0,0.0,80.0
2026-03-07,DL,N397DA,2838,CLE,ATL,0810,0823,13.0,1017,0957,-20.0,0.0,0.0,127.0,554.0,,,,,
2026-03-08,DL,N397DA,787,ATL,GEG,0948,0943,-5.0,1137,1145,8.0,0.0,0.0,289.0,1969.0,,,,,
2026-03-08,DL,N397DA,787,GEG,ATL,1235,1239,4.0,1959,1940,-19.0,0.0,0.0,264.0,1969.0,,,,,
2026-03-08,DL,N397DA,1339,ATL,CLE,2059,2056,-3.0,2240,2239,-1.0,0.0,0.0,101.0,554.0,,,,,
2026-03-07,DL,N531DA,798,JFK,PHX,1845,1833,-12.0,2241,2204,-37.0,0.0,0.0,356.0,2153.0,,,,,
2026-03-08,DL,N531DA,546,PHX,JFK,0610,0610,0.0,1358,1410,12.0,0.0,0.0,288.0,2153.0,,,,,
2026-03-07,DL,N596NW,2777,DTW,ATL,0850,1039,109.0,1108,1225,77.0,0.0,0.0,138.0,594.0,77.0,0.0,0.0,0.0,0.0
2026-03-07,DL,N596NW,1576,ATL,MCO,1230,1356,86.0,1355,1526,91.0,0.0,0.0,85.0,404.0,11.0,0.0,5.0,0.0,75.0
2026-03-07,DL,N596NW,1576,MCO,ATL,1515,1636,81.0,1652,1810,78.0,0.0,0.0,97.0,404.0,0.0,0.0,0.0,0.0,78.0
2026-03-07,DL,N596NW,1232,ATL,DTW,1943,2117,94.0,2143,2304,81.0,0.0,0.0,120.0,594.0,81.0,0.0,0.0,0.0,0.0
2026-03-08,DL,N596NW,2556,DTW,RSW,0700,0657,-3.0,0955,0950,-5.0,0.0,0.0,175.0,1084.0,,,,,
2026-03-08,DL,N596NW,770,RSW,MSP,1120,1115,-5.0,1403,1340,-23.0,0.0,0.0,223.0,1416.0,,,,,
2026-03-08,DL,N596NW,308,MSP,RSW,1528,1523,-5.0,1951,1930,-21.0,0.0,0.0,203.0,1416.0,,,,,
2026-03-08,DL,N596NW,308,RSW,MSP,2116,2107,-9.0,2356,2335,-21.0,0.0,0.0,220.0,1416.0,,,,,
2026-03-07,DL,N599DA,305,JFK,FLL,1120,1324,124.0,1431,1558,87.0,0.0,0.0,191.0,1069.0,87.0,0.0,0.0,0.0,0.0
2026-03-07,DL,N599DA,305,FLL,JFK,1541,1740,119.0,1844,2051,127.0,0.0,0.0,183.0,1069.0,47.0,0.0,8.0,0.0,72.0
2026-03-07,DL,N599DA,1414,JFK,FLL,1955,2144,109.0,2312,0053,101.0,0.0,0.0,197.0,1069.0,25.0,0.0,0.0,0.0,76.0
2026-03-08,DL,N599DA,1327,FLL,JFK,0905,0859,-6.0,1159,1149,-10.0,0.0,0.0,174.0,1069.0,,,,,
2026-03-08,DL,N599DA,2003,JFK,MIA,1310,1453,103.0,1630,1847,137.0,0.0,0.0,200.0,1089.0,103.0,0.0,34.0,0.0,0.0
2026-03-08,DL,N599DA,2003,MIA,JFK,1740,1954,134.0,2057,2246,109.0,0.0,0.0,197.0,1089.0,0.0,0.0,0.0,0.0,109.0
2026-03-07,DL,N718TW,392,LAX,DCA,0743,0741,-2.0,1533,1542,9.0,0.0,0.0,290.0,2311.0,,,,,
2026-03-07,DL,N718TW,779,DCA,SEA,1644,1651,7.0,1943,1944,1.0,0.0,0.0,359.0,2329.0,,,,,
2026-03-08,DL,N718TW,884,SEA,DCA,0725,0724,-1.0,1522,1459,-23.0,0.0,0.0,297.0,2329.0,,,,,
2026-03-08,DL,N718TW,786,DCA,SEA,1640,1636,-4.0,1932,1937,5.0,0.0,0.0,352.0,2329.0,,,,,
2026-03-07,DL,N721TW,845,ATL,EGE,0910,1008,58.0,1050,1135,45.0,0.0,0.0,220.0,1312.0,0.0,0.0,45.0,0.0,0.0
2026-03-07,DL,N721TW,845,EGE,ATL,1155,1241,46.0,1704,1809,65.0,0.0,0.0,189.0,1312.0,1.0,0.0,19.0,0.0,45.0
2026-03-08,DL,N721TW,2420,ATL,JFK,0746,0747,1.0,1000,1002,2.0,0.0,0.0,134.0,760.0,,,,,
2026-03-08,DL,N721TW,363,JFK,SFO,1115,1127,12.0,1446,1458,12.0,0.0,0.0,391.0,2586.0,,,,,
2026-03-08,DL,N721TW,363,SFO,JFK,1605,1612,7.0,0036,0026,-10.0,0.0,0.0,331.0,2586.0,,,,,
2026-03-07,DL,N803DN,933,ATL,SLC,0910,1026,76.0,1133,1247,74.0,0.0,0.0,263.0,1590.0,74.0,0.0,0.0,0.0,0.0
2026-03-08,DL,N803DN,1252,SLC,SAN,1740,1742,2.0,1835,1818,-17.0,0.0,0.0,115.0,626.0,,,,,
2026-03-07,DL,N842MH,531,ATL,SFO,1025,1025,0.0,1250,1252,2.0,0.0,0.0,325.0,2139.0,,,,,
2026-03-07,DL,N842MH,531,SFO,ATL,1405,1426,21.0,2150,2252,62.0,0.0,0.0,285.0,2139.0,14.0,0.0,41.0,0.0,7.0
2026-03-08,DL,N842MH,348,ATL,PHX,0805,0800,-5.0,0920,0852,-28.0,0.0,0.0,255.0,1587.0,,,,,
2026-03-08,DL,N842MH,348,PHX,ATL,1035,1054,19.0,1700,1708,8.0,0.0,0.0,205.0,1587.0,,,,,
2026-03-07,DL,N861DN,772,SFO,DTW,0545,0542,-3.0,1316,1322,6.0,0.0,0.0,271.0,2079.0,,,,,
2026-03-07,DL,N861DN,1678,CHS,ATL,0830,,,0955,,,1.0,0.0,85.0,259.0,,,,,
2026-03-07,DL,N861DN,1044,DTW,PBI,1446,,,1751,,,1.0,0.0,185.0,1086.0,,,,,
2026-03-07,DL,N861DN,1044,PBI,DTW,1901,,,2202,,,1.0,0.0,181.0,1086.0,,,,,
2026-03-08,DL,N861DN,2117,DTW,SLC,2018,2054,36.0,2215,2302,47.0,0.0,0.0,237.0,1481.0,36.0,0.0,11.0,0.0,0.0
2026-03-07,DL,N894DN,505,FLL,BOS,0700,0656,-4.0,1010,1001,-9.0,0.0,0.0,190.0,1237.0,,,,,
2026-03-07,DL,N894DN,1864,BOS,SJU,1010,1056,46.0,1513,1547,34.0,0.0,0.0,243.0,1674.0,34.0,0.0,0.0,0.0,0.0
2026-03-07,DL,N894DN,1864,SJU,BOS,1630,1651,21.0,1953,1945,-8.0,0.0,0.0,263.0,1674.0,,,,,
2026-03-07,DL,N947DZ,1383,PIT,ATL,0709,,,0915,,,1.0,0.0,126.0,526.0,,,,,
2026-03-07,DL,N947DZ,2121,ATL,MCI,1039,1438,239.0,1151,1551,240.0,0.0,0.0,132.0,692.0,239.0,0.0,1.0,0.0,0.0
2026-03-07,DL,N947DZ,2121,MCI,ATL,1300,1647,227.0,1600,1946,226.0,0.0,0.0,120.0,692.0,0.0,0.0,0.0,0.0,226.0
2026-03-08,DL,N947DZ,2052,ATL,RDU,1015,1014,-1.0,1139,1143,4.0,0.0,0.0,84.0,356.0,,,,,
2026-03-08,DL,N947DZ,2052,RDU,ATL,1245,1256,11.0,1416,1412,-4.0,0.0,0.0,91.0,356.0,,,,,
2026-03-08,DL,N947DZ,1008,ATL,CVG,1530,1535,5.0,1649,1653,4.0,0.0,0.0,79.0,373.0,,,,,
2026-03-08,DL,N947DZ,1008,CVG,ATL,1755,1755,0.0,1923,1917,-6.0,0.0,0.0,88.0,373.0,,,,,
2026-03-08,DL,N947DZ,2747,ATL,MCI,1850,2025,95.0,1956,2125,89.0,0.0,0.0,126.0,692.0,3.0,0.0,86.0,0.0,0.0
2026-03-08,DL,N982AT,1248,ATL,MDT,1050,,,1239,,,1.0,0.0,109.0,620.0,,,,,
2026-03-08,DL,N982AT,1248,MDT,ATL,1324,,,1532,,,1.0,0.0,128.0,620.0,,,,,
2026-03-08,DL,N982AT,3017,ATL,GSO,1759,2016,137.0,1911,2125,134.0,0.0,0.0,72.0,306.0,134.0,0.0,0.0,0.0,0.0
2026-03-08,DL,N982AT,1604,GSO,ATL,1957,2214,137.0,2133,2346,133.0,0.0,0.0,96.0,306.0,3.0,0.0,0.0,0.0,130.0
2026-03-07,F9,N233FR,1823,SJU,MCO,0358,0345,-13.0,0610,0549,-21.0,0.0,0.0,192.0,1188.0,,,,,
2026-03-07,F9,N233FR,2250,MCO,SJU,0645,0640,-5.0,1039,1030,-9.0,0.0,0.0,174.0,1188.0,,,,,
2026-03-07,F9,N233FR,2249,SJU,MCO,1134,1123,-11.0,1354,1336,-18.0,0.0,0.0,200.0,1188.0,,,,,
2026-03-07,F9,N233FR,2290,MCO,SYR,1429,1429,0.0,1731,1737,6.0,0.0,0.0,182.0,1053.0,,,,,
2026-03-07,F9,N233FR,4735,SYR,MCO,1816,1832,16.0,2125,2129,4.0,0.0,0.0,189.0,1053.0,,,,,
2026-03-08,F9,N233FR,3262,MCO,BUF,0600,0736,96.0,0849,1022,93.0,0.0,0.0,169.0,1011.0,93.0,0.0,0.0,0.0,0.0
2026-03-08,F9,N233FR,1691,BUF,MCO,0934,1059,85.0,1233,1352,79.0,0.0,0.0,179.0,1011.0,0.0,0.0,0.0,0.0,79.0
2026-03-08,F9,N233FR,4661,MCO,PNS,1328,1445,77.0,1408,1550,102.0,0.0,0.0,100.0,381.0,0.0,0.0,25.0,0.0,77.0
2026-03-08,F9,N233FR,4662,PNS,MCO,1453,1638,105.0,1728,1906,98.0,0.0,0.0,95.0,381.0,0.0,0.0,0.0,0.0,98.0
2026-03-08,F9,N233FR,3664,MCO,BWI,1830,1957,87.0,2058,2226,88.0,0.0,0.0,148.0,787.0,0.0,0.0,1.0,0.0,87.0
2026-03-08,F9,N233FR,4613,BWI,FLL,2143,2314,91.0,0029,0143,74.0,0.0,0.0,166.0,925.0,0.0,0.0,0.0,0.0,74.0
2026-03-07,F9,N305FR,1543,RSW,CLE,0600,0705,65.0,0853,0951,58.0,0.0,0.0,173.0,1025.0,58.0,0.0,0.0,0.0,0.0
2026-03-07,F9,N305FR,3231,CLE,LAS,1005,1033,28.0,1206,1225,19.0,0.0,0.0,301.0,1824.0,0.0,0.0,0.0,0.0,19.0
2026-03-07,F9,N305FR,3625,LAS,RNO,1330,1331,1.0,1459,1506,7.0,0.0,0.0,89.0,345.0,,,,,
2026-03-07,F9,N305FR,3626,RNO,LAS,1544,1554,10.0,1707,1732,25.0,0.0,0.0,83.0,345.0,3.0,0.0,15.0,0.0,7.0
2026-03-08,F9,N305FR,4632,LAS,AUS,0800,0751,-9.0,1245,1247,2.0,0.0,0.0,165.0,1090.0,,,,,
2026-03-08,F9,N305FR,3645,AUS,LAS,1339,1339,0.0,1448,1430,-18.0,0.0,0.0,189.0,1090.0,,,,,
2026-03-08,F9,N305FR,3646,LAS,AUS,1607,1600,-7.0,2055,2048,-7.0,0.0,0.0,168.0,1090.0,,,,,
2026-03-08,F9,N305FR,4683,AUS,LAS,2140,2145,5.0,2249,2238,-11.0,0.0,0.0,189.0,1090.0,,,,,
2026-03-08,F9,N305FR,3412,LAS,CVG,2308,2335,27.0,0550,0626,36.0,0.0,0.0,222.0,1678.0,2.0,0.0,9.0,0.0,25.0
2026-03-07,F9,N313FR,4812,MCO,IAD,0505,0532,27.0,0724,0733,9.0,0.0,0.0,139.0,758.0,,,,,
2026-03-07,F9,N313FR,2859,IAD,MCO,0809,0813,4.0,1039,1019,-20.0,0.0,0.0,150.0,758.0,,,,,
2026-03-07,F9,N313FR,2742,MCO,TTN,1139,1132,-7.0,1419,1414,-5.0,0.0,0.0,160.0,896.0,,,,,
2026-03-07,F9,N313FR,2593,TTN,MCO,1504,1459,-5.0,1755,1735,-20.0,0.0,0.0,171.0,896.0,,,,,
2026-03-07,F9,N313FR,1241,MCO,ATL,1937,1935,-2.0,2135,2201,26.0,0.0,0.0,118.0,404.0,0.0,0.0,26.0,0.0,0.0
2026-03-07,F9,N313FR,4026,ATL,MCO,2245,2345,60.0,0019,0113,54.0,0.0,0.0,94.0,404.0,43.0,0.0,0.0,0.0,11.0
2026-03-08,F9,N313FR,1915,MCO,CLE,0501,0457,-4.0,0742,0723,-19.0,0.0,0.0,161.0,895.0,,,,,
2026-03-08,F9,N313FR,2668,CLE,MCO,0837,0823,-14.0,1117,1049,-28.0,0.0,0.0,160.0,895.0,,,,,
2026-03-08,F9,N313FR,2506,MCO,PHL,1212,1215,3.0,1452,1534,42.0,0.0,0.0,160.0,862.0,3.0,0.0,39.0,0.0,0.0
2026-03-08,F9,N313FR,4173,PHL,MCO,1547,1624,37.0,1837,1924,47.0,0.0,0.0,170.0,862.0,0.0,0.0,10.0,0.0,37.0
2026-03-08,F9,N313FR,3311,MCO,DEN,2039,2032,-7.0,2309,2249,-20.0,0.0,0.0,270.0,1547.0,,,,,
2026-03-07,F9,N330FR,1417,MCO,IAH,0530,0527,-3.0,0729,0703,-26.0,0.0,0.0,179.0,854.0,,,,,
2026-03-07,F9,N330FR,1418,IAH,MCO,0824,0812,-12.0,1155,1131,-24.0,0.0,0.0,151.0,854.0,,,,,
2026-03-07,F9,N330FR,2519,MCO,DEN,1208,1245,37.0,1441,1455,14.0,0.0,0.0,273.0,1547.0,,,,,
2026-03-07,F9,N330FR,4920,DEN,MCO,1541,1601,20.0,2123,2131,8.0,0.0,0.0,222.0,1547.0,,,,,
2026-03-07,F9,N330FR,4726,MCO,SJU,2310,2304,-6.0,0258,0303,5.0,0.0,0.0,168.0,1188.0,,,,,
2026-03-08,F9,N330FR,1823,SJU,MCO,0353,0352,-1.0,0705,0700,-5.0,0.0,0.0,192.0,1188.0,,,,,
2026-03-08,F9,N330FR,4872,MCO,JFK,0930,0918,-12.0,1216,1212,-4.0,0.0,0.0,166.0,944.0,,,,,
2026-03-08,F9,N330FR,4871,JFK,MCO,1311,1301,-10.0,1622,1603,-19.0,0.0,0.0,191.0,944.0,,,,,
2026-03-08,F9,N330FR,2713,MCO,DTW,1707,1718,11.0,2006,2055,49.0,0.0,0.0,179.0,957.0,11.0,0.0,38.0,0.0,0.0
2026-03-08,F9,N330FR,2714,DTW,MCO,2051,2137,46.0,2339,0005,26.0,0.0,0.0,168.0,957.0,0.0,0.0,0.0,0.0,26.0
2026-03-07,F9,N348FR,1376,PHX,DEN,0750,0748,-2.0,0944,1028,44.0,0.0,0.0,114.0,602.0,0.0,0.0,44.0,0.0,0.0
2026-03-07,F9,N348FR,1747,DEN,PHX,1037,1134,57.0,1252,1336,44.0,0.0,0.0,135.0,602.0,0.0,8.0,0.0,0.0,36.0
2026-03-07,F9,N348FR,2420,PHX,MDW,1824,1838,14.0,2241,2256,15.0,0.0,0.0,197.0,1444.0,14.0,0.0,1.0,0.0,0.0
2026-03-08,F9,N348FR,2292,MDW,ATL,0605,0600,-5.0,0931,0948,17.0,0.0,0.0,146.0,591.0,0.0,0.0,17.0,0.0,0.0
2026-03-08,F9,N348FR,4075,ATL,IAH,2115,2112,-3.0,2256,2236,-20.0,0.0,0.0,161.0,689.0,,,,,
2026-03-07,F9,N350FR,3930,DEN,PNS,1430,1424,-6.0,1818,1834,16.0,0.0,0.0,168.0,1179.0,0.0,0.0,16.0,0.0,0.0
2026-03-07,F9,N350FR,2443,PNS,DEN,1913,1914,1.0,2135,2150,15.0,0.0,0.0,202.0,1179.0,0.0,0.0,14.0,0.0,1.0
2026-03-07,F9,N350FR,4989,DEN,SAN,2229,2251,22.0,0008,2353,-15.0,0.0,0.0,159.0,853.0,,,,,
2026-03-08,F9,N350FR,2818,SAN,DEN,0625,0624,-1.0,1000,1007,7.0,0.0,0.0,155.0,853.0,,,,,
2026-03-08,F9,N350FR,2360,DEN,MSY,1100,1052,-8.0,1441,1423,-18.0,0.0,0.0,161.0,1062.0,,,,,
2026-03-08,F9,N350FR,4561,MSY,DEN,1536,1543,7.0,1746,1734,-12.0,0.0,0.0,190.0,1062.0,,,,,
2026-03-08,F9,N350FR,2817,DEN,SAN,1852,1848,-4.0,2033,1959,-34.0,0.0,0.0,161.0,853.0,,,,,
2026-03-08,F9,N350FR,4990,SAN,DEN,2118,2110,-8.0,0047,0047,0.0,0.0,0.0,149.0,853.0,,,,,
2026-03-07,F9,N364FR,1719,PHX,SNA,0730,0724,-6.0,0755,0743,-12.0,0.0,0.0,85.0,338.0,,,,,
2026-03-07,F9,N364FR,4592,SNA,PHX,0850,0837,-13.0,1113,1058,-15.0,0.0,0.0,83.0,338.0,,,,,
2026-03-07,F9,N364FR,2526,PHX,SLC,1230,1222,-8.0,1412,1359,-13.0,0.0,0.0,102.0,507.0,,,,,
2026-03-07,F9,N364FR,4949,SLC,PHX,1507,1454,-13.0,1703,1628,-35.0,0.0,0.0,116.0,507.0,,,,,
2026-03-07,F9,N364FR,3605,PHX,LAX,1807,1804,-3.0,1840,1824,-16.0,0.0,0.0,93.0,370.0,,,,,
2026-03-07,F9,N364FR,3606,LAX,PHX,1935,1921,-14.0,2211,2152,-19.0,0.0,0.0,96.0,370.0,,,,,
2026-03-08,F9,N364FR,3983,PHX,LAS,0655,0647,-8.0,0810,0750,-20.0,0.0,0.0,75.0,255.0,,,,,
2026-03-08,F9,N364FR,1020,LAS,PHX,0910,0904,-6.0,1033,1029,-4.0,0.0,0.0,83.0,255.0,,,,,
2026-03-08,F9,N364FR,1019,PHX,LAS,1133,1126,-7.0,1252,1233,-19.0,0.0,0.0,79.0,255.0,,,,,
2026-03-08,F9,N364FR,4114,LAS,PHX,1352,1347,-5.0,1518,1458,-20.0,0.0,0.0,86.0,255.0,,,,,
2026-03-08,F9,N364FR,2524,PHX,SLC,1629,1640,11.0,1918,1916,-2.0,0.0,0.0,109.0,507.0,,,,,
2026-03-08,F9,N364FR,3393,SLC,SFO,2013,2125,72.0,2140,2231,51.0,0.0,0.0,147.0,599.0,51.0,0.0,0.0,0.0,0.0
2026-03-08,F9,N364FR,1192,SFO,PHX,2235,2329,54.0,0043,0133,50.0,0.0,0.0,128.0,651.0,9.0,0.0,0.0,0.0,41.0
2026-03-07,F9,N365FR,1565,MCO,CVG,0501,0452,-9.0,0723,0709,-14.0,0.0,0.0,142.0,757.0,,,,,
2026-03-07,F9,N365FR,2826,CVG,RSW,1722,1822,60.0,1951,2131,100.0,0.0,0.0,149.0,879.0,60.0,0.0,40.0,0.0,0.0
2026-03-07,F9,N365FR,2019,RSW,CVG,2046,2242,116.0,2323,0119,116.0,0.0,0.0,157.0,879.0,0.0,0.0,26.0,0.0,90.0
2026-03-08,F9,N365FR,1444,CVG,MIA,0515,0524,9.0,0804,0841,37.0,0.0,0.0,169.0,948.0,9.0,0.0,28.0,0.0,0.0
2026-03-08,F9,N365FR,1963,MIA,CVG,0914,0930,16.0,1206,1157,-9.0,0.0,0.0,172.0,948.0,,,,,
2026-03-08,F9,N365FR,1964,CVG,MIA,1306,1255,-11.0,1546,1529,-17.0,0.0,0.0,160.0,948.0,,,,,
2026-03-08,F9,N365FR,1443,MIA,CVG,1641,1638,-3.0,1933,1915,-18.0,0.0,0.0,172.0,948.0,,,,,
2026-03-08,F9,N365FR,3521,CVG,LAS,2040,2038,-2.0,2213,2143,-30.0,0.0,0.0,273.0,1678.0,,,,,
2026-03-08,F9,N365FR,4966,LAS,CLE,2359,2356,-3.0,0706,0657,-9.0,0.0,0.0,247.0,1824.0,,,,,
2026-03-07,F9,N372FR,2474,CLE,MIA,0840,0918,38.0,1144,1156,12.0,0.0,0.0,184.0,1080.0,,,,,
2026-03-07,F9,N372FR,2473,MIA,CLE,1239,1244,5.0,1601,1549,-12.0,0.0,0.0,202.0,1080.0,,,,,
2026-03-07,F9,N372FR,1721,CLE,SRQ,1656,1645,-11.0,1943,1914,-29.0,0.0,0.0,167.0,967.0,,,,,
2026-03-07,F9,N372FR,1722,SRQ,CLE,2028,2017,-11.0,2319,2243,-36.0,0.0,0.0,171.0,967.0,,,,,
2026-03-08,F9,N372FR,2252,CLE,MCO,0530,0536,6.0,0817,0758,-19.0,0.0,0.0,167.0,895.0,,,,,
2026-03-08,F9,N372FR,3559,MCO,BNA,0917,0907,-10.0,1041,1003,-38.0,0.0,0.0,144.0,616.0,,,,,
2026-03-08,F9,N372FR,3560,BNA,MCO,1136,1133,-3.0,1434,1440,6.0,0.0,0.0,118.0,616.0,,,,,
2026-03-08,F9,N372FR,2823,MCO,MSN,1529,1527,-2.0,1744,1747,3.0,0.0,0.0,195.0,1109.0,,,,,
2026-03-08,F9,N372FR,2824,MSN,MCO,1829,1830,1.0,2228,2209,-19.0,0.0,0.0,179.0,1109.0,,,,,
2026-03-08,F9,N372FR,1954,MCO,BQN,2315,2315,0.0,0157,0152,-5.0,0.0,0.0,162.0,1129.0,,,,,
2026-03-07,F9,N374FR,3135,ORD,IAH,0520,0616,56.0,0836,0956,80.0,0.0,0.0,196.0,925.0,56.0,0.0,24.0,0.0,0.0
2026-03-07,F9,N374FR,1496,IAH,FLL,0926,1042,76.0,1256,1439,103.0,0.0,0.0,150.0,966.0,1.0,0.0,27.0,0.0,75.0
2026-03-07,F9,N374FR,1495,FLL,IAH,1346,1528,102.0,1556,1720,84.0,0.0,0.0,190.0,966.0,0.0,0.0,0.0,0.0,84.0
2026-03-07,F9,N374FR,1882,IAH,ORD,1651,2020,209.0,1945,2247,182.0,0.0,0.0,174.0,925.0,0.0,108.0,0.0,0.0,74.0
2026-03-08,F9,N374FR,3243,ORD,DFW,0521,0515,-6.0,0813,0825,12.0,0.0,0.0,172.0,802.0,,,,,
2026-03-08,F9,N374FR,1342,DFW,ORD,0908,0905,-3.0,1139,1127,-12.0,0.0,0.0,151.0,802.0,,,,,
2026-03-08,F9,N374FR,3352,ORD,RDU,1234,1228,-6.0,1537,1524,-13.0,0.0,0.0,123.0,646.0,,,,,
2026-03-08,F9,N374FR,3351,RDU,ORD,1622,1613,-9.0,1752,1729,-23.0,0.0,0.0,150.0,646.0,,,,,
2026-03-08,F9,N374FR,1341,ORD,DFW,1814,1819,5.0,2115,2227,72.0,0.0,0.0,181.0,802.0,0.0,0.0,67.0,0.0,5.0
2026-03-08,F9,N374FR,3244,DFW,ORD,2217,2318,61.0,0053,0131,38.0,0.0,0.0,156.0,802.0,0.0,0.0,0.0,0.0,38.0
2026-03-08,F9,N375FR,4776,DEN,LIT,1616,1605,-11.0,1921,1903,-18.0,0.0,0.0,125.0,771.0,,,,,
2026-03-08,F9,N375FR,4775,LIT,DEN,2016,2003,-13.0,2150,2109,-41.0,0.0,0.0,154.0,771.0,,,,,
2026-03-08,F9,N375FR,3439,DEN,SFO,2229,2219,-10.0,0028,2351,-37.0,0.0,0.0,179.0,967.0,,,,,
2026-03-07,F9,N379FR,2882,DFW,MDW,1805,2016,131.0,2021,2215,114.0,0.0,0.0,136.0,797.0,0.0,0.0,0.0,0.0,114.0
2026-03-08,F9,N379FR,2881,MDW,DFW,1545,1634,49.0,1831,1854,23.0,0.0,0.0,166.0,797.0,23.0,0.0,0.0,0.0,0.0
2026-03-07,F9,N380FR,2748,DEN,TPA,0600,0703,63.0,1138,1329,111.0,0.0,0.0,218.0,1506.0,63.0,0.0,48.0,0.0,0.0
2026-03-07,F9,N380FR,3517,TPA,DEN,1258,2012,434.0,1512,2240,448.0,0.0,0.0,254.0,1506.0,348.0,0.0,14.0,0.0,86.0
2026-03-08,F9,N380FR,4371,DEN,SNA,0910,0913,3.0,1047,1022,-25.0,0.0,0.0,157.0,846.0,,,,,
2026-03-08,F9,N380FR,4372,SNA,DEN,1132,1127,-5.0,1452,1507,15.0,0.0,0.0,140.0,846.0,0.0,0.0,15.0,0.0,0.0
2026-03-08,F9,N380FR,2440,DEN,RDU,1552,1618,26.0,2112,2124,12.0,0.0,0.0,200.0,1436.0,,,,,
2026-03-08,F9,N380FR,2439,RDU,DEN,2207,2209,2.0,0011,0015,4.0,0.0,0.0,244.0,1436.0,,,,,
2026-03-08,F9,N382FR,1714,CVG,MCO,0530,0538,8.0,0752,0743,-9.0,0.0,0.0,142.0,757.0,,,,,
2026-03-08,F9,N382FR,2833,MCO,MKE,0847,0837,-10.0,1104,1025,-39.0,0.0,0.0,197.0,1066.0,,,,,
2026-03-08,F9,N382FR,2834,MKE,MCO,1149,1149,0.0,1545,1529,-16.0,0.0,0.0,176.0,1066.0,,,,,
2026-03-08,F9,N382FR,2288,MCO,ORF,1640,1640,0.0,1846,1936,50.0,0.0,0.0,126.0,655.0,0.0,0.0,50.0,0.0,0.0
2026-03-08,F9,N382FR,2287,ORF,MCO,1931,2031,60.0,2148,2257,69.0,0.0,0.0,137.0,655.0,10.0,0.0,9.0,0.0,50.0
2026-03-08,F9,N382FR,2547,MCO,CVG,2243,2348,65.0,0104,0205,61.0,0.0,0.0,141.0,757.0,0.0,0.0,0.0,0.0,61.0
2026-03-07,F9,N399FR,4472,ATL,RDU,2148,2255,67.0,2316,,,1.0,0.0,88.0,356.0,,,,,
2026-03-07,F9,N399FR,1448,SFO,ATL,2238,2232,-6.0,0728,,,1.0,0.0,290.0,2139.0,,,,,
2026-03-07,F9,N399FR,4169,PHL,MCO,2238,0015,,0128,,,1.0,0.0,170.0,862.0,,,,,
2026-03-08,F9,N399FR,1655,FLL,CMH,1242,1302,20.0,1530,,,1.0,0.0,168.0,973.0,,,,,
2026-03-08,F9,N399FR,2049,MCO,ATL,1937,1930,-7.0,2135,,,1.0,0.0,118.0,404.0,,,,,
2026-03-07,F9,N604FR,3156,LAX,DEN,0615,0740,85.0,0944,1139,115.0,0.0,0.0,149.0,862.0,85.0,0.0,30.0,0.0,0.0
2026-03-07,F9,N604FR,3804,DEN,RSW,1045,1235,110.0,1631,1902,151.0,0.0,0.0,226.0,1607.0,1.0,0.0,41.0,0.0,109.0
2026-03-07,F9,N604FR,3803,RSW,DEN,1728,2015,167.0,1957,2311,194.0,0.0,0.0,269.0,1607.0,0.0,18.0,27.0,0.0,149.0
2026-03-07,F9,N604FR,777,DEN,LAS,2230,0021,111.0,2340,0056,76.0,0.0,0.0,130.0,628.0,0.0,0.0,0.0,0.0,76.0
2026-03-08,F9,N604FR,1508,LAS,SLC,0630,0626,-4.0,0900,0849,-11.0,0.0,0.0,90.0,368.0,,,,,
2026-03-08,F9,N604FR,1922,SLC,TUS,0955,0944,-11.0,1054,1035,-19.0,0.0,0.0,119.0,600.0,,,,,
2026-03-08,F9,N604FR,2061,TUS,LAS,1149,1130,-19.0,1322,1248,-34.0,0.0,0.0,93.0,364.0,,,,,
2026-03-08,F9,N604FR,1966,LAS,IAH,1432,1747,195.0,1946,2312,206.0,0.0,0.0,194.0,1222.0,195.0,0.0,11.0,0.0,0.0
2026-03-08,F9,N604FR,1965,IAH,LAS,2041,1500,1099.0,2221,1626,1085.0,0.0,0.0,220.0,1222.0,1085.0,0.0,0.0,0.0,0.0
2026-03-07,F9,N609FR,2537,PHL,TPA,0501,0456,-5.0,0759,0734,-25.0,0.0,0.0,178.0,920.0,,,,,
2026-03-07,F9,N609FR,2836,TPA,PHL,0904,0900,-4.0,1142,1131,-11.0,0.0,0.0,158.0,920.0,,,,,
2026-03-07,F9,N609FR,4807,PHL,TPA,1247,1247,0.0,1539,1523,-16.0,0.0,0.0,172.0,920.0,,,,,
2026-03-07,F9,N609FR,2538,TPA,PHL,1644,1637,-7.0,1927,1921,-6.0,0.0,0.0,163.0,920.0,,,,,
2026-03-07,F9,N609FR,3248,PHL,SJU,2044,2037,-7.0,0129,0125,-4.0,0.0,0.0,225.0,1576.0,,,,,
2026-03-08,F9,N609FR,1015,SJU,PHL,0259,0250,-9.0,0711,0641,-30.0,0.0,0.0,252.0,1576.0,,,,,
2026-03-08,F9,N609FR,1577,PHL,RSW,0845,0927,42.0,1152,1219,27.0,0.0,0.0,187.0,993.0,27.0,0.0,0.0,0.0,0.0
2026-03-08,F9,N609FR,3893,RSW,DTW,1247,1319,32.0,1604,1622,18.0,0.0,0.0,197.0,1084.0,0.0,0.0,0.0,0.0,18.0
2026-03-08,F9,N609FR,2007,DTW,FLL,1714,1716,2.0,2020,2022,2.0,0.0,0.0,186.0,1127.0,,,,,
2026-03-08,F9,N609FR,4836,FLL,PHL,2115,2136,21.0,0007,0031,24.0,0.0,0.0,172.0,993.0,19.0,0.0,3.0,0.0,2.0
2026-03-08,F9,N621FR,2250,MCO,SJU,0730,0718,-12.0,1027,1002,-25.0,0.0,0.0,177.0,1188.0,,,,,
2026-03-08,F9,N621FR,2249,SJU,MCO,1137,1127,-10.0,1457,1430,-27.0,0.0,0.0,200.0,1188.0,,,,,
2026-03-08,F9,N621FR,1786,MCO,RDU,1305,1623,198.0,1500,1859,239.0,0.0,0.0,115.0,534.0,48.0,0.0,41.0,0.0,150.0
2026-03-08,F9,N621FR,1111,RDU,MCO,1550,1959,249.0,1753,2200,247.0,0.0,0.0,123.0,534.0,3.0,0.0,0.0,0.0,244.0
2026-03-08,F9,N621FR,2635,MCO,STL,2133,2257,84.0,2319,0028,69.0,0.0,0.0,166.0,882.0,0.0,0.0,0.0,0.0,69.0
2026-03-07,F9,N624FR,3277,DFW,SLC,0540,0614,34.0,0743,0839,56.0,0.0,0.0,183.0,989.0,34.0,0.0,22.0,0.0,0.0
2026-03-07,F9,N624FR,3278,SLC,DFW,0838,0939,61.0,1224,1355,91.0,0.0,0.0,166.0,989.0,5.0,0.0,30.0,0.0,56.0
2026-03-07,F9,N624FR,3885,DFW,LAS,2231,2228,-3.0,2344,2352,8.0,0.0,0.0,193.0,1055.0,,,,,
2026-03-08,F9,N624FR,1650,LAS,DFW,0059,0053,-6.0,0647,0632,-15.0,0.0,0.0,168.0,1055.0,,,,,
2026-03-08,F9,N624FR,4689,DFW,ONT,1643,1843,120.0,1814,1944,90.0,0.0,0.0,211.0,1188.0,0.0,0.0,0.0,0.0,90.0
2026-03-08,F9,N624FR,2924,ONT,DFW,1909,2044,95.0,0005,0138,93.0,0.0,0.0,176.0,1188.0,3.0,0.0,0.0,0.0,90.0
2026-03-07,F9,N635FR,1375,DEN,PHX,0630,0632,2.0,0842,0852,10.0,0.0,0.0,132.0,602.0,,,,,
2026-03-07,F9,N635FR,4768,PHX,DEN,0952,1006,14.0,1150,1207,17.0,0.0,0.0,118.0,602.0,9.0,0.0,3.0,0.0,5.0
2026-03-07,F9,N635FR,2105,DEN,PHX,1249,1323,34.0,1501,1522,21.0,0.0,0.0,132.0,602.0,0.0,8.0,0.0,0.0,13.0
2026-03-07,F9,N635FR,1748,PHX,DEN,1611,1645,34.0,1808,1850,42.0,0.0,0.0,117.0,602.0,18.0,0.0,8.0,0.0,16.0
2026-03-07,F9,N635FR,2890,DEN,AUS,2100,2400,180.0,0016,0411,235.0,0.0,0.0,136.0,775.0,175.0,0.0,0.0,0.0,60.0
2026-03-08,F9,N635FR,1815,AUS,DEN,0645,0656,11.0,0811,0821,10.0,0.0,0.0,146.0,775.0,,,,,
2026-03-08,F9,N635FR,2553,DEN,PDX,0910,0913,3.0,1109,1100,-9.0,0.0,0.0,179.0,991.0,,,,,
2026-03-08,F9,N635FR,1790,PDX,DEN,1204,1202,-2.0,1541,1536,-5.0,0.0,0.0,157.0,991.0,,,,,
2026-03-08,F9,N635FR,2261,DEN,ELP,1641,1646,5.0,1835,1826,-9.0,0.0,0.0,114.0,563.0,,,,,
2026-03-08,F9,N635FR,4418,ELP,DEN,1930,1925,-5.0,2130,2108,-22.0,0.0,0.0,120.0,563.0,,,,,
2026-03-07,F9,N641FR,2172,ATL,FLL,0819,1001,102.0,1020,1207,107.0,0.0,0.0,121.0,581.0,0.0,102.0,5.0,0.0,0.0
2026-03-07,F9,N641FR,4873,FLL,ATL,1115,1307,112.0,1330,1452,82.0,0.0,0.0,135.0,581.0,0.0,0.0,0.0,0.0,82.0
2026-03-07,F9,N641FR,2272,ATL,MIA,1552,1609,17.0,1753,1857,64.0,0.0,0.0,121.0,594.0,12.0,0.0,47.0,0.0,5.0
2026-03-07,F9,N641FR,3059,MIA,ATL,1859,2001,62.0,2126,2247,81.0,0.0,0.0,147.0,594.0,0.0,0.0,19.0,0.0,62.0
2026-03-08,F9,N641FR,1099,ATL,PHX,0600,0627,27.0,0737,0725,-12.0,0.0,0.0,277.0,1587.0,,,,,
2026-03-08,F9,N641FR,1100,PHX,ATL,0842,0841,-1.0,1519,1530,11.0,0.0,0.0,217.0,1587.0,,,,,
2026-03-08,F9,N641FR,2399,ATL,IAH,1454,1638,104.0,1622,1752,90.0,0.0,0.0,148.0,689.0,0.0,0.0,0.0,0.0,90.0
2026-03-08,F9,N641FR,4076,IAH,ATL,1749,1924,95.0,2110,2236,86.0,0.0,0.0,141.0,689.0,28.0,0.0,0.0,0.0,58.0
2026-03-08,F9,N641FR,1082,ATL,IAD,2240,2340,60.0,0031,0118,47.0,0.0,0.0,111.0,534.0,0.0,0.0,0.0,0.0,47.0
2026-03-07,F9,N650FR,1124,ATL,FLL,0600,0838,158.0,0759,1032,153.0,0.0,0.0,119.0,581.0,14.0,0.0,0.0,0.0,139.0
2026-03-07,F9,N650FR,1123,FLL,ATL,0854,1127,153.0,1112,1322,130.0,0.0,0.0,138.0,581.0,0.0,0.0,0.0,0.0,130.0
2026-03-07,F9,N650FR,2634,ATL,BWI,1407,1426,19.0,1558,1612,14.0,0.0,0.0,111.0,577.0,,,,,
2026-03-07,F9,N650FR,2509,BWI,ATL,1653,1738,45.0,1908,1926,18.0,0.0,0.0,135.0,577.0,4.0,0.0,0.0,0.0,14.0
2026-03-07,F9,N650FR,3097,ATL,DFW,2115,2105,-10.0,2253,2243,-10.0,0.0,0.0,158.0,731.0,,,,,
2026-03-07,F9,N650FR,2273,DFW,LAX,2159,2342,103.0,2341,0057,76.0,0.0,0.0,222.0,1235.0,0.0,0.0,76.0,0.0,0.0
2026-03-08,F9,N650FR,3212,LAX,DFW,0530,0525,-5.0,1037,1103,26.0,0.0,0.0,187.0,1235.0,0.0,0.0,26.0,0.0,0.0
2026-03-08,F9,N650FR,4994,DFW,MSY,1152,1157,5.0,1325,1326,1.0,0.0,0.0,93.0,448.0,,,,,
2026-03-08,F9,N650FR,4624,MSY,DTW,1426,1431,5.0,1759,1759,0.0,0.0,0.0,153.0,926.0,,,,,
2026-03-08,F9,N650FR,3989,DTW,DFW,1854,1859,5.0,2103,2045,-18.0,0.0,0.0,189.0,986.0,,,,,
2026-03-08,F9,N650FR,1425,DFW,SAN,2245,2337,52.0,0016,0039,23.0,0.0,0.0,211.0,1171.0,23.0,0.0,0.0,0.0,0.0
2026-03-07,F9,N655FR,1334,DFW,TPA,0645,0636,-9.0,1015,1002,-13.0,0.0,0.0,150.0,929.0,,,,,
2026-03-07,F9,N655FR,1333,TPA,DFW,1130,1127,-3.0,1341,1416,35.0,0.0,0.0,191.0,929.0,0.0,0.0,35.0,0.0,0.0
2026-03-07,F9,N655FR,3424,DFW,LGA,1500,1515,15.0,1931,1921,-10.0,0.0,0.0,211.0,1389.0,,,,,
2026-03-07,F9,N655FR,3863,LGA,DFW,2026,2018,-8.0,2336,2314,-22.0,0.0,0.0,250.0,1389.0,,,,,
2026-03-07,F9,N655FR,1425,DFW,SAN,2245,0010,85.0,0016,0106,50.0,0.0,0.0,211.0,1171.0,0.0,0.0,50.0,0.0,0.0
2026-03-08,F9,N655FR,1426,SAN,DFW,0655,0649,-6.0,1202,1220,18.0,0.0,0.0,187.0,1171.0,0.0,0.0,18.0,0.0,0.0
2026-03-08,F9,N655FR,1974,DFW,FLL,1307,1317,10.0,1657,1710,13.0,0.0,0.0,170.0,1119.0,,,,,
2026-03-08,F9,N655FR,1973,FLL,DFW,1752,2016,144.0,2024,2334,190.0,0.0,0.0,212.0,1119.0,131.0,0.0,46.0,0.0,13.0
2026-03-07,F9,N673FR,1733,MCO,DEN,0600,0554,-6.0,0820,0836,16.0,0.0,0.0,260.0,1547.0,0.0,0.0,16.0,0.0,0.0
2026-03-07,F9,N673FR,3312,DEN,MCO,0925,1521,356.0,1509,2110,361.0,0.0,0.0,224.0,1547.0,180.0,0.0,5.0,0.0,176.0
2026-03-07,F9,N673FR,2791,MCO,ORD,2123,2247,84.0,2338,0131,113.0,0.0,0.0,195.0,1005.0,0.0,0.0,61.0,0.0,52.0
2026-03-08,F9,N673FR,1596,ORD,ATL,0501,0456,-5.0,0818,0753,-25.0,0.0,0.0,137.0,606.0,,,,,
2026-03-08,F9,N673FR,1441,ATL,ORD,0923,0921,-2.0,1052,1045,-7.0,0.0,0.0,149.0,606.0,,,,,
2026-03-08,F9,N673FR,1044,ORD,JFK,1205,1204,-1.0,1529,1535,6.0,0.0,0.0,144.0,740.0,,,,,
2026-03-08,F9,N673FR,1043,JFK,ORD,1629,1631,2.0,1829,1827,-2.0,0.0,0.0,180.0,740.0,,,,,
2026-03-08,F9,N673FR,2445,ORD,LAX,1939,1937,-2.0,2206,2151,-15.0,0.0,0.0,267.0,1744.0,,,,,
2026-03-08,F9,N673FR,2446,LAX,ORD,2301,2300,-1.0,0449,0515,26.0,0.0,0.0,228.0,1744.0,0.0,0.0,26.0,0.0,0.0
2026-03-07,F9,N704FR,4707,IAD,ATL,0505,0454,-11.0,0714,0728,14.0,0.0,0.0,129.0,534.0,,,,,
2026-03-07,F9,N704FR,1158,ATL,EWR,1920,2001,41.0,2148,2213,25.0,0.0,0.0,148.0,746.0,0.0,0.0,22.0,0.0,3.0
2026-03-07,F9,N704FR,1157,EWR,ATL,2243,2304,21.0,0124,0125,1.0,0.0,0.0,161.0,746.0,,,,,
2026-03-08,F9,N704FR,2298,ATL,PHL,0600,0612,12.0,0807,0807,0.0,0.0,0.0,127.0,666.0,,,,,
2026-03-08,F9,N704FR,2297,PHL,ATL,0917,0913,-4.0,1149,1117,-32.0,0.0,0.0,152.0,666.0,,,,,
2026-03-08,F9,N704FR,2174,ATL,FLL,2244,2252,8.0,0044,0037,-7.0,0.0,0.0,120.0,581.0,,,,,
2026-03-07,G4,191NV,476,DSM,PGD,0830,0829,-1.0,1229,1251,22.0,0.0,0.0,179.0,1206.0,0.0,0.0,22.0,0.0,0.0
2026-03-07,G4,191NV,454,PGD,DSM,1319,1346,27.0,1534,1601,27.0,0.0,0.0,195.0,1206.0,5.0,0.0,0.0,0.0,22.0
2026-03-08,G4,191NV,451,DSM,AUS,0700,0651,-9.0,0922,0900,-22.0,0.0,0.0,142.0,813.0,,,,,
2026-03-08,G4,191NV,2100,AUS,DSM,1012,1011,-1.0,1221,1229,8.0,0.0,0.0,129.0,813.0,,,,,
2026-03-08,G4,191NV,473,DSM,PGD,1606,1605,-1.0,2005,1952,-13.0,0.0,0.0,179.0,1206.0,,,,,
2026-03-08,G4,191NV,468,PGD,DSM,2055,2041,-14.0,2310,2249,-21.0,0.0,0.0,195.0,1206.0,,,,,
2026-03-07,G4,203NV,227,AVL,PBI,1000,0952,-8.0,1158,1155,-3.0,0.0,0.0,118.0,620.0,,,,,
2026-03-07,G4,203NV,270,PBI,AVL,1248,1245,-3.0,1448,1439,-9.0,0.0,0.0,120.0,620.0,,,,,
2026-03-07,G4,203NV,1893,AVL,MCO,1538,1528,-10.0,1716,1657,-19.0,0.0,0.0,98.0,488.0,,,,,
2026-03-07,G4,203NV,222,MCO,AVL,1806,1757,-9.0,1953,1932,-21.0,0.0,0.0,107.0,488.0,,,,,
2026-03-08,G4,203NV,239,AVL,FLL,0900,0856,-4.0,1101,1051,-10.0,0.0,0.0,121.0,661.0,,,,,
2026-03-08,G4,203NV,255,FLL,USA,1151,1148,-3.0,1356,1408,12.0,0.0,0.0,125.0,643.0,,,,,
2026-03-08,G4,203NV,232,USA,FLL,1446,1506,20.0,1646,1715,29.0,0.0,0.0,120.0,643.0,8.0,0.0,9.0,0.0,12.0
2026-03-08,G4,203NV,259,FLL,AVL,1736,1806,30.0,1939,2028,49.0,0.0,0.0,123.0,661.0,1.0,0.0,19.0,0.0,29.0
2026-03-07,G4,205NV,3215,PVU,AZA,1100,1059,-1.0,1246,1248,2.0,0.0,0.0,106.0,477.0,,,,,
2026-03-07,G4,205NV,3229,AZA,GRI,1336,1346,10.0,1652,1717,25.0,0.0,0.0,136.0,905.0,7.0,0.0,16.0,0.0,2.0
2026-03-07,G4,205NV,1601,GRI,AZA,1742,1831,49.0,1913,1949,36.0,0.0,0.0,151.0,905.0,7.0,0.0,17.0,0.0,12.0
2026-03-07,G4,205NV,3234,AZA,PVU,2003,2040,37.0,2136,2220,44.0,0.0,0.0,93.0,477.0,1.0,0.0,7.0,0.0,36.0
2026-03-08,G4,205NV,3220,PVU,SNA,0900,0851,-9.0,0959,0945,-14.0,0.0,0.0,119.0,565.0,,,,,
2026-03-08,G4,205NV,1587,SNA,BOI,1049,1037,-12.0,1400,1400,0.0,0.0,0.0,131.0,688.0,,,,,
2026-03-08,G4,205NV,1600,BOI,SNA,1450,1457,7.0,1606,1611,5.0,0.0,0.0,136.0,688.0,,,,,
2026-03-08,G4,205NV,3233,SNA,PVU,1656,1700,4.0,1941,2002,21.0,0.0,0.0,105.0,565.0,0.0,0.0,17.0,0.0,4.0
2026-03-07,G4,209NV,3058,TYS,PIE,0700,0653,-7.0,0843,0832,-11.0,0.0,0.0,103.0,550.0,,,,,
2026-03-07,G4,209NV,3047,PIE,TYS,0933,0925,-8.0,1115,1053,-22.0,0.0,0.0,102.0,550.0,,,,,
2026-03-07,G4,209NV,3059,TYS,MCO,1205,1153,-12.0,1345,1339,-6.0,0.0,0.0,100.0,532.0,,,,,
2026-03-07,G4,209NV,1410,MCO,TYS,1435,1427,-8.0,1626,1620,-6.0,0.0,0.0,111.0,532.0,,,,,
2026-03-07,G4,209NV,3049,TYS,SFB,1716,1707,-9.0,1851,1847,-4.0,0.0,0.0,95.0,511.0,,,,,
2026-03-07,G4,209NV,1419,SFB,TYS,1941,1928,-13.0,2120,2103,-17.0,0.0,0.0,99.0,511.0,,,,,
2026-03-08,G4,209NV,3035,TYS,SFB,0700,0652,-8.0,0835,1057,,0.0,1.0,95.0,511.0,,,,,
2026-03-08,G4,209NV,1437,SFB,TYS,0925,1144,139.0,1104,1334,150.0,0.0,0.0,99.0,511.0,0.0,0.0,11.0,0.0,139.0
2026-03-08,G4,209NV,3029,TYS,SFB,1252,1417,85.0,1427,1550,83.0,0.0,0.0,95.0,511.0,0.0,0.0,0.0,0.0,83.0
2026-03-08,G4,209NV,1429,SFB,TYS,1517,1627,70.0,1656,1821,85.0,0.0,0.0,99.0,511.0,0.0,0.0,15.0,0.0,70.0
2026-03-08,G4,209NV,1410,TYS,SFB,1746,1900,74.0,1921,2034,73.0,0.0,0.0,95.0,511.0,0.0,0.0,0.0,0.0,73.0
2026-03-08,G4,209NV,1435,SFB,TYS,2011,2112,61.0,2150,2311,81.0,0.0,0.0,99.0,511.0,0.0,0.0,20.0,0.0,61.0
2026-03-07,G4,246NV,537,GRR,PGD,0700,0650,-10.0,0955,0935,-20.0,0.0,0.0,175.0,1118.0,,,,,
2026-03-07,G4,246NV,562,PGD,GRR,1045,1035,-10.0,1341,1314,-27.0,0.0,0.0,176.0,1118.0,,,,,
2026-03-07,G4,246NV,547,GRR,PGD,1431,1415,-16.0,1726,1732,6.0,0.0,0.0,175.0,1118.0,,,,,
2026-03-07,G4,246NV,584,PGD,GRR,1816,1925,69.0,2112,2219,67.0,0.0,0.0,176.0,1118.0,0.0,63.0,0.0,0.0,4.0
2026-03-08,G4,246NV,2168,GRR,PGD,0645,0634,-11.0,0940,0930,-10.0,0.0,0.0,175.0,1118.0,,,,,
2026-03-08,G4,246NV,559,PGD,GRR,1030,1022,-8.0,1326,1300,-26.0,0.0,0.0,176.0,1118.0,,,,,
2026-03-08,G4,246NV,576,GRR,AUS,1416,1412,-4.0,1623,1606,-17.0,0.0,0.0,187.0,1103.0,,,,,
2026-03-08,G4,246NV,2171,AUS,GRR,1713,1703,-10.0,2053,2042,-11.0,0.0,0.0,160.0,1103.0,,,,,
2026-03-07,G4,252NV,2741,PIT,PGD,1540,1620,40.0,1814,1940,86.0,0.0,0.0,154.0,941.0,40.0,0.0,46.0,0.0,0.0
2026-03-07,G4,252NV,1128,PGD,PIT,1904,2038,94.0,2137,2309,92.0,0.0,0.0,153.0,941.0,0.0,8.0,0.0,0.0,84.0
2026-03-08,G4,252NV,1139,PIT,JAX,0800,0748,-12.0,1007,0953,-14.0,0.0,0.0,127.0,694.0,,,,,
2026-03-08,G4,252NV,1146,JAX,BLV,1057,1050,-7.0,1204,1141,-23.0,0.0,0.0,127.0,723.0,,,,,
2026-03-08,G4,252NV,1121,BLV,JAX,1254,1240,-14.0,1555,1600,5.0,0.0,0.0,121.0,723.0,,,,,
2026-03-08,G4,252NV,2768,JAX,PIT,1645,1700,15.0,1845,1855,10.0,0.0,0.0,120.0,694.0,,,,,
2026-03-08,G4,252NV,1145,PIT,BNA,1935,1938,3.0,2013,2014,1.0,0.0,0.0,98.0,462.0,,,,,
2026-03-08,G4,252NV,2756,BNA,PIT,2103,2056,-7.0,2331,2326,-5.0,0.0,0.0,88.0,462.0,,,,,
2026-03-07,G4,256NV,211,ABE,FLL,0900,0851,-9.0,1156,1143,-13.0,0.0,0.0,176.0,1041.0,,,,,
2026-03-07,G4,256NV,206,FLL,ABE,1246,1245,-1.0,1545,1544,-1.0,0.0,0.0,179.0,1041.0,,,,,
2026-03-07,G4,256NV,162,ABE,SFB,1635,1631,-4.0,1905,1900,-5.0,0.0,0.0,150.0,882.0,,,,,
2026-03-07,G4,256NV,209,SFB,ABE,1955,1949,-6.0,2223,2232,9.0,0.0,0.0,148.0,882.0,,,,,
2026-03-08,G4,256NV,1823,ABE,SRQ,0700,0647,-13.0,0951,0935,-16.0,0.0,0.0,171.0,1000.0,,,,,
2026-03-08,G4,256NV,1800,SRQ,ABE,1041,1021,-20.0,1322,1300,-22.0,0.0,0.0,161.0,1000.0,,,,,
2026-03-08,G4,256NV,1812,ABE,MCO,1412,1409,-3.0,1646,1659,13.0,0.0,0.0,154.0,906.0,,,,,
2026-03-08,G4,256NV,1816,MCO,ABE,1736,1937,121.0,2013,2234,141.0,0.0,0.0,157.0,906.0,7.0,0.0,121.0,0.0,13.0
2026-03-08,G4,262NV,3014,SRQ,CID,0911,0856,-15.0,1116,1050,-26.0,0.0,0.0,185.0,1125.0,,,,,
2026-03-08,G4,262NV,1385,CID,SRQ,1206,1144,-22.0,1551,1528,-23.0,0.0,0.0,165.0,1125.0,,,,,
2026-03-08,G4,262NV,2996,SRQ,TOL,1641,1632,-9.0,1911,1923,12.0,0.0,0.0,150.0,981.0,,,,,
2026-03-08,G4,262NV,1351,TOL,SRQ,2001,2005,4.0,2235,2227,-8.0,0.0,0.0,154.0,981.0,,,,,
2026-03-07,G4,271NV,3188,ATW,PIE,1555,1601,6.0,1954,2000,6.0,0.0,0.0,179.0,1173.0,,,,,
2026-03-07,G4,271NV,1570,PIE,ATW,2044,2134,50.0,2249,2324,35.0,0.0,0.0,185.0,1173.0,0.0,35.0,0.0,0.0,0.0
2026-03-08,G4,271NV,3186,ATW,PGD,0730,0719,-11.0,1141,1143,2.0,0.0,0.0,191.0,1250.0,,,,,
2026-03-08,G4,271NV,3201,PGD,ATW,1231,1240,9.0,1446,1500,14.0,0.0,0.0,195.0,1250.0,,,,,
2026-03-08,G4,271NV,1581,ATW,SFB,1536,1602,26.0,1933,1943,10.0,0.0,0.0,177.0,1141.0,,,,,
2026-03-08,G4,271NV,3206,SFB,ATW,2023,2057,34.0,2226,2252,26.0,0.0,0.0,183.0,1141.0,0.0,26.0,0.0,0.0,0.0
2026-03-08,G4,275NV,2231,IND,PIE,0800,0802,2.0,1016,1012,-4.0,0.0,0.0,136.0,840.0,,,,,
2026-03-08,G4,275NV,2249,PIE,IND,1106,1102,-4.0,1329,1310,-19.0,0.0,0.0,143.0,840.0,,,,,
2026-03-08,G4,275NV,619,IND,FLL,1437,1419,-18.0,1716,1704,-12.0,0.0,0.0,159.0,1005.0,,,,,
2026-03-08,G4,275NV,627,FLL,IND,1806,1843,37.0,2057,2129,32.0,0.0,0.0,171.0,1005.0,32.0,0.0,0.0,0.0,0.0
2026-03-07,G4,280NV,550,GRR,SFB,0830,0821,-9.0,1108,1059,-9.0,0.0,0.0,158.0,1001.0,,,,,
2026-03-07,G4,280NV,2197,SFB,GRR,1158,1201,3.0,1443,1436,-7.0,0.0,0.0,165.0,1001.0,,,,,
2026-03-07,G4,280NV,570,GRR,FLL,1533,1529,-4.0,1838,1834,-4.0,0.0,0.0,185.0,1198.0,,,,,
2026-03-07,G4,280NV,2206,FLL,GRR,1928,1926,-2.0,2243,2253,10.0,0.0,0.0,195.0,1198.0,,,,,
2026-03-08,G4,280NV,2193,GRR,PBI,0700,0657,-3.0,0951,0951,0.0,0.0,0.0,171.0,1158.0,,,,,
2026-03-08,G4,280NV,583,PBI,GRR,1041,1127,46.0,1346,1451,65.0,0.0,0.0,185.0,1158.0,0.0,46.0,19.0,0.0,0.0
2026-03-08,G4,280NV,2192,GRR,SFB,1436,1546,70.0,1714,1821,67.0,0.0,0.0,158.0,1001.0,5.0,0.0,0.0,0.0,62.0
2026-03-08,G4,280NV,566,SFB,GRR,1804,1902,58.0,2049,2136,47.0,0.0,0.0,165.0,1001.0,0.0,0.0,0.0,0.0,47.0
2026-03-07,G4,281NV,949,PGD,CAK,0610,0559,-11.0,0841,0821,-20.0,0.0,0.0,151.0,965.0,,,,,
2026-03-07,G4,281NV,964,CAK,PGD,0931,0916,-15.0,1203,1214,11.0,0.0,0.0,152.0,965.0,,,,,
2026-03-07,G4,281NV,2465,PGD,LEX,1253,1325,32.0,1505,1533,28.0,0.0,0.0,132.0,781.0,21.0,0.0,0.0,0.0,7.0
2026-03-07,G4,281NV,945,LEX,PGD,1555,1626,31.0,1804,1940,96.0,0.0,0.0,129.0,781.0,3.0,0.0,65.0,0.0,28.0
2026-03-07,G4,281NV,2492,PGD,TYS,1854,2107,133.0,2044,2302,138.0,0.0,0.0,110.0,624.0,0.0,37.0,5.0,0.0,96.0
2026-03-07,G4,281NV,851,TYS,PGD,2134,2342,128.0,2326,0150,144.0,0.0,0.0,112.0,624.0,0.0,0.0,16.0,0.0,128.0
2026-03-08,G4,281NV,854,PGD,MDT,0900,0844,-16.0,1133,1105,-28.0,0.0,0.0,153.0,963.0,,,,,
2026-03-08,G4,281NV,881,MDT,PGD,1223,1206,-17.0,1508,1454,-14.0,0.0,0.0,165.0,963.0,,,,,
2026-03-08,G4,281NV,2488,PGD,OMA,1605,1609,4.0,1834,1825,-9.0,0.0,0.0,209.0,1269.0,,,,,
2026-03-08,G4,281NV,931,OMA,PGD,1924,1914,-10.0,2323,2258,-25.0,0.0,0.0,179.0,1269.0,,,,,
2026-03-07,G4,282NV,3163,FNT,PGD,0830,0824,-6.0,1129,1130,1.0,0.0,0.0,179.0,1111.0,,,,,
2026-03-07,G4,282NV,3171,PGD,FNT,1219,1229,10.0,1517,1511,-6.0,0.0,0.0,178.0,1111.0,,,,,
2026-03-07,G4,282NV,3168,FNT,SRQ,1607,1609,2.0,1900,1856,-4.0,0.0,0.0,173.0,1075.0,,,,,
2026-03-07,G4,282NV,3177,SRQ,FNT,1950,1944,-6.0,2248,2232,-16.0,0.0,0.0,178.0,1075.0,,,,,
2026-03-08,G4,282NV,1541,FNT,PIE,0630,0624,-6.0,0920,0859,-21.0,0.0,0.0,170.0,1040.0,,,,,
2026-03-08,G4,282NV,1551,PIE,FNT,1010,0951,-19.0,1258,1236,-22.0,0.0,0.0,168.0,1040.0,,,,,
2026-03-08,G4,282NV,3174,FNT,AZA,1348,1344,-4.0,1509,1437,-32.0,0.0,0.0,261.0,1650.0,,,,,
2026-03-08,G4,282NV,3162,AZA,FNT,1559,1555,-4.0,2234,2241,7.0,0.0,0.0,215.0,1650.0,,,,,
2026-03-07,G4,286NV,694,AZA,FSD,0730,0725,-5.0,1109,1105,-4.0,0.0,0.0,159.0,1072.0,,,,,
2026-03-07,G4,286NV,704,FSD,AZA,1159,1157,-2.0,1359,1331,-28.0,0.0,0.0,180.0,1072.0,,,,,
2026-03-07,G4,286NV,758,AZA,FSD,1544,1534,-10.0,1923,1933,10.0,0.0,0.0,159.0,1072.0,,,,,
2026-03-07,G4,294NV,2310,AZA,RAP,1000,0952,-8.0,1217,1222,5.0,0.0,0.0,137.0,873.0,,,,,
2026-03-07,G4,294NV,644,RAP,AZA,1307,1312,5.0,1538,1537,-1.0,0.0,0.0,151.0,873.0,,,,,
2026-03-08,G4,294NV,1603,PVU,AZA,0630,0631,1.0,0713,0718,5.0,0.0,0.0,103.0,477.0,,,,,
2026-03-08,G4,294NV,3213,AZA,PVU,0803,0806,3.0,1036,1033,-3.0,0.0,0.0,93.0,477.0,,,,,
2026-03-08,G4,294NV,1594,PVU,SNA,1126,1125,-1.0,1225,1209,-16.0,0.0,0.0,119.0,565.0,,,,,
2026-03-08,G4,294NV,3245,SNA,EUG,1315,1309,-6.0,1534,1530,-4.0,0.0,0.0,139.0,776.0,,,,,
2026-03-08,G4,294NV,1598,EUG,SNA,1624,1616,-8.0,1835,1825,-10.0,0.0,0.0,131.0,776.0,,,,,
2026-03-08,G4,294NV,3242,SNA,PVU,1925,1921,-4.0,2210,2217,7.0,0.0,0.0,105.0,565.0,,,,,
2026-03-08,G4,308NV,72,LAS,RFD,0630,0628,-2.0,1150,1151,1.0,0.0,0.0,200.0,1455.0,,,,,
2026-03-08,G4,308NV,73,RFD,LAS,1240,1249,9.0,1434,1417,-17.0,0.0,0.0,234.0,1455.0,,,,,
2026-03-08,G4,308NV,56,LAS,MFE,1619,1613,-6.0,2112,2102,-10.0,0.0,0.0,173.0,1210.0,,,,,
2026-03-08,G4,308NV,55,MFE,LAS,2157,2147,-10.0,2313,2246,-27.0,0.0,0.0,196.0,1210.0,,,,,
2026-03-08,G4,312NV,2789,SAV,GRR,0615,0612,-3.0,0828,0818,-10.0,0.0,0.0,133.0,778.0,,,,,
2026-03-08,G4,312NV,2802,GRR,SAV,0918,0909,-9.0,1125,1114,-11.0,0.0,0.0,127.0,778.0,,,,,
2026-03-08,G4,312NV,2810,SAV,CAK,1215,1212,-3.0,1406,1354,-12.0,0.0,0.0,111.0,606.0,,,,,
2026-03-08,G4,312NV,1164,CAK,MYR,1456,1435,-21.0,1629,1636,7.0,0.0,0.0,93.0,518.0,,,,,
2026-03-08,G4,312NV,2800,MYR,CAK,1719,1721,2.0,1900,1850,-10.0,0.0,0.0,101.0,518.0,,,,,
2026-03-08,G4,312NV,2814,CAK,SAV,1950,1935,-15.0,2137,2110,-27.0,0.0,0.0,107.0,606.0,,,,,
2026-03-08,G4,321NV,2920,SFB,TRI,1158,1153,-5.0,1344,1426,42.0,0.0,0.0,106.0,535.0,0.0,0.0,42.0,0.0,0.0
2026-03-08,G4,321NV,2849,TRI,SFB,1434,1514,40.0,1606,1639,33.0,0.0,0.0,92.0,535.0,0.0,0.0,0.0,0.0,33.0
2026-03-08,G4,321NV,2870,SFB,BMI,1656,1724,28.0,1833,1906,33.0,0.0,0.0,157.0,917.0,0.0,0.0,5.0,0.0,28.0
2026-03-08,G4,321NV,1276,BMI,SFB,1923,1959,36.0,2241,2315,34.0,0.0,0.0,138.0,917.0,3.0,0.0,0.0,0.0,31.0
2026-03-07,G4,323NV,1896,BLI,AZA,1000,0955,-5.0,1407,1347,-20.0,0.0,0.0,187.0,1208.0,,,,,
2026-03-07,G4,323NV,282,AZA,BLI,1457,1448,-9.0,1708,1659,-9.0,0.0,0.0,191.0,1208.0,,,,,
2026-03-08,G4,323NV,3390,BLI,BUR,0700,0656,-4.0,0946,0935,-11.0,0.0,0.0,166.0,1030.0,,,,,
2026-03-08,G4,323NV,3391,BUR,BLI,1036,1040,4.0,1326,1330,4.0,0.0,0.0,170.0,1030.0,,,,,
2026-03-08,G4,323NV,271,BLI,AZA,1416,1427,11.0,1723,1721,-2.0,0.0,0.0,187.0,1208.0,,,,,
2026-03-08,G4,323NV,282,AZA,BLI,1813,1847,34.0,2124,2153,29.0,0.0,0.0,191.0,1208.0,0.0,29.0,0.0,0.0,0.0
2026-03-07,G4,324NV,2661,PIE,CID,0750,0742,-8.0,0950,0946,-4.0,0.0,0.0,180.0,1090.0,,,,,
2026-03-07,G4,324NV,2629,CID,PIE,1040,1037,-3.0,1415,1432,17.0,0.0,0.0,155.0,1090.0,0.0,0.0,17.0,0.0,0.0
2026-03-08,G4,324NV,983,PIE,ELM,0620,0607,-13.0,0857,0841,-16.0,0.0,0.0,157.0,1035.0,,,,,
2026-03-08,G4,324NV,1012,ELM,PIE,0947,0935,-12.0,1232,1216,-16.0,0.0,0.0,165.0,1035.0,,,,,
2026-03-08,G4,324NV,2689,PIE,USA,1308,1306,-2.0,1452,1449,-3.0,0.0,0.0,104.0,528.0,,,,,
2026-03-08,G4,324NV,1019,USA,PIE,1542,1532,-10.0,1724,1727,3.0,0.0,0.0,102.0,528.0,,,,,
2026-03-08,G4,324NV,2724,PIE,ROA,1814,1811,-3.0,2016,2009,-7.0,0.0,0.0,122.0,668.0,,,,,
2026-03-08,G4,324NV,1069,ROA,PIE,2106,2054,-12.0,2303,2237,-26.0,0.0,0.0,117.0,668.0,,,,,
2026-03-07,G4,329NV,1938,BNA,BZN,0900,0847,-13.0,1147,1127,-20.0,0.0,0.0,227.0,1435.0,,,,,
2026-03-07,G4,329NV,1958,BZN,BNA,1237,1220,-17.0,1648,1631,-17.0,0.0,0.0,191.0,1435.0,,,,,
2026-03-08,G4,329NV,323,BNA,CAK,0740,0824,44.0,1006,1047,41.0,0.0,0.0,86.0,436.0,41.0,0.0,0.0,0.0,0.0
2026-03-08,G4,329NV,331,CAK,BNA,1056,1126,30.0,1126,1202,36.0,0.0,0.0,90.0,436.0,0.0,0.0,6.0,0.0,30.0
2026-03-08,G4,329NV,328,BNA,SYR,1216,1247,31.0,1518,1530,12.0,0.0,0.0,122.0,741.0,,,,,
2026-03-08,G4,329NV,337,SYR,MYR,1603,1608,5.0,1813,1828,15.0,0.0,0.0,130.0,668.0,0.0,0.0,10.0,0.0,5.0
2026-03-08,G4,329NV,318,MYR,SYR,1858,1930,32.0,2057,2112,15.0,0.0,0.0,119.0,668.0,0.0,15.0,0.0,0.0,0.0
2026-03-08,G4,329NV,321,SYR,BNA,2142,2154,12.0,2258,2254,-4.0,0.0,0.0,136.0,741.0,,,,,
2026-03-07,G4,332NV,2917,SFB,MDT,0600,0601,1.0,0820,0815,-5.0,0.0,0.0,140.0,827.0,,,,,
2026-03-07,G4,332NV,1198,MDT,SFB,0910,0901,-9.0,1133,1129,-4.0,0.0,0.0,143.0,827.0,,,,,
2026-03-07,G4,332NV,1292,SFB,BGR,1231,1237,6.0,1537,1552,15.0,0.0,0.0,186.0,1299.0,6.0,0.0,9.0,0.0,0.0
2026-03-07,G4,332NV,2858,BGR,SFB,1627,1642,15.0,1956,1953,-3.0,0.0,0.0,209.0,1299.0,,,,,
2026-03-08,G4,332NV,1307,SFB,PSM,0835,0826,-9.0,1125,1143,18.0,0.0,0.0,170.0,1144.0,0.0,0.0,18.0,0.0,0.0
2026-03-08,G4,332NV,1246,PSM,SFB,1215,1239,24.0,1533,1551,18.0,0.0,0.0,198.0,1144.0,6.0,0.0,0.0,0.0,12.0
2026-03-08,G4,332NV,2951,SFB,HSV,1623,1635,12.0,1703,1719,16.0,0.0,0.0,100.0,519.0,0.0,0.0,4.0,0.0,12.0
2026-03-08,G4,332NV,1339,HSV,SFB,1753,1755,2.0,2043,2031,-12.0,0.0,0.0,110.0,519.0,,,,,
2026-03-07,G4,335NV,3,LAS,BIS,0900,0852,-8.0,1340,1343,3.0,0.0,0.0,160.0,1048.0,,,,,
2026-03-07,G4,335NV,4,BIS,LAS,1430,1425,-5.0,1518,1450,-28.0,0.0,0.0,168.0,1048.0,,,,,
2026-03-08,G4,335NV,5,LAS,BZN,0635,0629,-6.0,0943,0931,-12.0,0.0,0.0,128.0,701.0,,,,,
2026-03-08,G4,335NV,6,BZN,LAS,1033,1019,-14.0,1140,1117,-23.0,0.0,0.0,127.0,701.0,,,,,
2026-03-08,G4,335NV,134,LAS,MFR,1230,1229,-1.0,1436,1417,-19.0,0.0,0.0,126.0,600.0,,,,,
2026-03-08,G4,335NV,1706,MFR,SNA,1526,1520,-6.0,1727,1720,-7.0,0.0,0.0,121.0,659.0,,,,,
2026-03-08,G4,335NV,24,SNA,MFR,1817,1819,2.0,2021,2017,-4.0,0.0,0.0,124.0,659.0,,,,,
2026-03-08,G4,335NV,158,MFR,LAS,2111,2104,-7.0,2300,2250,-10.0,0.0,0.0,109.0,600.0,,,,,
2026-03-07,G4,810MG,3914,FLL,ACY,0930,0920,-10.0,1212,1217,5.0,0.0,0.0,162.0,977.0,,,,,
2026-03-07,G4,810MG,3915,ACY,FLL,1302,1255,-7.0,1538,1528,-10.0,0.0,0.0,156.0,977.0,,,,,
2026-03-08,G4,810MG,3470,FLL,ACY,0910,0911,1.0,1152,1142,-10.0,0.0,0.0,162.0,977.0,,,,,
2026-03-08,G4,810MG,3471,ACY,FLL,1242,1240,-2.0,1518,1545,27.0,0.0,0.0,156.0,977.0,0.0,0.0,27.0,0.0,0.0
2026-03-08,G4,810MG,497,FLL,XNA,1628,1713,45.0,1842,1941,59.0,0.0,0.0,194.0,1092.0,0.0,0.0,32.0,0.0,27.0
2026-03-08,G4,810MG,532,XNA,FLL,1932,2032,60.0,2316,0115,119.0,0.0,0.0,164.0,1092.0,60.0,0.0,59.0,0.0,0.0
2026-03-07,G4,820NV,487,FLL,BGR,0900,1155,175.0,1233,1526,173.0,0.0,0.0,213.0,1438.0,173.0,0.0,0.0,0.0,0.0
2026-03-07,G4,820NV,496,BGR,FLL,1323,1616,173.0,1705,2006,181.0,0.0,0.0,222.0,1438.0,0.0,0.0,8.0,0.0,173.0
2026-03-08,G4,820NV,2119,FLL,CAK,0800,0759,-1.0,1051,1040,-11.0,0.0,0.0,171.0,1026.0,,,,,
2026-03-08,G4,820NV,514,CAK,FLL,1141,1135,-6.0,1424,1409,-15.0,0.0,0.0,163.0,1026.0,,,,,
2026-03-08,G4,820NV,522,FLL,ATW,1514,1522,8.0,1753,1813,20.0,0.0,0.0,219.0,1338.0,0.0,0.0,20.0,0.0,0.0
2026-03-08,G4,820NV,509,ATW,FLL,1843,1907,24.0,2308,2320,12.0,0.0,0.0,205.0,1338.0,,,,,
2026-03-07,MQ,N204NN,3976,SGF,DFW,0600,0835,155.0,0745,1044,179.0,0.0,0.0,105.0,364.0,0.0,0.0,179.0,0.0,0.0
2026-03-07,MQ,N204NN,3839,DFW,BIS,1108,1148,40.0,1354,1415,21.0,0.0,0.0,166.0,977.0,0.0,13.0,0.0,0.0,8.0
2026-03-07,MQ,N204NN,3839,BIS,DFW,1424,1446,22.0,1709,1730,21.0,0.0,0.0,165.0,977.0,1.0,0.0,0.0,0.0,20.0
2026-03-07,MQ,N204NN,3882,DFW,SGF,1749,1810,21.0,1916,1928,12.0,0.0,0.0,87.0,364.0,,,,,
2026-03-08,MQ,N204NN,3624,SGF,DFW,0715,0714,-1.0,0900,0906,6.0,0.0,0.0,105.0,364.0,,,,,
2026-03-08,MQ,N204NN,3775,DFW,MEM,1005,1001,-4.0,1145,1134,-11.0,0.0,0.0,100.0,431.0,,,,,
2026-03-08,MQ,N204NN,3775,MEM,DFW,1215,1211,-4.0,1400,1349,-11.0,0.0,0.0,105.0,431.0,,,,,
2026-03-08,MQ,N204NN,4155,DFW,GJT,1444,1437,-7.0,1616,1559,-17.0,0.0,0.0,152.0,772.0,,,,,
2026-03-08,MQ,N204NN,4155,GJT,DFW,1646,1641,-5.0,2004,1948,-16.0,0.0,0.0,138.0,772.0,,,,,
2026-03-08,MQ,N204NN,3439,DFW,RAP,2105,2102,-3.0,2236,2210,-26.0,0.0,0.0,151.0,835.0,,,,,
2026-03-07,MQ,N206NN,3640,GSO,MIA,0703,0656,-7.0,0914,0858,-16.0,0.0,0.0,131.0,710.0,,,,,
2026-03-07,MQ,N206NN,4195,MIA,RIC,1634,1634,0.0,1906,1919,13.0,0.0,0.0,152.0,826.0,,,,,
2026-03-07,MQ,N206NN,4195,RIC,MIA,1936,1952,16.0,2205,2216,11.0,0.0,0.0,149.0,826.0,,,,,
2026-03-07,MQ,N206NN,3427,MIA,BHM,2256,2255,-1.0,2359,0007,8.0,0.0,0.0,123.0,661.0,,,,,
2026-03-08,MQ,N206NN,3423,BHM,MIA,0600,0609,9.0,0901,0857,-4.0,0.0,0.0,121.0,661.0,,,,,
2026-03-07,MQ,N212NN,3615,SGF,DFW,0825,0905,40.0,1010,1137,87.0,0.0,0.0,105.0,364.0,0.0,0.0,87.0,0.0,0.0
2026-03-07,MQ,N212NN,4230,DFW,TRI,1226,1220,-6.0,1546,1545,-1.0,0.0,0.0,140.0,868.0,,,,,
2026-03-07,MQ,N212NN,4230,TRI,DFW,1616,1628,12.0,1815,1805,-10.0,0.0,0.0,179.0,868.0,,,,,
2026-03-07,MQ,N212NN,4330,DFW,GNV,1936,1951,15.0,2300,2340,40.0,0.0,0.0,144.0,900.0,0.0,15.0,25.0,0.0,0.0
2026-03-08,MQ,N212NN,3488,GNV,MIA,0600,0717,77.0,0715,0826,71.0,0.0,0.0,75.0,294.0,71.0,0.0,0.0,0.0,0.0
2026-03-07,MQ,N230NN,3816,GSO,CLT,0700,0700,0.0,0800,0805,5.0,0.0,0.0,60.0,84.0,,,,,
2026-03-07,MQ,N230NN,3987,CLT,SGF,1426,1559,93.0,1558,1716,78.0,0.0,0.0,152.0,708.0,30.0,0.0,0.0,0.0,48.0
2026-03-07,MQ,N230NN,3987,SGF,CLT,1629,1755,86.0,1940,2057,77.0,0.0,0.0,131.0,708.0,8.0,0.0,0.0,0.0,69.0
2026-03-07,MQ,N230NN,3692,CLT,LIT,2057,2140,43.0,2226,2257,31.0,0.0,0.0,149.0,640.0,0.0,2.0,0.0,0.0,29.0
2026-03-08,MQ,N230NN,3371,LIT,CLT,0705,0658,-7.0,1017,0955,-22.0,0.0,0.0,132.0,640.0,,,,,
2026-03-08,MQ,N230NN,3674,CLT,GSP,1120,1121,1.0,1215,1214,-1.0,0.0,0.0,55.0,75.0,,,,,
2026-03-08,MQ,N230NN,3674,GSP,CLT,1245,1323,38.0,1356,1417,21.0,0.0,0.0,71.0,75.0,21.0,0.0,0.0,0.0,0.0
2026-03-08,MQ,N230NN,3987,CLT,SGF,1441,1457,16.0,1613,1605,-8.0,0.0,0.0,152.0,708.0,,,,,
2026-03-08,MQ,N230NN,3987,SGF,CLT,1647,1639,-8.0,1958,1944,-14.0,0.0,0.0,131.0,708.0,,,,,
2026-03-08,MQ,N230NN,3416,CLT,GSO,2049,2046,-3.0,2147,2127,-20.0,0.0,0.0,58.0,84.0,,,,,
2026-03-07,MQ,N250NN,3968,ATW,PHX,0700,0704,4.0,1017,1004,-13.0,0.0,0.0,257.0,1463.0,,,,,
2026-03-07,MQ,N250NN,4049,PHX,TUS,1124,1119,-5.0,1218,1210,-8.0,0.0,0.0,54.0,109.0,,,,,
2026-03-07,MQ,N250NN,4049,TUS,PHX,1253,1250,-3.0,1353,1336,-17.0,0.0,0.0,60.0,109.0,,,,,
2026-03-07,MQ,N250NN,3727,PHX,BIL,2105,2212,67.0,2335,0033,58.0,0.0,0.0,150.0,873.0,58.0,0.0,0.0,0.0,0.0
2026-03-08,MQ,N250NN,3661,BIL,PHX,0705,0652,-13.0,0850,0802,-48.0,0.0,0.0,165.0,873.0,,,,,
2026-03-08,MQ,N250NN,3666,PHX,FSD,0931,0921,-10.0,1426,1432,6.0,0.0,0.0,175.0,1081.0,,,,,
2026-03-08,MQ,N250NN,3666,FSD,PHX,1457,1503,6.0,1604,1555,-9.0,0.0,0.0,187.0,1081.0,,,,,
2026-03-08,MQ,N250NN,3967,PHX,ATW,1900,1912,12.0,0035,0049,14.0,0.0,0.0,215.0,1463.0,,,,,
2026-03-07,MQ,N274NN,3520,BOS,STL,0900,0923,23.0,1116,1146,30.0,0.0,0.0,196.0,1047.0,23.0,0.0,7.0,0.0,0.0
2026-03-07,MQ,N274NN,3416,STL,BOS,1150,1226,36.0,1530,1550,20.0,0.0,0.0,160.0,1047.0,0.0,6.0,0.0,0.0,14.0
2026-03-07,MQ,N274NN,3712,BOS,ORD,1649,1758,69.0,1905,1958,53.0,0.0,0.0,196.0,867.0,0.0,0.0,53.0,0.0,0.0
2026-03-07,MQ,N274NN,4000,ORD,RIC,2044,2042,-2.0,2349,2332,-17.0,0.0,0.0,125.0,642.0,,,,,
2026-03-08,MQ,N274NN,4001,RIC,ORD,0544,0547,3.0,0714,0658,-16.0,0.0,0.0,150.0,642.0,,,,,
2026-03-08,MQ,N274NN,3980,ORD,SAV,0806,0802,-4.0,1127,1123,-4.0,0.0,0.0,141.0,773.0,,,,,
2026-03-08,MQ,N274NN,3980,SAV,ORD,1159,1202,3.0,1337,1318,-19.0,0.0,0.0,158.0,773.0,,,,,
2026-03-08,MQ,N274NN,3526,ORD,CMH,1446,1439,-7.0,1710,1650,-20.0,0.0,0.0,84.0,296.0,,,,,
2026-03-08,MQ,N274NN,3841,CMH,MIA,1743,1737,-6.0,2024,2030,6.0,0.0,0.0,161.0,990.0,,,,,
2026-03-08,MQ,N274NN,3558,MIA,DSM,2105,2106,1.0,2356,2337,-19.0,0.0,0.0,231.0,1327.0,,,,,
2026-03-07,MQ,N277NN,4102,PHX,RDM,0820,0819,-1.0,1005,0957,-8.0,0.0,0.0,165.0,893.0,,,,,
2026-03-07,MQ,N277NN,4102,RDM,PHX,1040,1033,-7.0,1410,1412,2.0,0.0,0.0,150.0,893.0,,,,,
2026-03-07,MQ,N277NN,3593,PHX,FAT,1510,1506,-4.0,1601,1538,-23.0,0.0,0.0,111.0,493.0,,,,,
2026-03-07,MQ,N277NN,3593,FAT,PHX,1631,1628,-3.0,1920,1912,-8.0,0.0,0.0,109.0,493.0,,,,,
2026-03-07,MQ,N277NN,3783,PHX,MCI,2017,2011,-6.0,2357,2358,1.0,0.0,0.0,160.0,1044.0,,,,,
2026-03-08,MQ,N277NN,3764,MCI,PHX,0800,0753,-7.0,0915,0841,-34.0,0.0,0.0,195.0,1044.0,,,,,
2026-03-08,MQ,N277NN,4126,PHX,STS,1004,1000,-4.0,1226,1214,-12.0,0.0,0.0,142.0,699.0,,,,,
2026-03-08,MQ,N277NN,4126,STS,PHX,1256,1252,-4.0,1505,1457,-8.0,0.0,0.0,129.0,699.0,,,,,
2026-03-08,MQ,N277NN,3856,PHX,SEA,1707,1707,0.0,2028,2026,-2.0,0.0,0.0,201.0,1107.0,,,,,
2026-03-07,MQ,N287NN,3971,CHA,MIA,0700,0841,101.0,0910,1138,148.0,0.0,0.0,130.0,701.0,101.0,0.0,47.0,0.0,0.0
2026-03-07,MQ,N287NN,3966,MIA,TLH,1840,1952,72.0,2018,2205,107.0,0.0,0.0,98.0,402.0,0.0,0.0,35.0,0.0,72.0
2026-03-07,MQ,N287NN,3966,TLH,MIA,2048,2234,106.0,2215,2355,100.0,0.0,0.0,87.0,402.0,0.0,0.0,0.0,0.0,100.0
2026-03-08,MQ,N287NN,3437,MIA,CMH,0801,0800,-1.0,1101,1037,-24.0,0.0,0.0,180.0,990.0,,,,,
2026-03-08,MQ,N287NN,3437,CMH,MIA,1131,1124,-7.0,1413,1358,-15.0,0.0,0.0,162.0,990.0,,,,,
2026-03-08,MQ,N287NN,3570,MIA,MCI,1459,1458,-1.0,1743,1721,-22.0,0.0,0.0,224.0,1251.0,,,,,
2026-03-08,MQ,N287NN,3527,MCI,DFW,1813,1805,-8.0,2004,1954,-10.0,0.0,0.0,111.0,460.0,,,,,
2026-03-07,MQ,N290NN,3559,DTW,ORD,0545,0543,-2.0,0610,0554,-16.0,0.0,0.0,85.0,235.0,,,,,
2026-03-07,MQ,N290NN,3689,ORD,LEX,0704,0704,0.0,0928,0916,-12.0,0.0,0.0,84.0,323.0,,,,,
2026-03-07,MQ,N290NN,3689,LEX,ORD,1027,1012,-15.0,1102,1048,-14.0,0.0,0.0,95.0,323.0,,,,,
2026-03-07,MQ,N290NN,4118,ORD,ATL,1145,1150,5.0,1447,1527,40.0,0.0,0.0,122.0,606.0,0.0,5.0,35.0,0.0,0.0
2026-03-07,MQ,N290NN,3420,ATL,ORD,1522,1601,39.0,1643,1709,26.0,0.0,0.0,141.0,606.0,3.0,0.0,0.0,0.0,23.0
2026-03-07,MQ,N290NN,3770,ORD,ATW,1659,1751,52.0,1802,1839,37.0,0.0,0.0,63.0,160.0,0.0,1.0,0.0,0.0,36.0
2026-03-07,MQ,N290NN,3770,ATW,ORD,1835,1940,65.0,1955,2153,118.0,0.0,0.0,80.0,160.0,0.0,0.0,84.0,0.0,34.0
2026-03-07,MQ,N290NN,3758,ORD,RDU,2052,2239,107.0,2359,0145,106.0,0.0,0.0,127.0,646.0,0.0,6.0,0.0,0.0,100.0
2026-03-08,MQ,N290NN,3650,RDU,ORD,0500,0504,4.0,0624,0618,-6.0,0.0,0.0,144.0,646.0,,,,,
2026-03-08,MQ,N290NN,3449,ORD,ATL,0710,0726,16.0,1012,1031,19.0,0.0,0.0,122.0,606.0,16.0,0.0,3.0,0.0,0.0
2026-03-08,MQ,N290NN,3769,ATL,ORD,1106,1103,-3.0,1225,1209,-16.0,0.0,0.0,139.0,606.0,,,,,
2026-03-08,MQ,N290NN,4200,ORD,HPN,1250,1248,-2.0,1559,1545,-14.0,0.0,0.0,129.0,738.0,,,,,
2026-03-08,MQ,N290NN,3808,HPN,ORD,1630,1621,-9.0,1818,1746,-32.0,0.0,0.0,168.0,738.0,,,,,
2026-03-08,MQ,N290NN,3447,ORD,CMH,2059,2055,-4.0,2328,2308,-20.0,0.0,0.0,89.0,296.0,,,,,
2026-03-07,MQ,N299JJ,3717,XNA,DFW,0744,1155,251.0,0919,1427,308.0,0.0,0.0,95.0,280.0,0.0,0.0,82.0,0.0,226.0
2026-03-07,MQ,N299JJ,3557,DFW,FAR,1402,1529,87.0,1646,1752,66.0,0.0,0.0,164.0,967.0,0.0,17.0,0.0,0.0,49.0
2026-03-07,MQ,N299JJ,3602,FAR,DFW,1716,1826,70.0,2005,2103,58.0,0.0,0.0,169.0,967.0,3.0,0.0,0.0,0.0,55.0
2026-03-08,MQ,N299JJ,4176,DFW,TYS,0700,0659,-1.0,1010,1000,-10.0,0.0,0.0,130.0,772.0,,,,,
2026-03-08,MQ,N299JJ,4176,TYS,DFW,1040,1209,89.0,1224,1336,72.0,0.0,0.0,164.0,772.0,72.0,0.0,0.0,0.0,0.0
2026-03-08,MQ,N299JJ,3937,DFW,BIL,2002,1959,-3.0,2209,2159,-10.0,0.0,0.0,187.0,1081.0,,,,,
2026-03-07,MQ,N302RN,3488,GNV,MIA,0600,0932,212.0,0715,1159,284.0,0.0,0.0,75.0,294.0,212.0,0.0,72.0,0.0,0.0
2026-03-07,MQ,N302RN,3725,MIA,GNV,2243,2243,0.0,2359,0010,11.0,0.0,0.0,76.0,294.0,,,,,
2026-03-08,MQ,N302RN,4266,GNV,DFW,0717,0709,-8.0,0925,0901,-24.0,0.0,0.0,188.0,900.0,,,,,
2026-03-08,MQ,N302RN,4060,DFW,CAE,1550,1544,-6.0,1914,1850,-24.0,0.0,0.0,144.0,922.0,,,,,
2026-03-08,MQ,N302RN,4060,CAE,DFW,1944,1940,-4.0,2150,2146,-4.0,0.0,0.0,186.0,922.0,,,,,
2026-03-07,MQ,N308LD,4264,CVG,BOS,0715,0715,0.0,0926,0918,-8.0,0.0,0.0,131.0,752.0,,,,,
2026-03-07,MQ,N308LD,3388,BOS,EYW,1017,1007,-10.0,1416,1338,-38.0,0.0,0.0,239.0,1373.0,,,,,
2026-03-07,MQ,N308LD,3388,EYW,BOS,1446,1431,-15.0,1814,1811,-3.0,0.0,0.0,208.0,1373.0,,,,,
2026-03-07,MQ,N308LD,3802,BOS,CVG,1905,1853,-12.0,2146,2143,-3.0,0.0,0.0,161.0,752.0,,,,,
2026-03-08,MQ,N308LD,3618,CVG,MIA,0530,0526,-4.0,0810,0802,-8.0,0.0,0.0,160.0,948.0,,,,,
2026-03-08,MQ,N308LD,3821,MIA,ORF,1648,1642,-6.0,1911,1903,-8.0,0.0,0.0,143.0,802.0,,,,,
2026-03-08,MQ,N308LD,3821,ORF,MIA,1941,1935,-6.0,2210,2217,7.0,0.0,0.0,149.0,802.0,,,,,
2026-03-08,MQ,N308LD,3427,MIA,BHM,2255,2254,-1.0,2359,0021,22.0,0.0,0.0,124.0,661.0,0.0,0.0,22.0,0.0,0.0
2026-03-07,MQ,N311VE,3438,ELP,ORD,0600,0554,-6.0,1015,0958,-17.0,0.0,0.0,195.0,1236.0,,,,,
2026-03-07,MQ,N311VE,3646,ORD,BMI,0959,1037,38.0,1101,1122,21.0,0.0,0.0,62.0,116.0,0.0,0.0,0.0,0.0,21.0
2026-03-07,MQ,N311VE,3646,BMI,ORD,1131,1158,27.0,1235,1259,24.0,0.0,0.0,64.0,116.0,5.0,0.0,0.0,0.0,19.0
2026-03-07,MQ,N311VE,4234,ORD,ICT,1320,1335,15.0,1527,1540,13.0,0.0,0.0,127.0,588.0,,,,,
2026-03-07,MQ,N311VE,4234,ICT,ORD,1607,1613,6.0,1810,1755,-15.0,0.0,0.0,123.0,588.0,,,,,
2026-03-07,MQ,N311VE,3648,ORD,GSO,1854,1903,9.0,2151,2159,8.0,0.0,0.0,117.0,589.0,,,,,
2026-03-08,MQ,N311VE,3413,GSO,ORD,0735,0732,-3.0,0859,0829,-30.0,0.0,0.0,144.0,589.0,,,,,
2026-03-08,MQ,N311VE,4324,ORD,BOI,0947,0946,-1.0,1300,1239,-21.0,0.0,0.0,253.0,1437.0,,,,,
2026-03-08,MQ,N311VE,4324,BOI,ORD,1331,1326,-5.0,1811,1741,-30.0,0.0,0.0,220.0,1437.0,,,,,
2026-03-08,MQ,N311VE,3378,ORD,SAV,1925,1924,-1.0,2248,2230,-18.0,0.0,0.0,143.0,773.0,,,,,
2026-03-07,MQ,N313BS,3442,SAT,ORD,0517,0507,-10.0,0820,0835,15.0,0.0,0.0,183.0,1041.0,0.0,0.0,15.0,0.0,0.0
2026-03-07,MQ,N313BS,3664,ORD,MDT,0907,0917,10.0,1203,1202,-1.0,0.0,0.0,116.0,594.0,,,,,
2026-03-07,MQ,N313BS,3664,MDT,ORD,1235,1235,0.0,1354,1355,1.0,0.0,0.0,139.0,594.0,,,,,
2026-03-07,MQ,N313BS,3643,ORD,MHK,1439,1438,-1.0,1633,1641,8.0,0.0,0.0,114.0,501.0,,,,,
2026-03-07,MQ,N313BS,3643,MHK,ORD,1706,1709,3.0,1902,1919,17.0,0.0,0.0,116.0,501.0,0.0,0.0,14.0,0.0,3.0
2026-03-07,MQ,N313BS,3977,ORD,CHA,1859,1952,53.0,2151,2229,38.0,0.0,0.0,112.0,501.0,0.0,0.0,0.0,0.0,38.0
2026-03-08,MQ,N313BS,4258,CHA,ORD,0800,1007,127.0,0911,1057,106.0,0.0,0.0,131.0,501.0,106.0,0.0,0.0,0.0,0.0
2026-03-08,MQ,N313BS,3342,ORD,BNA,1103,1136,33.0,1242,1315,33.0,0.0,0.0,99.0,409.0,0.0,0.0,0.0,0.0,33.0
2026-03-08,MQ,N313BS,3623,BNA,MIA,1315,1350,35.0,1635,1710,35.0,0.0,0.0,140.0,806.0,5.0,0.0,0.0,0.0,30.0
2026-03-08,MQ,N313BS,3846,MIA,SAV,1720,1753,33.0,1904,1948,44.0,0.0,0.0,104.0,440.0,3.0,0.0,11.0,0.0,30.0
2026-03-08,MQ,N313BS,3992,SAV,MIA,1934,2027,53.0,2109,2155,46.0,0.0,0.0,95.0,440.0,8.0,0.0,0.0,0.0,38.0
2026-03-08,MQ,N313BS,3742,MIA,CMH,2155,2230,35.0,0059,0115,16.0,0.0,0.0,184.0,990.0,0.0,0.0,0.0,0.0,16.0
2026-03-07,MQ,N316GS,4035,CMH,DCA,0619,0617,-2.0,0744,0738,-6.0,0.0,0.0,85.0,323.0,,,,,
2026-03-07,MQ,N316GS,3627,DCA,LIT,1759,1753,-6.0,1954,1933,-21.0,0.0,0.0,175.0,888.0,,,,,
2026-03-08,MQ,N316GS,3630,LIT,DCA,0600,0601,1.0,0924,0906,-18.0,0.0,0.0,144.0,888.0,,,,,
2026-03-08,MQ,N316GS,3644,DCA,CLE,1021,1016,-5.0,1152,1142,-10.0,0.0,0.0,91.0,310.0,,,,,
2026-03-08,MQ,N316GS,3644,CLE,DCA,1222,1216,-6.0,1344,1325,-19.0,0.0,0.0,82.0,310.0,,,,,
2026-03-08,MQ,N316GS,4043,DCA,MSP,1500,1504,4.0,1700,1651,-9.0,0.0,0.0,180.0,931.0,,,,,
2026-03-08,MQ,N316GS,4043,MSP,DCA,1735,1729,-6.0,2106,2054,-12.0,0.0,0.0,151.0,931.0,,,,,
2026-03-07,MQ,N328DS,3585,SAV,ORD,0909,0904,-5.0,1047,1059,12.0,0.0,0.0,158.0,773.0,,,,,
2026-03-07,MQ,N328DS,3677,ORD,ECP,1158,1211,13.0,1424,1455,31.0,0.0,0.0,146.0,810.0,0.0,13.0,18.0,0.0,0.0
2026-03-07,MQ,N328DS,3677,ECP,ORD,1500,1528,28.0,1745,1800,15.0,0.0,0.0,165.0,810.0,2.0,0.0,0.0,0.0,13.0
2026-03-07,MQ,N328DS,3584,ORD,GRR,1957,1949,-8.0,2204,2139,-25.0,0.0,0.0,67.0,137.0,,,,,
2026-03-08,MQ,N328DS,3574,GRR,ORD,0600,0554,-6.0,0614,0550,-24.0,0.0,0.0,74.0,137.0,,,,,
2026-03-08,MQ,N328DS,4003,ORD,RIC,0700,0654,-6.0,1003,0937,-26.0,0.0,0.0,123.0,642.0,,,,,
2026-03-08,MQ,N328DS,3811,RIC,ORD,1037,1035,-2.0,1158,1147,-11.0,0.0,0.0,141.0,642.0,,,,,
2026-03-08,MQ,N328DS,3422,ORD,ATL,1145,1233,48.0,1447,1522,35.0,0.0,0.0,122.0,606.0,0.0,4.0,0.0,0.0,31.0
2026-03-08,MQ,N328DS,3422,ATL,ORD,1519,1611,52.0,1640,1710,30.0,0.0,0.0,141.0,606.0,0.0,0.0,0.0,11.0,19.0
2026-03-08,MQ,N328DS,3880,ORD,MCI,1742,1750,8.0,1927,1911,-16.0,0.0,0.0,105.0,403.0,,,,,
2026-03-08,MQ,N328DS,3366,MCI,ORD,1957,1950,-7.0,2140,2131,-9.0,0.0,0.0,103.0,403.0,,,,,
2026-03-08,MQ,N328DS,4321,ORD,ALO,2234,2231,-3.0,2353,0006,13.0,0.0,0.0,79.0,234.0,,,,,
2026-03-07,MQ,N331SC,4306,FSD,PHX,0740,0740,0.0,1015,1009,-6.0,0.0,0.0,215.0,1081.0,,,,,
2026-03-07,MQ,N331SC,4305,PHX,FSD,2011,2008,-3.0,2358,0035,37.0,0.0,0.0,167.0,1081.0,0.0,0.0,37.0,0.0,0.0
2026-03-08,MQ,N331SC,4306,FSD,PHX,0800,0756,-4.0,0935,0851,-44.0,0.0,0.0,215.0,1081.0,,,,,
2026-03-08,MQ,N331SC,3513,PHX,CLD,1024,1014,-10.0,1148,1131,-17.0,0.0,0.0,84.0,306.0,,,,,
2026-03-08,MQ,N331SC,3513,CLD,PHX,1220,1213,-7.0,1341,1325,-16.0,0.0,0.0,81.0,306.0,,,,,
2026-03-08,MQ,N331SC,3368,PHX,DEN,1517,1517,0.0,1815,1817,2.0,0.0,0.0,118.0,602.0,,,,,
2026-03-08,MQ,N331SC,3368,DEN,PHX,1845,1843,-2.0,1955,1935,-20.0,0.0,0.0,130.0,602.0,,,,,
2026-03-08,MQ,N331SC,3629,PHX,RDM,2100,2055,-5.0,2338,2319,-19.0,0.0,0.0,158.0,893.0,,,,,
2026-03-07,MQ,N336TS,3624,SGF,DFW,0715,0948,153.0,0900,1136,156.0,0.0,0.0,105.0,364.0,0.0,0.0,156.0,0.0,0.0
2026-03-07,MQ,N336TS,3888,DFW,MEM,1005,,,1145,,,1.0,0.0,100.0,431.0,,,,,
2026-03-07,MQ,N336TS,4286,MEM,DFW,1215,,,1400,,,1.0,0.0,105.0,431.0,,,,,
2026-03-07,MQ,N336TS,3535,DFW,RAP,1221,1234,13.0,1351,1424,33.0,0.0,0.0,150.0,835.0,0.0,13.0,20.0,0.0,0.0
2026-03-07,MQ,N336TS,3535,RAP,DFW,1421,1453,32.0,1751,1757,6.0,0.0,0.0,150.0,835.0,,,,,
2026-03-07,MQ,N336TS,3834,DFW,MSO,1911,1911,0.0,2156,2141,-15.0,0.0,0.0,225.0,1320.0,,,,,
2026-03-08,MQ,N336TS,4174,MSO,DFW,0615,0615,0.0,1047,1020,-27.0,0.0,0.0,212.0,1320.0,,,,,
2026-03-08,MQ,N336TS,3839,DFW,BIS,1108,1101,-7.0,1354,1329,-25.0,0.0,0.0,166.0,977.0,,,,,
2026-03-08,MQ,N336TS,3839,BIS,DFW,1424,1411,-13.0,1709,1636,-33.0,0.0,0.0,165.0,977.0,,,,,
2026-03-08,MQ,N336TS,3860,DFW,SGF,1749,1747,-2.0,1916,1902,-14.0,0.0,0.0,87.0,364.0,,,,,
2026-03-08,MQ,N336TS,3860,SGF,DFW,1946,1941,-5.0,2126,2116,-10.0,0.0,0.0,100.0,364.0,,,,,
2026-03-08,MQ,N336TS,3842,DFW,LCH,2135,2149,14.0,2257,2256,-1.0,0.0,0.0,82.0,295.0,,,,,
2026-03-07,MQ,N337MR,4106,MLU,DFW,0600,0553,-7.0,0735,1130,,0.0,1.0,95.0,293.0,,,,,
2026-03-07,MQ,N337MR,3506,DFW,EVV,1327,1325,-2.0,1520,1550,30.0,0.0,0.0,113.0,642.0,0.0,0.0,30.0,0.0,0.0
2026-03-07,MQ,N337MR,3506,EVV,DFW,1550,1621,31.0,1815,1844,29.0,0.0,0.0,145.0,642.0,0.0,1.0,0.0,0.0,28.0
2026-03-07,MQ,N337MR,4260,DFW,AVL,1951,2056,65.0,2311,0002,51.0,0.0,0.0,140.0,848.0,0.0,51.0,0.0,0.0,0.0
2026-03-08,MQ,N337MR,4261,AVL,DFW,0714,0712,-2.0,0919,0855,-24.0,0.0,0.0,185.0,848.0,,,,,
2026-03-08,MQ,N337MR,3981,DFW,MRY,1007,1007,0.0,1220,1127,-53.0,0.0,0.0,253.0,1430.0,,,,,
2026-03-08,MQ,N337MR,3981,MRY,DFW,1250,1248,-2.0,1815,1843,28.0,0.0,0.0,205.0,1430.0,0.0,0.0,28.0,0.0,0.0
2026-03-08,MQ,N337MR,3450,DFW,FAR,1916,1919,3.0,2201,2151,-10.0,0.0,0.0,165.0,967.0,,,,,
2026-03-07,MQ,N745JB,3998,DFW,CLE,0854,,,1245,,,1.0,0.0,171.0,1021.0,,,,,
2026-03-07,MQ,N749BM,3545,ORD,SGF,0810,0807,-3.0,1000,0947,-13.0,0.0,0.0,110.0,438.0,,,,,
2026-03-07,MQ,N749BM,3469,SGF,ORD,1032,1026,-6.0,1214,1155,-19.0,0.0,0.0,102.0,438.0,,,,,
2026-03-07,MQ,N749BM,3409,ORD,LIT,1144,1246,62.0,1344,1438,54.0,0.0,0.0,120.0,552.0,0.0,10.0,0.0,0.0,44.0
2026-03-07,MQ,N749BM,3580,LIT,ORD,1426,1516,50.0,1630,1703,33.0,0.0,0.0,124.0,552.0,0.0,5.0,0.0,0.0,28.0
2026-03-07,MQ,N749BM,3880,ORD,MCI,1742,1746,4.0,1927,1934,7.0,0.0,0.0,105.0,403.0,,,,,
2026-03-07,MQ,N749BM,3939,AEX,DFW,1828,,,2005,,,1.0,0.0,97.0,285.0,,,,,
2026-03-07,MQ,N749BM,3536,MCI,ORD,1957,2035,38.0,2140,2216,36.0,0.0,0.0,103.0,403.0,29.0,0.0,0.0,0.0,7.0
2026-03-08,MQ,N749BM,3436,ORD,CLE,0657,0654,-3.0,0921,0859,-22.0,0.0,0.0,84.0,316.0,,,,,
2026-03-08,MQ,N749BM,3436,CLE,ORD,0952,0950,-2.0,1032,1028,-4.0,0.0,0.0,100.0,316.0,,,,,
2026-03-08,MQ,N749BM,3695,ORD,XNA,1028,1059,31.0,1229,1300,31.0,0.0,0.0,121.0,522.0,0.0,0.0,0.0,0.0,31.0
2026-03-08,MQ,N749BM,3695,XNA,ORD,1259,1333,34.0,1458,1520,22.0,0.0,0.0,119.0,522.0,2.0,0.0,0.0,0.0,20.0
2026-03-08,MQ,N749BM,4273,ORD,OMA,1600,1607,7.0,1740,1732,-8.0,0.0,0.0,100.0,416.0,,,,,
2026-03-08,MQ,N749BM,3819,OMA,ORD,1813,1805,-8.0,2005,1935,-30.0,0.0,0.0,112.0,416.0,,,,,
2026-03-08,MQ,N749BM,4262,ORD,CVG,2059,2109,10.0,2325,2335,10.0,0.0,0.0,86.0,264.0,,,,,
2026-03-07,MQ,N762DT,3650,ORD,STL,0850,0916,26.0,1013,1031,18.0,0.0,0.0,83.0,258.0,0.0,18.0,0.0,0.0,0.0
2026-03-07,MQ,N762DT,3650,STL,ORD,1043,1058,15.0,1205,1211,6.0,0.0,0.0,82.0,258.0,,,,,
2026-03-07,MQ,N762DT,3698,ORD,CLE,1216,1314,58.0,1437,1524,47.0,0.0,0.0,81.0,316.0,0.0,19.0,0.0,0.0,28.0
2026-03-07,MQ,N762DT,3614,CLE,ORD,1529,1557,28.0,1609,1622,13.0,0.0,0.0,100.0,316.0,,,,,
2026-03-07,MQ,N762DT,3821,ORD,IND,1651,1702,11.0,1858,1905,7.0,0.0,0.0,67.0,177.0,,,,,
2026-03-07,MQ,N762DT,4154,IND,ORD,1935,1943,8.0,1953,2106,73.0,0.0,0.0,78.0,177.0,0.0,0.0,73.0,0.0,0.0
2026-03-07,MQ,N762DT,3628,ORD,BMI,2040,2205,85.0,2141,2257,76.0,0.0,0.0,61.0,116.0,0.0,17.0,0.0,0.0,59.0
2026-03-08,MQ,N762DT,3458,BMI,ORD,0500,0458,-2.0,0605,0634,29.0,0.0,0.0,65.0,116.0,0.0,0.0,29.0,0.0,0.0
2026-03-08,MQ,N762DT,3859,ORD,SGF,0818,0814,-4.0,1008,1005,-3.0,0.0,0.0,110.0,438.0,,,,,
2026-03-08,MQ,N762DT,3345,SGF,ORD,1040,1039,-1.0,1222,1214,-8.0,0.0,0.0,102.0,438.0,,,,,
2026-03-08,MQ,N762DT,4252,ORD,GRR,1251,1252,1.0,1452,1448,-4.0,0.0,0.0,61.0,137.0,,,,,
2026-03-08,MQ,N762DT,4252,GRR,ORD,1527,1519,-8.0,1542,1514,-28.0,0.0,0.0,75.0,137.0,,,,,
2026-03-08,MQ,N762DT,4253,ORD,FAR,1645,1636,-9.0,1850,1826,-24.0,0.0,0.0,125.0,557.0,,,,,
2026-03-08,MQ,N762DT,4253,FAR,ORD,1920,1916,-4.0,2126,2100,-26.0,0.0,0.0,126.0,557.0,,,,,
2026-03-07,MQ,N787BP,3848,ORD,EWR,0800,0811,11.0,1117,1118,1.0,0.0,0.0,137.0,719.0,,,,,
2026-03-07,MQ,N787BP,3848,EWR,ORD,1147,1144,-3.0,1332,1326,-6.0,0.0,0.0,165.0,719.0,,,,,
2026-03-07,MQ,N787BP,3788,ORD,EWR,1414,1431,17.0,1729,1828,59.0,0.0,0.0,135.0,719.0,0.0,17.0,42.0,0.0,0.0
2026-03-07,MQ,N787BP,3788,EWR,ORD,1759,1859,60.0,1943,2049,66.0,0.0,0.0,164.0,719.0,0.0,1.0,6.0,0.0,59.0
2026-03-07,MQ,N787BP,3849,ORD,RST,2229,2248,19.0,2348,2356,8.0,0.0,0.0,79.0,268.0,,,,,
2026-03-08,MQ,N787BP,3461,RST,ORD,0553,0705,72.0,0720,0826,66.0,0.0,0.0,87.0,268.0,66.0,0.0,0.0,0.0,0.0
2026-03-08,MQ,N787BP,3829,ORD,EYW,1353,1355,2.0,1819,1754,-25.0,0.0,0.0,206.0,1251.0,,,,,
2026-03-08,MQ,N787BP,3829,EYW,ORD,1849,1843,-6.0,2136,2113,-23.0,0.0,0.0,227.0,1251.0,,,,,
2026-03-07,MQ,N790MK,3751,SDF,ORD,0709,0707,-2.0,0743,0903,80.0,0.0,0.0,94.0,286.0,0.0,0.0,80.0,0.0,0.0
2026-03-07,MQ,N790MK,3881,ORD,MSP,0925,0937,12.0,1058,1104,6.0,0.0,0.0,93.0,334.0,,,,,
2026-03-07,MQ,N790MK,3881,MSP,ORD,1136,1152,16.0,1319,1325,6.0,0.0,0.0,103.0,334.0,,,,,
2026-03-07,MQ,N790MK,3963,ORD,LEX,1359,1445,46.0,1622,1701,39.0,0.0,0.0,83.0,323.0,0.0,34.0,0.0,0.0,5.0
2026-03-07,MQ,N790MK,3963,LEX,ORD,1659,1741,42.0,1739,1805,26.0,0.0,0.0,100.0,323.0,0.0,6.0,0.0,0.0,20.0
2026-03-07,MQ,N790MK,3745,ORD,COU,1850,1850,0.0,2019,2019,0.0,0.0,0.0,89.0,315.0,,,,,
2026-03-08,MQ,N790MK,3655,COU,ORD,0600,0556,-4.0,0736,0740,4.0,0.0,0.0,96.0,315.0,,,,,
2026-03-08,MQ,N790MK,3419,ORD,CMI,0820,0818,-2.0,0922,0910,-12.0,0.0,0.0,62.0,135.0,,,,,
2026-03-08,MQ,N790MK,3419,CMI,ORD,0952,0944,-8.0,1101,1046,-15.0,0.0,0.0,69.0,135.0,,,,,
2026-03-08,MQ,N790MK,3529,ORD,PIA,1146,1144,-2.0,1247,1234,-13.0,0.0,0.0,61.0,130.0,,,,,
2026-03-08,MQ,N790MK,3529,PIA,ORD,1317,1313,-4.0,1423,1402,-21.0,0.0,0.0,66.0,130.0,,,,,
2026-03-08,MQ,N790MK,3472,ORD,BHM,1508,1505,-3.0,1702,1656,-6.0,0.0,0.0,114.0,584.0,,,,,
2026-03-08,MQ,N790MK,3472,BHM,ORD,1737,1730,-7.0,1959,1953,-6.0,0.0,0.0,142.0,584.0,,,,,
2026-03-08,MQ,N790MK,3750,ORD,FSD,2059,2055,-4.0,2255,2245,-10.0,0.0,0.0,116.0,462.0,,,,,
2026-03-07,MQ,N792JB,3836,ORD,ORF,1459,1459,0.0,1813,1758,-15.0,0.0,0.0,134.0,717.0,,,,,
2026-03-07,MQ,N792JB,3836,ORF,ORD,1843,1836,-7.0,2021,2009,-12.0,0.0,0.0,158.0,717.0,,,,,
2026-03-07,MQ,N792JB,3622,ORD,ATW,2220,2346,86.0,2324,0051,87.0,0.0,0.0,64.0,160.0,0.0,86.0,1.0,0.0,0.0
2026-03-08,MQ,N792JB,3510,ATW,ORD,0543,0538,-5.0,0659,0645,-14.0,0.0,0.0,76.0,160.0,,,,,
2026-03-08,MQ,N792JB,3848,ORD,EWR,0800,0756,-4.0,1117,1055,-22.0,0.0,0.0,137.0,719.0,,,,,
2026-03-08,MQ,N792JB,3848,EWR,ORD,1150,1328,98.0,1335,1513,98.0,0.0,0.0,165.0,719.0,98.0,0.0,0.0,0.0,0.0
2026-03-08,MQ,N792JB,4308,ORD,CVG,1420,1626,126.0,1640,1841,121.0,0.0,0.0,80.0,264.0,32.0,0.0,0.0,0.0,89.0
2026-03-07,NK,N607NK,2023,DTW,IAH,1652,1651,-1.0,1916,1928,12.0,0.0,0.0,204.0,1075.0,,,,,
2026-03-07,NK,N607NK,2024,IAH,DTW,2011,2152,101.0,2357,0126,89.0,0.0,0.0,166.0,1075.0,89.0,0.0,0.0,0.0,0.0
2026-03-07,NK,N609NK,450,CMH,MCO,0545,0548,3.0,0806,0751,-15.0,0.0,0.0,141.0,802.0,,,,,
2026-03-07,NK,N609NK,1525,MCO,MEM,0901,0924,23.0,1020,1019,-1.0,0.0,0.0,139.0,684.0,,,,,
2026-03-07,NK,N609NK,1526,MEM,MCO,1115,1114,-1.0,1420,1415,-5.0,0.0,0.0,125.0,684.0,,,,,
2026-03-07,NK,N609NK,1465,MCO,ATL,1515,1510,-5.0,1655,1650,-5.0,0.0,0.0,100.0,404.0,,,,,
2026-03-07,NK,N609NK,1466,ATL,MCO,1833,1838,5.0,2007,2000,-7.0,0.0,0.0,94.0,404.0,,,,,
2026-03-07,NK,N609NK,1071,MCO,EWR,2037,2055,18.0,2319,2400,41.0,0.0,0.0,162.0,937.0,0.0,0.0,23.0,0.0,18.0
2026-03-07,NK,N609NK,194,MCO,PIT,2102,,,2325,,,1.0,0.0,143.0,834.0,,,,,
2026-03-08,NK,N609NK,195,PIT,MCO,0545,,,0820,,,1.0,0.0,155.0,834.0,,,,,
2026-03-08,NK,N609NK,3005,EWR,PBI,0659,,,0954,,,1.0,0.0,175.0,1024.0,,,,,
2026-03-08,NK,N609NK,3006,PBI,EWR,1125,,,1405,,,1.0,0.0,160.0,1024.0,,,,,
2026-03-08,NK,N609NK,254,EWR,RDU,1530,1526,-4.0,1711,1659,-12.0,0.0,0.0,101.0,416.0,,,,,
2026-03-08,NK,N609NK,257,RDU,EWR,1808,1807,-1.0,1959,1931,-28.0,0.0,0.0,111.0,416.0,,,,,
2026-03-08,NK,N609NK,258,EWR,IND,2104,2056,-8.0,2325,2302,-23.0,0.0,0.0,141.0,645.0,,,,,
2026-03-07,NK,N611NK,2058,FLL,ACY,0710,0742,32.0,0943,1013,30.0,0.0,0.0,153.0,977.0,0.0,30.0,0.0,0.0,0.0
2026-03-07,NK,N611NK,2059,ACY,MCO,1038,1147,69.0,1315,1425,70.0,0.0,0.0,157.0,852.0,0.0,0.0,1.0,0.0,69.0
2026-03-07,NK,N611NK,1499,MCO,FLL,1450,1518,28.0,1600,1623,23.0,0.0,0.0,70.0,177.0,0.0,0.0,0.0,0.0,23.0
2026-03-07,NK,N611NK,1243,FLL,BWI,1628,1740,72.0,1901,1957,56.0,0.0,0.0,153.0,925.0,24.0,0.0,1.0,0.0,31.0
2026-03-07,NK,N611NK,1244,BWI,IAH,1957,2054,57.0,2244,2342,58.0,0.0,0.0,227.0,1235.0,0.0,0.0,56.0,2.0,0.0
2026-03-08,NK,N611NK,1245,IAH,BWI,0630,0625,-5.0,1027,1000,-27.0,0.0,0.0,177.0,1235.0,,,,,
2026-03-08,NK,N611NK,1246,BWI,MCO,1130,1121,-9.0,1359,1329,-30.0,0.0,0.0,149.0,787.0,,,,,
2026-03-08,NK,N611NK,1247,MCO,CLT,1502,1456,-6.0,1654,1649,-5.0,0.0,0.0,112.0,468.0,,,,,
2026-03-08,NK,N611NK,1248,CLT,MCO,1749,1742,-7.0,1940,2001,21.0,0.0,0.0,111.0,468.0,0.0,0.0,21.0,0.0,0.0
2026-03-08,NK,N611NK,1071,MCO,EWR,2037,2107,30.0,2319,2336,17.0,0.0,0.0,162.0,937.0,6.0,0.0,11.0,0.0,0.0
2026-03-07,NK,N616NK,1245,IAH,BWI,0630,0630,0.0,1027,1031,4.0,0.0,0.0,177.0,1235.0,,,,,
2026-03-07,NK,N616NK,1246,BWI,MCO,1130,1126,-4.0,1359,1351,-8.0,0.0,0.0,149.0,787.0,,,,,
2026-03-07,NK,N616NK,1247,MCO,CLT,1502,1531,29.0,1654,1738,44.0,0.0,0.0,112.0,468.0,29.0,0.0,15.0,0.0,0.0
2026-03-07,NK,N616NK,1248,CLT,MCO,1749,1829,40.0,1940,2027,47.0,0.0,0.0,111.0,468.0,0.0,0.0,7.0,0.0,40.0
2026-03-07,NK,N616NK,1995,MCO,LGA,2044,2151,67.0,2321,0150,149.0,0.0,0.0,157.0,950.0,29.0,0.0,82.0,0.0,38.0
2026-03-08,NK,N616NK,1410,LGA,MYR,0700,0649,-11.0,0858,0828,-30.0,0.0,0.0,118.0,563.0,,,,,
2026-03-08,NK,N616NK,933,LGA,ORD,0740,,,0922,,,1.0,0.0,162.0,733.0,,,,,
2026-03-08,NK,N616NK,1411,MYR,EWR,1009,0959,-10.0,1159,1130,-29.0,0.0,0.0,110.0,550.0,,,,,
2026-03-08,NK,N616NK,1412,EWR,MYR,1258,1252,-6.0,1455,1429,-26.0,0.0,0.0,117.0,550.0,,,,,
2026-03-08,NK,N616NK,1456,MYR,LGA,1559,1544,-15.0,1744,1714,-30.0,0.0,0.0,105.0,563.0,,,,,
2026-03-08,NK,N616NK,1417,LGA,MYR,1839,1927,48.0,2039,2115,36.0,0.0,0.0,120.0,563.0,36.0,0.0,0.0,0.0,0.0
2026-03-08,NK,N616NK,1455,MYR,LGA,2154,2159,5.0,2338,2332,-6.0,0.0,0.0,104.0,563.0,,,,,
2026-03-07,NK,N622NK,1410,LGA,MYR,0700,0719,19.0,0858,0858,0.0,0.0,0.0,118.0,563.0,,,,,
2026-03-07,NK,N622NK,1615,MYR,BOS,0953,0945,-8.0,1152,1211,19.0,0.0,0.0,119.0,738.0,0.0,0.0,19.0,0.0,0.0
2026-03-07,NK,N622NK,1612,BOS,MYR,1247,1306,19.0,1504,1507,3.0,0.0,0.0,137.0,738.0,,,,,
2026-03-07,NK,N622NK,1456,MYR,LGA,1559,1554,-5.0,1744,1748,4.0,0.0,0.0,105.0,563.0,,,,,
2026-03-07,NK,N622NK,1759,LGA,MIA,2045,2039,-6.0,2359,2342,-17.0,0.0,0.0,194.0,1096.0,,,,,
2026-03-08,NK,N622NK,1988,MIA,LGA,0602,0812,130.0,0900,1108,128.0,0.0,0.0,178.0,1096.0,9.0,0.0,119.0,0.0,0.0
2026-03-08,NK,N622NK,3508,LGA,MCO,0955,1208,133.0,1300,1504,124.0,0.0,0.0,185.0,950.0,4.0,0.0,1.0,0.0,119.0
2026-03-08,NK,N622NK,3885,MCO,EWR,1427,1758,211.0,1704,2048,224.0,0.0,0.0,157.0,937.0,0.0,0.0,133.0,0.0,91.0
2026-03-08,NK,N622NK,3886,EWR,MCO,1759,,,2058,,,1.0,0.0,179.0,937.0,,,,,
2026-03-08,NK,N622NK,224,MCO,ATL,2154,,,2333,,,1.0,0.0,99.0,404.0,,,,,
2026-03-07,NK,N626NK,2189,CLT,MIA,0700,0650,-10.0,0910,0843,-27.0,0.0,0.0,130.0,650.0,,,,,
2026-03-07,NK,N626NK,2183,MIA,CLT,1005,0959,-6.0,1220,1202,-18.0,0.0,0.0,135.0,650.0,,,,,
2026-03-07,NK,N626NK,2191,CLT,FLL,1324,1425,61.0,1530,1607,37.0,0.0,0.0,126.0,632.0,37.0,0.0,0.0,0.0,0.0
2026-03-07,NK,N626NK,1500,FLL,PHL,1705,1709,4.0,1952,1947,-5.0,0.0,0.0,167.0,993.0,,,,,
2026-03-07,NK,N626NK,655,PHL,SJU,2052,2038,-14.0,0137,0119,-18.0,0.0,0.0,225.0,1576.0,,,,,
2026-03-08,NK,N626NK,656,SJU,PHL,0259,0300,1.0,0711,0643,-28.0,0.0,0.0,252.0,1576.0,,,,,
2026-03-08,NK,N626NK,3035,PHL,FLL,0806,0820,14.0,1059,1059,0.0,0.0,0.0,173.0,993.0,,,,,
2026-03-08,NK,N626NK,1760,FLL,RDU,1205,1250,45.0,1413,1450,37.0,0.0,0.0,128.0,680.0,37.0,0.0,0.0,0.0,0.0
2026-03-08,NK,N626NK,1761,RDU,FLL,1508,1556,48.0,1725,1747,22.0,0.0,0.0,137.0,680.0,4.0,0.0,1.0,0.0,17.0
2026-03-08,NK,N626NK,1253,FLL,IAH,1820,1844,24.0,2023,2052,29.0,0.0,0.0,183.0,966.0,2.0,0.0,5.0,0.0,22.0
2026-03-08,NK,N626NK,1254,IAH,LAS,2118,2219,61.0,2246,2327,41.0,0.0,0.0,208.0,1222.0,21.0,0.0,1.0,0.0,19.0
2026-03-08,NK,N626NK,2194,LAS,BNA,2341,0047,66.0,0508,0618,70.0,0.0,0.0,207.0,1587.0,24.0,0.0,4.0,0.0,42.0
2026-03-07,NK,N633NK,2195,BNA,MCO,0615,0631,16.0,0914,0912,-2.0,0.0,0.0,119.0,616.0,,,,,
2026-03-07,NK,N633NK,3066,MCO,DTW,1030,1108,38.0,1320,1349,29.0,0.0,0.0,170.0,957.0,29.0,0.0,0.0,0.0,0.0
2026-03-07,NK,N633NK,998,DTW,MIA,1415,1445,30.0,1727,1842,75.0,0.0,0.0,192.0,1145.0,1.0,0.0,45.0,0.0,29.0
2026-03-07,NK,N633NK,999,MIA,DTW,1822,1933,71.0,2139,2255,76.0,0.0,0.0,197.0,1145.0,0.0,0.0,5.0,0.0,71.0
2026-03-08,NK,N633NK,2021,DTW,TPA,0605,0615,10.0,0853,0838,-15.0,0.0,0.0,168.0,983.0,,,,,
2026-03-08,NK,N633NK,2022,TPA,DTW,0948,0936,-12.0,1233,1212,-21.0,0.0,0.0,165.0,983.0,,,,,
2026-03-08,NK,N633NK,2025,DTW,MSY,1328,1353,25.0,1511,1514,3.0,0.0,0.0,163.0,926.0,,,,,
2026-03-08,NK,N633NK,2026,MSY,DTW,1606,1608,2.0,1938,1931,-7.0,0.0,0.0,152.0,926.0,,,,,
2026-03-08,NK,N633NK,585,DTW,TPA,2052,2046,-6.0,2336,2308,-28.0,0.0,0.0,164.0,983.0,,,,,
2026-03-07,NK,N634NK,1460,MSY,MCO,0610,,,0856,,,1.0,0.0,106.0,551.0,,,,,
2026-03-07,NK,N634NK,1461,MCO,MYR,0936,0931,-5.0,1059,1057,-2.0,0.0,0.0,83.0,388.0,,,,,
2026-03-07,NK,N634NK,1462,MYR,MCO,1154,1143,-11.0,1327,1320,-7.0,0.0,0.0,93.0,388.0,,,,,
2026-03-07,NK,N634NK,3885,MCO,EWR,1427,1533,66.0,1704,1809,65.0,0.0,0.0,157.0,937.0,0.0,0.0,65.0,0.0,0.0
2026-03-07,NK,N634NK,3886,EWR,MCO,1759,1902,63.0,2058,2144,46.0,0.0,0.0,179.0,937.0,0.0,0.0,46.0,0.0,0.0
2026-03-07,NK,N634NK,3064,MCO,SAT,2152,2235,43.0,2359,0015,16.0,0.0,0.0,187.0,1041.0,0.0,0.0,16.0,0.0,0.0
2026-03-08,NK,N634NK,3065,SAT,MCO,0600,0617,17.0,0935,0948,13.0,0.0,0.0,155.0,1041.0,,,,,
2026-03-08,NK,N634NK,3066,MCO,DTW,1030,1038,8.0,1320,1315,-5.0,0.0,0.0,170.0,957.0,,,,,
2026-03-08,NK,N634NK,998,DTW,MIA,1415,1412,-3.0,1727,1716,-11.0,0.0,0.0,192.0,1145.0,,,,,
2026-03-08,NK,N634NK,999,MIA,DTW,1822,1822,0.0,2139,2124,-15.0,0.0,0.0,197.0,1145.0,,,,,
2026-03-07,NK,N646NK,2207,DFW,SJU,0510,,,1137,,,1.0,0.0,267.0,2165.0,,,,,
2026-03-07,NK,N646NK,2208,SJU,ORD,1232,1228,-4.0,1548,1524,-24.0,0.0,0.0,316.0,2072.0,,,,,
2026-03-07,NK,N646NK,2209,ORD,FLL,1643,1649,6.0,2052,2057,5.0,0.0,0.0,189.0,1182.0,,,,,
2026-03-08,NK,N646NK,390,FLL,MSY,0710,0730,20.0,0821,0824,3.0,0.0,0.0,131.0,673.0,,,,,
2026-03-08,NK,N646NK,391,MSY,ORD,0917,0920,3.0,1147,1224,37.0,0.0,0.0,150.0,837.0,1.0,0.0,34.0,0.0,2.0
2026-03-08,NK,N646NK,392,ORD,MCO,1244,1313,29.0,1631,1651,20.0,0.0,0.0,167.0,1005.0,0.0,0.0,20.0,0.0,0.0
2026-03-08,NK,N646NK,393,MCO,ORD,1734,1743,9.0,1947,2113,86.0,0.0,0.0,193.0,1005.0,0.0,0.0,86.0,0.0,0.0
2026-03-08,NK,N646NK,394,ORD,MSY,2042,2159,77.0,2315,0007,52.0,0.0,0.0,153.0,837.0,0.0,0.0,52.0,0.0,0.0
2026-03-07,NK,N653NK,246,MSY,FLL,0620,0854,154.0,0910,1149,159.0,0.0,0.0,110.0,673.0,154.0,0.0,5.0,0.0,0.0
2026-03-07,NK,N653NK,2230,FLL,BOS,1402,1358,-4.0,1715,1719,4.0,0.0,0.0,193.0,1237.0,,,,,
2026-03-07,NK,N653NK,2231,BOS,FLL,1810,1850,40.0,2151,2157,6.0,0.0,0.0,221.0,1237.0,,,,,
2026-03-07,NK,N653NK,1980,FLL,BWI,2100,2326,146.0,2331,0148,137.0,0.0,0.0,151.0,925.0,31.0,0.0,1.0,0.0,105.0
2026-03-08,NK,N653NK,1240,BWI,FLL,0620,0618,-2.0,0907,0839,-28.0,0.0,0.0,167.0,925.0,,,,,
2026-03-08,NK,N653NK,1283,FLL,SDF,1159,1321,82.0,1438,1559,81.0,0.0,0.0,159.0,895.0,81.0,0.0,0.0,0.0,0.0
2026-03-08,NK,N653NK,1284,SDF,FLL,1533,1714,101.0,1807,1940,93.0,0.0,0.0,154.0,895.0,0.0,0.0,0.0,0.0,93.0
2026-03-08,NK,N653NK,166,FLL,RIC,1935,,,2154,,,1.0,0.0,139.0,806.0,,,,,
2026-03-07,NK,N656NK,1240,BWI,FLL,0520,0525,5.0,0805,0750,-15.0,0.0,0.0,165.0,925.0,,,,,
2026-03-07,NK,N656NK,3810,FLL,BNA,0900,0850,-10.0,1026,1002,-24.0,0.0,0.0,146.0,793.0,,,,,
2026-03-07,NK,N656NK,3811,BNA,FLL,1121,1110,-11.0,1436,1427,-9.0,0.0,0.0,135.0,793.0,,,,,
2026-03-07,NK,N656NK,2192,FLL,BNA,1620,1831,131.0,1745,1950,125.0,0.0,0.0,145.0,793.0,125.0,0.0,0.0,0.0,0.0
2026-03-07,NK,N656NK,2193,BNA,LAS,1845,2050,125.0,2104,2236,92.0,0.0,0.0,259.0,1587.0,0.0,0.0,4.0,0.0,88.0
2026-03-08,NK,N656NK,1640,LAS,LAX,0700,0656,-4.0,0815,0758,-17.0,0.0,0.0,75.0,236.0,,,,,
2026-03-08,NK,N656NK,1641,LAX,LAS,0912,0904,-8.0,1026,1010,-16.0,0.0,0.0,74.0,236.0,,,,,
2026-03-08,NK,N656NK,1642,LAS,DTW,1121,1119,-2.0,1820,1812,-8.0,0.0,0.0,239.0,1749.0,,,,,
2026-03-08,NK,N656NK,1643,DTW,LAS,1915,1909,-6.0,2053,2009,-44.0,0.0,0.0,278.0,1749.0,,,,,
2026-03-08,NK,N656NK,954,LAS,FLL,2159,2155,-4.0,0530,0518,-12.0,0.0,0.0,271.0,2173.0,,,,,
2026-03-07,NK,N667NK,460,MCO,SJU,0630,0623,-7.0,1017,1003,-14.0,0.0,0.0,167.0,1188.0,,,,,
2026-03-07,NK,N667NK,3012,SJU,BOS,1122,1117,-5.0,1443,1410,-33.0,0.0,0.0,261.0,1674.0,,,,,
2026-03-07,NK,N667NK,3033,BOS,MIA,1750,2026,156.0,2132,2347,135.0,0.0,0.0,222.0,1258.0,135.0,0.0,0.0,0.0,0.0
2026-03-08,NK,N667NK,1710,MIA,ORD,0712,0708,-4.0,0939,0924,-15.0,0.0,0.0,207.0,1197.0,,,,,
2026-03-08,NK,N667NK,1605,ORD,MCO,1044,1038,-6.0,1434,1440,6.0,0.0,0.0,170.0,1005.0,,,,,
2026-03-08,NK,N667NK,1752,MCO,DFW,1556,1551,-5.0,1810,1749,-21.0,0.0,0.0,194.0,985.0,,,,,
2026-03-08,NK,N667NK,1753,DFW,FLL,1915,1909,-6.0,2306,2252,-14.0,0.0,0.0,171.0,1119.0,,,,,
2026-03-07,NK,N671NK,991,MCO,EWR,0621,0618,-3.0,0900,0850,-10.0,0.0,0.0,159.0,937.0,,,,,
2026-03-07,NK,N671NK,992,EWR,MCO,1005,1001,-4.0,1306,1241,-25.0,0.0,0.0,181.0,937.0,,,,,
2026-03-07,NK,N671NK,1608,MCO,PIT,1414,1516,62.0,1639,1745,66.0,0.0,0.0,145.0,834.0,62.0,0.0,4.0,0.0,0.0
2026-03-07,NK,N671NK,1609,PIT,MCO,1822,1845,23.0,2055,2121,26.0,0.0,0.0,153.0,834.0,0.0,0.0,3.0,0.0,23.0
2026-03-08,NK,N671NK,460,MCO,SJU,0630,0626,-4.0,0917,0910,-7.0,0.0,0.0,167.0,1188.0,,,,,
2026-03-08,NK,N671NK,3012,SJU,BOS,1022,1022,0.0,1443,1424,-19.0,0.0,0.0,261.0,1674.0,,,,,
2026-03-08,NK,N671NK,273,BOS,MIA,1554,1738,104.0,1932,2104,92.0,0.0,0.0,218.0,1258.0,92.0,0.0,0.0,0.0,0.0
2026-03-08,NK,N671NK,272,MIA,BOS,2037,2214,97.0,2359,0116,77.0,0.0,0.0,202.0,1258.0,0.0,0.0,4.0,0.0,73.0
2026-03-07,NK,N674NK,1750,FLL,DFW,0730,0725,-5.0,0958,0948,-10.0,0.0,0.0,208.0,1119.0,,,,,
2026-03-07,NK,N674NK,1751,DFW,MCO,1106,1114,8.0,1448,1548,60.0,0.0,0.0,162.0,985.0,8.0,0.0,52.0,0.0,0.0
2026-03-07,NK,N674NK,1752,MCO,DFW,1556,,,1810,,,1.0,0.0,194.0,985.0,,,,,
2026-03-07,NK,N674NK,1753,DFW,FLL,1915,,,2306,,,1.0,0.0,171.0,1119.0,,,,,
2026-03-07,NK,N674NK,2212,FLL,DTW,2053,2224,91.0,2359,0140,101.0,0.0,0.0,186.0,1127.0,6.0,0.0,10.0,0.0,85.0
2026-03-08,NK,N674NK,260,DTW,FLL,0545,0600,15.0,0901,0900,-1.0,0.0,0.0,196.0,1127.0,,,,,
2026-03-08,NK,N674NK,571,FLL,SJU,1158,1207,9.0,1431,1449,18.0,0.0,0.0,153.0,1046.0,9.0,0.0,9.0,0.0,0.0
2026-03-08,NK,N674NK,572,SJU,FLL,1536,1554,18.0,1833,1841,8.0,0.0,0.0,177.0,1046.0,,,,,
2026-03-08,NK,N674NK,889,FLL,PIT,2117,2324,127.0,2359,0154,115.0,0.0,0.0,162.0,994.0,115.0,0.0,0.0,0.0,0.0
2026-03-07,NK,N681NK,2221,AUS,FLL,0715,,,1055,,,1.0,0.0,160.0,1105.0,,,,,
2026-03-07,NK,N681NK,2222,FLL,EWR,1200,1320,80.0,1454,1617,83.0,0.0,0.0,174.0,1065.0,30.0,0.0,53.0,0.0,0.0
2026-03-07,NK,N681NK,2223,EWR,DFW,1605,1727,82.0,1924,2018,54.0,0.0,0.0,259.0,1372.0,3.0,0.0,51.0,0.0,0.0
2026-03-07,NK,N681NK,2224,DFW,ATL,2040,2116,36.0,2344,0015,31.0,0.0,0.0,124.0,731.0,0.0,0.0,0.0,0.0,31.0
2026-03-08,NK,N681NK,2225,ATL,DFW,0530,0600,30.0,0702,0724,22.0,0.0,0.0,152.0,731.0,11.0,0.0,11.0,0.0,0.0
2026-03-08,NK,N681NK,2226,DFW,MSY,0807,0821,14.0,0938,0943,5.0,0.0,0.0,91.0,448.0,,,,,
2026-03-08,NK,N681NK,2227,MSY,DFW,1043,1116,33.0,1231,1254,23.0,0.0,0.0,108.0,448.0,0.0,0.0,0.0,23.0,0.0
2026-03-08,NK,N681NK,2228,DFW,EWR,1336,1349,13.0,1754,1757,3.0,0.0,0.0,198.0,1372.0,,,,,
2026-03-08,NK,N681NK,2229,EWR,FLL,1859,1851,-8.0,2212,2213,1.0,0.0,0.0,193.0,1065.0,,,,,
2026-03-07,NK,N685NK,1150,DFW,LGA,0859,1116,137.0,1320,1541,141.0,0.0,0.0,201.0,1389.0,137.0,0.0,4.0,0.0,0.0
2026-03-07,NK,N685NK,2895,LGA,MIA,1454,1756,182.0,1816,2055,159.0,0.0,0.0,202.0,1096.0,159.0,0.0,0.0,0.0,0.0
2026-03-07,NK,N685NK,2891,MIA,DFW,2118,0003,165.0,0050,0304,134.0,0.0,0.0,212.0,1121.0,99.0,0.0,1.0,0.0,34.0
2026-03-08,NK,N685NK,1162,DFW,MCO,1424,1458,34.0,1800,1827,27.0,0.0,0.0,156.0,985.0,27.0,0.0,0.0,0.0,0.0
2026-03-08,NK,N685NK,1169,MCO,DFW,1905,1925,20.0,2120,2150,30.0,0.0,0.0,195.0,985.0,0.0,0.0,10.0,0.0,20.0
2026-03-07,NK,N690NK,2850,ACY,PBI,0545,0538,-7.0,0834,0806,-28.0,0.0,0.0,169.0,936.0,,,,,
2026-03-07,NK,N690NK,2851,PBI,ACY,0929,0924,-5.0,1200,1155,-5.0,0.0,0.0,151.0,936.0,,,,,
2026-03-07,NK,N690NK,2852,ACY,TPA,1400,1435,35.0,1645,1657,12.0,0.0,0.0,165.0,914.0,,,,,
2026-03-07,NK,N690NK,2853,TPA,MSY,1740,1823,43.0,1831,1901,30.0,0.0,0.0,111.0,487.0,30.0,0.0,0.0,0.0,0.0
2026-03-07,NK,N690NK,395,MSY,FLL,1927,1953,26.0,2221,2244,23.0,0.0,0.0,114.0,673.0,0.0,0.0,0.0,0.0,23.0
2026-03-08,NK,N690NK,1645,FLL,SAT,0705,0708,3.0,0930,0919,-11.0,0.0,0.0,205.0,1145.0,,,,,
2026-03-08,NK,N690NK,1655,SAT,FLL,1026,1023,-3.0,1405,1405,0.0,0.0,0.0,159.0,1145.0,,,,,
2026-03-08,NK,N690NK,1656,FLL,PNS,1500,1645,105.0,1554,1733,99.0,0.0,0.0,114.0,525.0,99.0,0.0,0.0,0.0,0.0
2026-03-08,NK,N690NK,1657,PNS,FLL,1720,1816,56.0,2005,2132,87.0,0.0,0.0,105.0,525.0,0.0,0.0,31.0,0.0,56.0
2026-03-08,NK,N690NK,1057,FLL,EWR,2100,2228,88.0,2358,0111,73.0,0.0,0.0,178.0,1065.0,0.0,0.0,1.0,0.0,72.0
2026-03-07,NK,N691NK,391,MSY,ORD,0917,,,1147,,,1.0,0.0,150.0,837.0,,,,,
2026-03-07,NK,N691NK,392,ORD,MCO,1244,1242,-2.0,1631,1632,1.0,0.0,0.0,167.0,1005.0,,,,,
2026-03-07,NK,N691NK,393,MCO,ORD,1734,1853,79.0,1947,2047,60.0,0.0,0.0,193.0,1005.0,0.0,0.0,60.0,0.0,0.0
2026-03-07,NK,N691NK,394,ORD,MSY,2042,2137,55.0,2315,0026,71.0,0.0,0.0,153.0,837.0,0.0,0.0,71.0,0.0,0.0
2026-03-08,NK,N691NK,246,MSY,FLL,0620,0637,17.0,0910,0924,14.0,0.0,0.0,110.0,673.0,,,,,
2026-03-08,NK,N691NK,198,FLL,CLT,1608,1627,19.0,1818,1843,25.0,0.0,0.0,130.0,632.0,0.0,0.0,6.0,0.0,19.0
2026-03-08,NK,N691NK,199,CLT,FLL,1913,1933,20.0,2124,2132,8.0,0.0,0.0,131.0,632.0,,,,,
2026-03-08,NK,N691NK,1305,FLL,IAH,2219,2224,5.0,0018,0002,-16.0,0.0,0.0,179.0,966.0,,,,,
2026-03-07,NK,N724NK,904,SJU,MCO,0600,0613,13.0,0815,0818,3.0,0.0,0.0,195.0,1188.0,,,,,
2026-03-07,NK,N724NK,920,MCO,IAH,0920,0923,3.0,1111,1051,-20.0,0.0,0.0,171.0,854.0,,,,,
2026-03-07,NK,N724NK,921,IAH,MCO,1216,1217,1.0,1539,1541,2.0,0.0,0.0,143.0,854.0,,,,,
2026-03-07,NK,N724NK,930,MCO,LGA,1723,1718,-5.0,2000,2000,0.0,0.0,0.0,157.0,950.0,,,,,
2026-03-07,NK,N724NK,1149,LGA,DFW,2059,2059,0.0,0020,2358,-22.0,0.0,0.0,261.0,1389.0,,,,,
2026-03-08,NK,N724NK,1692,DFW,LAX,0545,0545,0.0,0715,0637,-38.0,0.0,0.0,210.0,1235.0,,,,,
2026-03-08,NK,N724NK,1693,LAX,EWR,0820,0813,-7.0,1635,1640,5.0,0.0,0.0,315.0,2454.0,,,,,
2026-03-08,NK,N724NK,1694,EWR,ATL,1800,1801,1.0,2031,2029,-2.0,0.0,0.0,151.0,746.0,,,,,
2026-03-08,NK,N724NK,1493,ATL,FLL,2136,2136,0.0,2329,2324,-5.0,0.0,0.0,113.0,581.0,,,,,
2026-03-07,NK,N731NK,1673,LAX,DFW,0105,0103,-2.0,0601,0606,5.0,0.0,0.0,176.0,1235.0,,,,,
2026-03-07,NK,N731NK,1497,DFW,FLL,0718,0911,113.0,1104,1323,139.0,0.0,0.0,166.0,1119.0,18.0,0.0,121.0,0.0,0.0
2026-03-07,NK,N731NK,759,FLL,ACY,2120,2228,68.0,2353,0121,88.0,0.0,0.0,153.0,977.0,5.0,0.0,20.0,0.0,63.0
2026-03-08,NK,N731NK,200,ACY,FLL,0700,0657,-3.0,0945,0929,-16.0,0.0,0.0,165.0,977.0,,,,,
2026-03-08,NK,N731NK,828,FLL,EWR,1815,2012,117.0,2109,2315,126.0,0.0,0.0,174.0,1065.0,5.0,0.0,9.0,0.0,112.0
2026-03-08,NK,N731NK,832,EWR,DTW,2214,0012,118.0,0009,0155,106.0,0.0,0.0,115.0,488.0,0.0,0.0,0.0,0.0,106.0
2026-03-07,NK,N741NK,983,DTW,LGA,0918,0924,6.0,1100,1113,13.0,0.0,0.0,102.0,502.0,,,,,
2026-03-07,NK,N741NK,1151,LGA,IAH,1159,1159,0.0,1515,1445,-30.0,0.0,0.0,256.0,1416.0,,,,,
2026-03-07,NK,N741NK,1152,IAH,MCO,1620,1629,9.0,1941,1959,18.0,0.0,0.0,141.0,854.0,9.0,0.0,9.0,0.0,0.0
2026-03-07,NK,N741NK,1153,MCO,IAH,2048,2055,7.0,2241,2249,8.0,0.0,0.0,173.0,854.0,,,,,
2026-03-08,NK,N741NK,1156,IAH,ORD,0515,0510,-5.0,0754,0734,-20.0,0.0,0.0,159.0,925.0,,,,,
2026-03-08,NK,N741NK,1157,ORD,IAH,0859,0902,3.0,1200,1138,-22.0,0.0,0.0,181.0,925.0,,,,,
2026-03-08,NK,N741NK,2071,IAH,ATL,1305,1347,42.0,1603,1639,36.0,0.0,0.0,118.0,689.0,36.0,0.0,0.0,0.0,0.0
2026-03-08,NK,N741NK,2070,ATL,IAH,1708,1740,32.0,1831,1848,17.0,0.0,0.0,143.0,689.0,0.0,0.0,0.0,0.0,17.0
2026-03-08,NK,N741NK,1158,IAH,LGA,1938,1950,12.0,2355,2352,-3.0,0.0,0.0,197.0,1416.0,,,,,
2026-03-07,NK,N744NK,189,FLL,BNA,0600,0553,-7.0,0725,0708,-17.0,0.0,0.0,145.0,793.0,,,,,
2026-03-07,NK,N744NK,190,BNA,FLL,0830,0830,0.0,1149,1202,13.0,0.0,0.0,139.0,793.0,,,,,
2026-03-07,NK,N744NK,894,FLL,STT,1255,1426,91.0,1634,1753,79.0,0.0,0.0,159.0,1107.0,68.0,0.0,11.0,0.0,0.0
2026-03-07,NK,N744NK,895,STT,FLL,1740,1831,51.0,1946,2022,36.0,0.0,0.0,186.0,1107.0,0.0,0.0,0.0,0.0,36.0
2026-03-07,NK,N744NK,350,FLL,ATL,2105,2311,126.0,2303,0057,114.0,0.0,0.0,118.0,581.0,52.0,0.0,40.0,0.0,22.0
2026-03-08,NK,N744NK,1659,ATL,EWR,0600,0613,13.0,0805,0815,10.0,0.0,0.0,125.0,746.0,,,,,
2026-03-08,NK,N744NK,1670,EWR,LAX,0910,0912,2.0,1238,1156,-42.0,0.0,0.0,388.0,2454.0,,,,,
2026-03-08,NK,N744NK,1671,LAX,DFW,1451,1452,1.0,1955,2011,16.0,0.0,0.0,184.0,1235.0,1.0,0.0,15.0,0.0,0.0
2026-03-08,NK,N744NK,1672,DFW,LAX,2107,2115,8.0,2240,2218,-22.0,0.0,0.0,213.0,1235.0,,,,,
2026-03-08,NK,N744NK,1680,LAX,FLL,2359,0004,5.0,0744,0811,27.0,0.0,0.0,285.0,2343.0,5.0,0.0,22.0,0.0,0.0
2026-03-07,NK,N970NK,1510,ORF,MCO,0645,0642,-3.0,0857,0840,-17.0,0.0,0.0,132.0,655.0,,,,,
2026-03-07,NK,N970NK,701,MCO,DTW,2034,2025,-9.0,2325,2334,9.0,0.0,0.0,171.0,957.0,,,,,
2026-03-08,NK,N970NK,700,DTW,MCO,0800,1025,145.0,1047,1255,128.0,0.0,0.0,167.0,957.0,128.0,0.0,0.0,0.0,0.0
2026-03-08,NK,N970NK,551,MCO,IND,1142,1353,131.0,1417,1621,124.0,0.0,0.0,155.0,829.0,2.0,0.0,1.0,0.0,121.0
2026-03-08,NK,N970NK,552,IND,MCO,1512,1719,127.0,1736,2011,155.0,0.0,0.0,144.0,829.0,3.0,0.0,28.0,0.0,124.0
2026-03-08,NK,N970NK,553,MCO,FLL,1854,2100,126.0,2005,2225,140.0,0.0,0.0,71.0,177.0,0.0,0.0,14.0,0.0,126.0
2026-03-08,NK,N970NK,573,FLL,PHL,2105,2313,128.0,2350,0139,109.0,0.0,0.0,165.0,993.0,0.0,0.0,0.0,0.0,109.0
2026-03-07,NK,N986NK,168,FLL,TPA,0635,0629,-6.0,0735,0726,-9.0,0.0,0.0,60.0,197.0,,,,,
2026-03-07,NK,N986NK,169,TPA,FLL,0830,0830,0.0,0937,0926,-11.0,0.0,0.0,67.0,197.0,,,,,
2026-03-07,NK,N986NK,166,FLL,RIC,1935,1956,21.0,2154,2221,27.0,0.0,0.0,139.0,806.0,21.0,0.0,6.0,0.0,0.0
2026-03-08,NK,N986NK,167,RIC,FLL,0800,0805,5.0,1038,1022,-16.0,0.0,0.0,158.0,806.0,,,,,
2026-03-08,NK,N986NK,164,FLL,EYW,1240,1305,25.0,1330,1409,39.0,0.0,0.0,50.0,145.0,25.0,0.0,14.0,0.0,0.0
2026-03-08,NK,N986NK,3,EYW,FLL,1425,1458,33.0,1527,1547,20.0,0.0,0.0,62.0,145.0,0.0,0.0,0.0,0.0,20.0
2026-03-08,NK,N986NK,1681,FLL,IND,1630,1649,19.0,1923,1948,25.0,0.0,0.0,173.0,1005.0,7.0,0.0,6.0,0.0,12.0
2026-03-08,NK,N986NK,1682,IND,FLL,2018,2036,18.0,2258,2315,17.0,0.0,0.0,160.0,1005.0,0.0,0.0,0.0,0.0,17.0
2026-03-07,NK,N994NK,195,PIT,MCO,0545,0615,30.0,0820,0823,3.0,0.0,0.0,155.0,834.0,,,,,
2026-03-07,NK,N994NK,196,MCO,BWI,0901,0910,9.0,1117,1121,4.0,0.0,0.0,136.0,787.0,,,,,
2026-03-07,NK,N994NK,197,BWI,FLL,1230,1236,6.0,1513,1457,-16.0,0.0,0.0,163.0,925.0,,,,,
2026-03-07,NK,N994NK,198,FLL,CLT,1608,1559,-9.0,1818,1758,-20.0,0.0,0.0,130.0,632.0,,,,,
2026-03-07,NK,N994NK,199,CLT,FLL,1913,1913,0.0,2124,2137,13.0,0.0,0.0,131.0,632.0,,,,,
2026-03-07,NK,N994NK,1305,FLL,IAH,2219,2233,14.0,0018,0020,2.0,0.0,0.0,179.0,966.0,,,,,
2026-03-08,NK,N994NK,1282,IAH,FLL,0721,0859,98.0,1045,1219,94.0,0.0,0.0,144.0,966.0,94.0,0.0,0.0,0.0,0.0
2026-03-08,NK,N994NK,1702,FLL,CLT,2149,2218,29.0,2356,0018,22.0,0.0,0.0,127.0,632.0,22.0,0.0,0.0,0.0,0.0
2026-03-07,OH,N508AE,5295,ORF,ORD,0729,0719,-10.0,0910,1008,58.0,0.0,0.0,161.0,717.0,0.0,0.0,58.0,0.0,0.0
2026-03-07,OH,N508AE,5222,ORD,TYS,0802,1201,239.0,1045,1452,247.0,0.0,0.0,103.0,475.0,0.0,73.0,8.0,0.0,166.0
2026-03-07,OH,N508AE,5223,TYS,DCA,1121,1523,242.0,1300,1644,224.0,0.0,0.0,99.0,437.0,1.0,0.0,0.0,0.0,223.0
2026-03-07,OH,N508AE,5455,DCA,AGS,1425,1716,171.0,1614,1855,161.0,0.0,0.0,109.0,468.0,0.0,0.0,0.0,0.0,161.0
2026-03-07,OH,N508AE,5196,ORD,DAY,1841,,,2100,,,1.0,0.0,79.0,240.0,,,,,
2026-03-08,OH,N508AE,5042,AGS,DCA,0730,1806,636.0,0917,1932,615.0,0.0,0.0,107.0,468.0,615.0,0.0,0.0,0.0,0.0
2026-03-08,OH,N508AE,5150,DCA,MHT,0959,,,1135,,,1.0,0.0,96.0,406.0,,,,,
2026-03-08,OH,N508AE,5150,MHT,DCA,1205,,,1359,,,1.0,0.0,114.0,406.0,,,,,
2026-03-08,OH,N508AE,5473,DCA,DAY,2202,2158,-4.0,2340,2340,0.0,0.0,0.0,98.0,391.0,,,,,
2026-03-07,OH,N509AE,5231,CRW,CLT,0500,0456,-4.0,0624,0607,-17.0,0.0,0.0,84.0,221.0,,,,,
2026-03-07,OH,N509AE,5431,CLT,HPN,0723,0754,31.0,0929,1002,33.0,0.0,0.0,126.0,564.0,31.0,0.0,2.0,0.0,0.0
2026-03-07,OH,N509AE,5431,HPN,CLT,1005,1026,21.0,1208,1221,13.0,0.0,0.0,123.0,564.0,,,,,
2026-03-07,OH,N509AE,5263,CLT,CRW,2240,2346,66.0,2357,0105,68.0,0.0,0.0,77.0,221.0,66.0,0.0,2.0,0.0,0.0
2026-03-08,OH,N509AE,5231,CRW,CLT,0500,0500,0.0,0624,0634,10.0,0.0,0.0,84.0,221.0,,,,,
2026-03-08,OH,N509AE,5431,CLT,HPN,0723,0721,-2.0,0929,0920,-9.0,0.0,0.0,126.0,564.0,,,,,
2026-03-08,OH,N509AE,5431,HPN,CLT,1005,1129,84.0,1208,1329,81.0,0.0,0.0,123.0,564.0,81.0,0.0,0.0,0.0,0.0
2026-03-08,OH,N509AE,5283,CLT,GSO,1437,1755,198.0,1541,1853,192.0,0.0,0.0,64.0,84.0,192.0,0.0,0.0,0.0,0.0
2026-03-08,OH,N509AE,5283,GSO,CLT,1611,1914,183.0,1719,1953,154.0,0.0,0.0,68.0,84.0,0.0,0.0,0.0,0.0,154.0
2026-03-07,OH,N511AE,5409,DCA,BDL,0700,0650,-10.0,0832,0904,32.0,0.0,0.0,92.0,313.0,0.0,0.0,32.0,0.0,0.0
2026-03-07,OH,N511AE,5409,BDL,DCA,0925,0932,7.0,1100,1108,8.0,0.0,0.0,95.0,313.0,,,,,
2026-03-07,OH,N511AE,5323,DCA,MSY,1147,1139,-8.0,1348,1326,-22.0,0.0,0.0,181.0,969.0,,,,,
2026-03-07,OH,N511AE,5323,MSY,DCA,1423,1415,-8.0,1759,1745,-14.0,0.0,0.0,156.0,969.0,,,,,
2026-03-07,OH,N511AE,5367,DCA,CRW,2000,1949,-11.0,2118,2059,-19.0,0.0,0.0,78.0,249.0,,,,,
2026-03-08,OH,N511AE,5153,CRW,DCA,0610,0605,-5.0,0729,0752,23.0,0.0,0.0,79.0,249.0,0.0,0.0,23.0,0.0,0.0
2026-03-08,OH,N511AE,5442,DCA,HSV,0825,0832,7.0,0945,0936,-9.0,0.0,0.0,140.0,613.0,,,,,
2026-03-08,OH,N511AE,5442,HSV,DCA,1015,1019,4.0,1313,1300,-13.0,0.0,0.0,118.0,613.0,,,,,
2026-03-08,OH,N511AE,5459,DCA,OKC,1359,,,1634,,,1.0,0.0,215.0,1158.0,,,,,
2026-03-08,OH,N511AE,5460,DCA,LAN,1454,1448,-6.0,1647,1627,-20.0,0.0,0.0,113.0,479.0,,,,,
2026-03-08,OH,N511AE,5459,OKC,DCA,1704,,,2059,,,1.0,0.0,175.0,1158.0,,,,,
2026-03-08,OH,N511AE,5460,LAN,DCA,1717,1705,-12.0,1906,1905,-1.0,0.0,0.0,109.0,479.0,,,,,
2026-03-08,OH,N511AE,5166,DCA,CHS,1959,1953,-6.0,2148,2154,6.0,0.0,0.0,109.0,444.0,,,,,
2026-03-07,OH,N528EG,5333,MCI,DCA,0615,,,0953,,,1.0,0.0,158.0,949.0,,,,,
2026-03-07,OH,N528EG,5146,SAV,DCA,0738,0729,-9.0,0929,0904,-25.0,0.0,0.0,111.0,519.0,,,,,
2026-03-07,OH,N528EG,5237,DCA,CLE,1010,1017,7.0,1145,1142,-3.0,0.0,0.0,95.0,310.0,,,,,
2026-03-07,OH,N528EG,5237,CLE,DCA,1232,1228,-4.0,1359,1418,19.0,0.0,0.0,87.0,310.0,0.0,0.0,19.0,0.0,0.0
2026-03-07,OH,N528EG,5131,DCA,MHT,1500,1452,-8.0,1640,1629,-11.0,0.0,0.0,100.0,406.0,,,,,
2026-03-07,OH,N528EG,5639,MHT,DCA,1717,1952,155.0,1910,2144,154.0,0.0,0.0,113.0,406.0,154.0,0.0,0.0,0.0,0.0
2026-03-07,OH,N528EG,5494,DCA,MSN,2030,2216,106.0,2158,2328,90.0,0.0,0.0,148.0,707.0,0.0,0.0,0.0,0.0,90.0
2026-03-08,OH,N528EG,5390,MSN,DCA,0601,0804,123.0,0915,1055,100.0,0.0,0.0,134.0,707.0,100.0,0.0,0.0,0.0,0.0
2026-03-08,OH,N528EG,5422,DCA,PWM,0838,,,1023,,,1.0,0.0,105.0,482.0,,,,,
2026-03-08,OH,N528EG,5422,PWM,DCA,1053,,,1254,,,1.0,0.0,121.0,482.0,,,,,
2026-03-08,OH,N528EG,5354,DCA,HSV,1105,1129,24.0,1217,1227,10.0,0.0,0.0,132.0,613.0,,,,,
2026-03-08,OH,N528EG,5179,HSV,DCA,1259,1336,37.0,1600,1616,16.0,0.0,0.0,121.0,613.0,16.0,0.0,0.0,0.0,0.0
2026-03-08,OH,N528EG,5527,DCA,ICT,1359,,,1623,,,1.0,0.0,204.0,1110.0,,,,,
2026-03-08,OH,N528EG,5204,DCA,DAY,1557,1701,64.0,1741,1847,66.0,0.0,0.0,104.0,391.0,5.0,0.0,2.0,0.0,59.0
2026-03-08,OH,N528EG,5527,ICT,DCA,1707,,,2059,,,1.0,0.0,172.0,1110.0,,,,,
2026-03-08,OH,N528EG,5436,DAY,DCA,1811,1911,60.0,1946,2032,46.0,0.0,0.0,95.0,391.0,0.0,0.0,0.0,0.0,46.0
2026-03-08,OH,N528EG,5219,DCA,CHA,2059,2107,8.0,2302,2259,-3.0,0.0,0.0,123.0,523.0,,,,,
2026-03-07,OH,N530EA,5562,BHM,DCA,0600,0551,-9.0,0912,0855,-17.0,0.0,0.0,132.0,653.0,,,,,
2026-03-07,OH,N530EA,5170,DCA,BDL,1001,0954,-7.0,1133,1112,-21.0,0.0,0.0,92.0,313.0,,,,,
2026-03-07,OH,N530EA,5170,BDL,DCA,1203,1156,-7.0,1338,1315,-23.0,0.0,0.0,95.0,313.0,,,,,
2026-03-07,OH,N530EA,5069,DCA,BNA,1418,1439,21.0,1533,1545,12.0,0.0,0.0,135.0,562.0,,,,,
2026-03-07,OH,N530EA,5259,BNA,DCA,1603,1616,13.0,1853,1904,11.0,0.0,0.0,110.0,562.0,,,,,
2026-03-07,OH,N530EA,5554,DCA,SAV,1840,1952,72.0,2044,2149,65.0,0.0,0.0,124.0,519.0,7.0,0.0,0.0,0.0,58.0
2026-03-08,OH,N530EA,5146,SAV,DCA,0724,0716,-8.0,0915,0903,-12.0,0.0,0.0,111.0,519.0,,,,,
2026-03-08,OH,N530EA,5433,DCA,ALB,1001,1137,96.0,1134,1256,82.0,0.0,0.0,93.0,318.0,82.0,0.0,0.0,0.0,0.0
2026-03-08,OH,N530EA,5433,ALB,DCA,1204,1326,82.0,1344,1508,84.0,0.0,0.0,100.0,318.0,0.0,0.0,2.0,0.0,82.0
2026-03-08,OH,N530EA,5673,DCA,CVG,1956,2024,28.0,2148,2208,20.0,0.0,0.0,112.0,411.0,0.0,0.0,0.0,0.0,20.0
2026-03-08,OH,N538EG,5359,JAN,DCA,0635,0839,124.0,1006,1145,99.0,0.0,0.0,151.0,860.0,99.0,0.0,0.0,0.0,0.0
2026-03-08,OH,N538EG,5531,DCA,BUF,1047,1225,98.0,1214,1402,108.0,0.0,0.0,87.0,296.0,0.0,0.0,10.0,0.0,98.0
2026-03-08,OH,N538EG,5531,BUF,DCA,1244,1444,120.0,1417,1607,110.0,0.0,0.0,93.0,296.0,11.0,0.0,0.0,0.0,99.0
2026-03-08,OH,N538EG,5102,DCA,SYR,1529,1731,122.0,1653,1852,119.0,0.0,0.0,84.0,298.0,43.0,0.0,0.0,0.0,76.0
2026-03-08,OH,N538EG,5102,SYR,DCA,1726,1938,132.0,1859,2139,160.0,0.0,0.0,93.0,298.0,16.0,0.0,28.0,0.0,116.0
2026-03-08,OH,N538EG,5158,DCA,BUF,2208,2212,4.0,2331,2334,3.0,0.0,0.0,83.0,296.0,,,,,
2026-03-07,OH,N539EA,5202,CHS,DCA,0712,0740,28.0,0856,0932,36.0,0.0,0.0,104.0,444.0,28.0,0.0,8.0,0.0,0.0
2026-03-07,OH,N539EA,5282,DCA,HPN,0936,1017,41.0,1058,1203,65.0,0.0,0.0,82.0,234.0,5.0,0.0,24.0,0.0,36.0
2026-03-07,OH,N539EA,5282,HPN,DCA,1128,1230,62.0,1248,1346,58.0,0.0,0.0,80.0,234.0,0.0,0.0,0.0,0.0,58.0
2026-03-07,OH,N539EA,5653,DCA,OKC,1344,1432,48.0,1619,1709,50.0,0.0,0.0,215.0,1158.0,6.0,0.0,2.0,0.0,42.0
2026-03-07,OH,N539EA,5653,OKC,DCA,1649,1738,49.0,2044,2109,25.0,0.0,0.0,175.0,1158.0,0.0,0.0,0.0,0.0,25.0
2026-03-08,OH,N539EA,5595,DCA,PIT,0608,0602,-6.0,0725,0708,-17.0,0.0,0.0,77.0,204.0,,,,,
2026-03-08,OH,N539EA,5595,PIT,DCA,0810,0803,-7.0,0929,0917,-12.0,0.0,0.0,79.0,204.0,,,,,
2026-03-08,OH,N539EA,5175,DCA,ROC,1020,1125,65.0,1143,1243,60.0,0.0,0.0,83.0,296.0,60.0,0.0,0.0,0.0,0.0
2026-03-08,OH,N539EA,5175,ROC,DCA,1218,1311,53.0,1344,1435,51.0,0.0,0.0,86.0,296.0,0.0,0.0,0.0,0.0,51.0
2026-03-08,OH,N539EA,5183,DCA,BGR,1432,1513,41.0,1626,1656,30.0,0.0,0.0,114.0,590.0,0.0,0.0,0.0,0.0,30.0
2026-03-08,OH,N539EA,5183,BGR,DCA,1656,1724,28.0,1915,1926,11.0,0.0,0.0,139.0,590.0,,,,,
2026-03-08,OH,N539EA,5384,DCA,DTW,2025,2025,0.0,2219,2202,-17.0,0.0,0.0,114.0,405.0,,,,,
2026-03-07,OH,N547NN,5600,PNS,CLT,0726,0716,-10.0,1025,0957,-28.0,0.0,0.0,119.0,488.0,,,,,
2026-03-07,OH,N547NN,5412,CLT,DAB,1125,1121,-4.0,1316,1302,-14.0,0.0,0.0,111.0,416.0,,,,,
2026-03-07,OH,N547NN,5412,DAB,CLT,1346,1335,-11.0,1533,1526,-7.0,0.0,0.0,107.0,416.0,,,,,
2026-03-07,OH,N547NN,5143,CLT,PVD,1619,1623,4.0,1832,1859,27.0,0.0,0.0,133.0,684.0,4.0,0.0,23.0,0.0,0.0
2026-03-07,OH,N547NN,5143,PVD,CLT,1903,1936,33.0,2127,2148,21.0,0.0,0.0,144.0,684.0,4.0,0.0,0.0,0.0,17.0
2026-03-07,OH,N547NN,5266,CLT,LEX,2227,2320,53.0,2353,0056,63.0,0.0,0.0,86.0,281.0,52.0,0.0,10.0,0.0,1.0
2026-03-08,OH,N547NN,5297,LEX,CLT,0700,0652,-8.0,0840,0832,-8.0,0.0,0.0,100.0,281.0,,,,,
2026-03-08,OH,N547NN,5366,CLT,CRW,0930,0926,-4.0,1055,1046,-9.0,0.0,0.0,85.0,221.0,,,,,
2026-03-08,OH,N547NN,5366,CRW,CLT,1125,1125,0.0,1248,1236,-12.0,0.0,0.0,83.0,221.0,,,,,
2026-03-08,OH,N547NN,5217,CLT,SDF,1339,1347,8.0,1519,1513,-6.0,0.0,0.0,100.0,335.0,,,,,
2026-03-08,OH,N547NN,5369,SDF,PHL,1549,1648,59.0,1750,1825,35.0,0.0,0.0,121.0,577.0,35.0,0.0,0.0,0.0,0.0
2026-03-08,OH,N547NN,5089,PHL,CVG,1850,1908,18.0,2056,2056,0.0,0.0,0.0,126.0,507.0,,,,,
2026-03-08,OH,N552NN,5566,PHL,MSY,1345,,,1605,,,1.0,0.0,200.0,1089.0,,,,,
2026-03-08,OH,N552NN,5566,MSY,PHL,1635,,,2025,,,1.0,0.0,170.0,1089.0,,,,,
2026-03-08,OH,N552NN,5159,DCA,CHS,1706,1658,-8.0,1856,1900,4.0,0.0,0.0,110.0,444.0,,,,,
2026-03-08,OH,N552NN,5159,CHS,DCA,1927,1935,8.0,2118,2103,-15.0,0.0,0.0,111.0,444.0,,,,,
2026-03-08,OH,N552NN,5662,DCA,ORF,2200,2232,32.0,2302,2331,29.0,0.0,0.0,62.0,142.0,29.0,0.0,0.0,0.0,0.0
2026-03-07,OH,N567NN,5589,GSP,CLT,0702,0653,-9.0,0820,0812,-8.0,0.0,0.0,78.0,75.0,,,,,
2026-03-07,OH,N567NN,5232,CLT,CRW,0930,1006,36.0,1055,1115,20.0,0.0,0.0,85.0,221.0,20.0,0.0,0.0,0.0,0.0
2026-03-07,OH,N567NN,5232,CRW,CLT,1125,1150,25.0,1248,1323,35.0,0.0,0.0,83.0,221.0,5.0,0.0,10.0,0.0,20.0
2026-03-07,OH,N567NN,5658,CLT,ILM,1847,1946,59.0,1956,2059,63.0,0.0,0.0,69.0,185.0,18.0,0.0,4.0,0.0,41.0
2026-03-07,OH,N567NN,5418,ILM,CLT,2028,2126,58.0,2150,2239,49.0,0.0,0.0,82.0,185.0,0.0,0.0,0.0,0.0,49.0
2026-03-07,OH,N567NN,5655,CLT,MHT,2141,2340,119.0,2359,0138,99.0,0.0,0.0,138.0,738.0,0.0,17.0,0.0,0.0,82.0
2026-03-08,OH,N567NN,5064,MHT,CLT,0600,0554,-6.0,0838,0819,-19.0,0.0,0.0,158.0,738.0,,,,,
2026-03-08,OH,N567NN,5507,CLT,MKE,0925,0959,34.0,1052,1103,11.0,0.0,0.0,147.0,651.0,,,,,
2026-03-08,OH,N567NN,5507,MKE,CLT,1122,1141,19.0,1440,1447,7.0,0.0,0.0,138.0,651.0,,,,,
2026-03-08,OH,N567NN,5505,CLT,CMH,1532,1535,3.0,1711,1706,-5.0,0.0,0.0,99.0,347.0,,,,,
2026-03-08,OH,N567NN,5505,CMH,CLT,1743,1739,-4.0,1928,1908,-20.0,0.0,0.0,105.0,347.0,,,,,
2026-03-08,OH,N567NN,5292,CLT,TYS,2041,2238,117.0,2154,0001,127.0,0.0,0.0,73.0,176.0,117.0,0.0,10.0,0.0,0.0
2026-03-07,OH,N569NN,5104,SBN,CLT,0600,0553,-7.0,0809,0818,9.0,0.0,0.0,129.0,534.0,,,,,
2026-03-07,OH,N569NN,5454,CLT,BWI,1017,1030,13.0,1153,1149,-4.0,0.0,0.0,96.0,361.0,,,,,
2026-03-07,OH,N569NN,5454,BWI,CLT,1223,1249,26.0,1400,1419,19.0,0.0,0.0,97.0,361.0,19.0,0.0,0.0,0.0,0.0
2026-03-07,OH,N569NN,5283,CLT,GSO,1445,1459,14.0,1549,1543,-6.0,0.0,0.0,64.0,84.0,,,,,
2026-03-07,OH,N569NN,5283,GSO,CLT,1619,1619,0.0,1727,1721,-6.0,0.0,0.0,68.0,84.0,,,,,
2026-03-07,OH,N569NN,5597,CLT,ORF,1804,1812,8.0,1927,1917,-10.0,0.0,0.0,83.0,290.0,,,,,
2026-03-07,OH,N569NN,5633,ORF,CLT,1957,1950,-7.0,2134,2106,-28.0,0.0,0.0,97.0,290.0,,,,,
2026-03-07,OH,N569NN,5303,CLT,GSP,2300,2331,31.0,2354,0107,73.0,0.0,0.0,54.0,75.0,0.0,31.0,42.0,0.0,0.0
2026-03-08,OH,N569NN,5589,GSP,CLT,0702,0653,-9.0,0820,0829,9.0,0.0,0.0,78.0,75.0,,,,,
2026-03-08,OH,N569NN,5198,CLT,LIT,0915,0911,-4.0,1053,1026,-27.0,0.0,0.0,158.0,640.0,,,,,
2026-03-08,OH,N569NN,5198,LIT,CLT,1123,1117,-6.0,1428,1410,-18.0,0.0,0.0,125.0,640.0,,,,,
2026-03-08,OH,N569NN,5332,CLT,ECP,1514,1509,-5.0,1604,1546,-18.0,0.0,0.0,110.0,437.0,,,,,
2026-03-08,OH,N569NN,5242,ECP,CLT,1634,1621,-13.0,1922,1857,-25.0,0.0,0.0,108.0,437.0,,,,,
2026-03-08,OH,N569NN,5379,CLT,ORF,2015,2018,3.0,2136,2124,-12.0,0.0,0.0,81.0,290.0,,,,,
2026-03-07,OH,N577NN,5064,MHT,CLT,0600,0552,-8.0,0838,0813,-25.0,0.0,0.0,158.0,738.0,,,,,
2026-03-07,OH,N577NN,5052,CLT,ABE,0930,1010,40.0,1130,1154,24.0,0.0,0.0,120.0,481.0,24.0,0.0,0.0,0.0,0.0
2026-03-07,OH,N577NN,5052,ABE,CLT,1200,1225,25.0,1354,1400,6.0,0.0,0.0,114.0,481.0,,,,,
2026-03-07,OH,N577NN,5077,CLT,GPT,1449,1447,-2.0,1559,1559,0.0,0.0,0.0,130.0,577.0,,,,,
2026-03-07,OH,N577NN,5077,GPT,CLT,1629,1628,-1.0,1929,1930,1.0,0.0,0.0,120.0,577.0,,,,,
2026-03-07,OH,N577NN,5184,CLT,CAK,2116,2112,-4.0,2256,2236,-20.0,0.0,0.0,100.0,394.0,,,,,
2026-03-08,OH,N577NN,5417,CAK,CLT,0826,1849,623.0,1023,2031,608.0,0.0,0.0,117.0,394.0,608.0,0.0,0.0,0.0,0.0
2026-03-08,OH,N577NN,5616,CLT,SAV,1126,,,1250,,,1.0,0.0,84.0,213.0,,,,,
2026-03-08,OH,N577NN,5616,SAV,CLT,1320,,,1446,,,1.0,0.0,86.0,213.0,,,,,
2026-03-08,OH,N577NN,5642,CLT,LFT,2024,2104,40.0,2159,2227,28.0,0.0,0.0,155.0,729.0,0.0,0.0,0.0,0.0,28.0
2026-03-07,OH,N580NN,5424,PNS,DCA,0606,0553,-13.0,0927,0929,2.0,0.0,0.0,141.0,816.0,,,,,
2026-03-07,OH,N580NN,5428,DCA,PWM,1640,1705,25.0,1823,1838,15.0,0.0,0.0,103.0,482.0,15.0,0.0,0.0,0.0,0.0
2026-03-08,OH,N580NN,5074,PWM,DCA,0542,0710,88.0,0746,0913,87.0,0.0,0.0,124.0,482.0,87.0,0.0,0.0,0.0,0.0
2026-03-08,OH,N580NN,5518,DCA,GSO,0827,,,0955,,,1.0,0.0,88.0,248.0,,,,,
2026-03-08,OH,N580NN,5309,DCA,ATL,1009,1001,-8.0,1221,1156,-25.0,0.0,0.0,132.0,547.0,,,,,
2026-03-08,OH,N580NN,5518,GSO,DCA,1126,,,1244,,,1.0,0.0,78.0,248.0,,,,,
2026-03-08,OH,N580NN,5309,ATL,DCA,1251,1242,-9.0,1449,1429,-20.0,0.0,0.0,118.0,547.0,,,,,
2026-03-08,OH,N580NN,5069,DCA,BNA,1344,1514,90.0,1457,1635,98.0,0.0,0.0,133.0,562.0,5.0,0.0,8.0,0.0,85.0
2026-03-08,OH,N580NN,5259,BNA,DCA,1527,1720,113.0,1827,2007,100.0,0.0,0.0,120.0,562.0,13.0,0.0,0.0,0.0,87.0
2026-03-08,OH,N580NN,5169,DCA,RDU,1907,2044,97.0,2037,2205,88.0,0.0,0.0,90.0,227.0,0.0,0.0,0.0,0.0,88.0
2026-03-08,OH,N580NN,5169,RDU,DCA,2107,2236,89.0,2224,2347,83.0,0.0,0.0,77.0,227.0,1.0,0.0,0.0,0.0,82.0
2026-03-07,OH,N585NN,5300,LFT,CLT,0700,0653,-7.0,1025,1006,-19.0,0.0,0.0,145.0,729.0,,,,,
2026-03-07,OH,N585NN,5324,CLT,ORF,1105,1100,-5.0,1231,1211,-20.0,0.0,0.0,86.0,290.0,,,,,
2026-03-07,OH,N585NN,5607,ORF,CLT,1301,1252,-9.0,1435,1420,-15.0,0.0,0.0,94.0,290.0,,,,,
2026-03-07,OH,N585NN,5486,CLT,CMH,1532,1545,13.0,1711,1719,8.0,0.0,0.0,99.0,347.0,,,,,
2026-03-07,OH,N585NN,5586,CLT,SBN,1703,2015,192.0,1905,2210,185.0,0.0,0.0,122.0,534.0,22.0,0.0,0.0,0.0,163.0
2026-03-07,OH,N585NN,5486,CMH,CLT,1743,1746,3.0,1928,1912,-16.0,0.0,0.0,105.0,347.0,,,,,
2026-03-07,OH,N585NN,5586,SBN,CLT,1935,2248,193.0,2139,0023,164.0,0.0,0.0,124.0,534.0,7.0,0.0,0.0,0.0,157.0
2026-03-08,OH,N585NN,5389,CLT,SBN,0905,0906,1.0,1115,1112,-3.0,0.0,0.0,130.0,534.0,,,,,
2026-03-08,OH,N585NN,5389,SBN,CLT,1147,1151,4.0,1347,1346,-1.0,0.0,0.0,120.0,534.0,,,,,
2026-03-08,OH,N585NN,5564,CLT,GPT,1449,1450,1.0,1559,1551,-8.0,0.0,0.0,130.0,577.0,,,,,
2026-03-08,OH,N585NN,5564,GPT,CLT,1629,1618,-11.0,1929,1920,-9.0,0.0,0.0,120.0,577.0,,,,,
2026-03-07,OH,N593NN,5249,EVV,DFW,0630,1551,561.0,0858,1808,550.0,0.0,0.0,148.0,642.0,0.0,550.0,0.0,0.0,0.0
2026-03-07,OH,N593NN,5118,ECP,DFW,1244,,,1516,,,1.0,0.0,152.0,685.0,,,,,
2026-03-07,OH,N593NN,5247,DFW,XNA,1643,,,1804,,,1.0,0.0,81.0,280.0,,,,,
2026-03-07,OH,N593NN,5247,XNA,DFW,1855,,,2025,,,1.0,0.0,90.0,280.0,,,,,
2026-03-07,OH,N593NN,5317,DFW,GPT,2120,,,2259,,,1.0,0.0,99.0,500.0,,,,,
2026-03-08,OH,N593NN,5463,GPT,DFW,0500,,,0707,,,1.0,0.0,127.0,500.0,,,,,
2026-03-08,OH,N593NN,5406,DFW,CRP,0820,,,0951,,,1.0,0.0,91.0,355.0,,,,,
2026-03-08,OH,N593NN,5127,DFW,BHM,0843,0847,4.0,1046,1029,-17.0,0.0,0.0,123.0,597.0,,,,,
2026-03-08,OH,N593NN,5406,CRP,DFW,1021,,,1156,,,1.0,0.0,95.0,355.0,,,,,
2026-03-08,OH,N593NN,5127,BHM,DFW,1116,1111,-5.0,1335,1346,11.0,0.0,0.0,139.0,597.0,,,,,
2026-03-08,OH,N593NN,5480,DFW,SWO,1241,,,1356,,,1.0,0.0,75.0,225.0,,,,,
2026-03-08,OH,N593NN,5117,DFW,DAY,1524,1630,66.0,1845,1938,53.0,0.0,0.0,141.0,861.0,53.0,0.0,0.0,0.0,0.0
2026-03-08,OH,N593NN,5515,DAY,CLT,1930,2008,38.0,2120,2155,35.0,0.0,0.0,110.0,370.0,0.0,0.0,0.0,0.0,35.0
2026-03-07,OH,N595NN,5386,MLB,CLT,0619,0608,-11.0,0820,0805,-15.0,0.0,0.0,121.0,490.0,,,,,
2026-03-07,OH,N595NN,5322,CLT,ILM,0905,0859,-6.0,1033,0956,-37.0,0.0,0.0,88.0,185.0,,,,,
2026-03-07,OH,N595NN,5322,ILM,CLT,1103,1054,-9.0,1221,1204,-17.0,0.0,0.0,78.0,185.0,,,,,
2026-03-07,OH,N595NN,5141,CLT,SAV,1400,1358,-2.0,1518,1509,-9.0,0.0,0.0,78.0,213.0,,,,,
2026-03-07,OH,N595NN,5141,SAV,CLT,1611,1601,-10.0,1739,1726,-13.0,0.0,0.0,88.0,213.0,,,,,
2026-03-07,OH,N595NN,5617,CLT,PNS,2015,2017,2.0,2106,2101,-5.0,0.0,0.0,111.0,488.0,,,,,
2026-03-08,OH,N595NN,5353,PNS,CLT,0523,0520,-3.0,0820,0835,15.0,0.0,0.0,117.0,488.0,0.0,0.0,15.0,0.0,0.0
2026-03-08,OH,N595NN,5290,CLT,ILM,0905,0914,9.0,1033,1008,-25.0,0.0,0.0,88.0,185.0,,,,,
2026-03-08,OH,N595NN,5290,ILM,CLT,1104,1053,-11.0,1222,1205,-17.0,0.0,0.0,78.0,185.0,,,,,
2026-03-08,OH,N595NN,5310,CLT,CVG,1322,1332,10.0,1500,1455,-5.0,0.0,0.0,98.0,335.0,,,,,
2026-03-08,OH,N595NN,5310,CVG,CLT,1535,1541,6.0,1719,1723,4.0,0.0,0.0,104.0,335.0,,,,,
2026-03-08,OH,N595NN,5429,CLT,PNS,1831,1858,27.0,1926,1939,13.0,0.0,0.0,115.0,488.0,,,,,
2026-03-07,OH,N597NN,5119,RDU,DCA,0604,0556,-8.0,0721,0702,-19.0,0.0,0.0,77.0,227.0,,,,,
2026-03-07,OH,N597NN,5372,DCA,ECP,0826,0835,9.0,1015,0954,-21.0,0.0,0.0,169.0,769.0,,,,,
2026-03-07,OH,N597NN,5372,ECP,DCA,1046,1035,-11.0,1358,1349,-9.0,0.0,0.0,132.0,769.0,,,,,
2026-03-07,OH,N597NN,5183,DCA,BGR,1445,1451,6.0,1637,1645,8.0,0.0,0.0,112.0,590.0,,,,,
2026-03-07,OH,N597NN,5183,BGR,DCA,1709,1705,-4.0,1934,1951,17.0,0.0,0.0,145.0,590.0,0.0,0.0,17.0,0.0,0.0
2026-03-07,OH,N597NN,5080,DCA,MEM,2015,2026,11.0,2153,2151,-2.0,0.0,0.0,158.0,762.0,,,,,
2026-03-08,OH,N597NN,5305,MEM,DCA,0600,1121,321.0,0913,1410,297.0,0.0,0.0,133.0,762.0,297.0,0.0,0.0,0.0,0.0
2026-03-08,OH,N597NN,5493,DCA,PNS,1446,1449,3.0,1625,1620,-5.0,0.0,0.0,159.0,816.0,,,,,
2026-03-08,OH,N597NN,5493,PNS,DCA,1655,1655,0.0,2020,2019,-1.0,0.0,0.0,145.0,816.0,,,,,
2026-03-08,OH,N597NN,5544,DCA,PNS,1945,2229,164.0,2126,2359,153.0,0.0,0.0,161.0,816.0,84.0,0.0,0.0,0.0,69.0
2026-03-07,OH,N629NN,5520,BHM,DFW,0500,0457,-3.0,0722,1222,,0.0,1.0,142.0,597.0,,,,,
2026-03-07,OH,N629NN,5377,DFW,ICT,0815,,,0945,,,1.0,0.0,90.0,328.0,,,,,
2026-03-07,OH,N629NN,5377,ICT,DFW,1015,,,1147,,,1.0,0.0,92.0,328.0,,,,,
2026-03-07,OH,N629NN,5215,DFW,JAN,1032,1400,208.0,1204,1544,220.0,0.0,0.0,92.0,408.0,0.0,58.0,12.0,0.0,150.0
2026-03-07,OH,N629NN,5215,JAN,DFW,1234,1640,246.0,1425,1900,275.0,0.0,0.0,111.0,408.0,0.0,26.0,29.0,0.0,220.0
2026-03-07,OH,N629NN,5376,DFW,XNA,1235,,,1356,,,1.0,0.0,81.0,280.0,,,,,
2026-03-07,OH,N629NN,5376,XNA,DFW,1443,,,1613,,,1.0,0.0,90.0,280.0,,,,,
2026-03-07,OH,N629NN,5117,DFW,DAY,1534,2321,467.0,1855,0341,466.0,0.0,0.0,141.0,861.0,0.0,221.0,0.0,0.0,245.0
2026-03-08,OH,N629NN,5234,DAY,CLT,0715,0712,-3.0,0910,0837,-33.0,0.0,0.0,115.0,370.0,,,,,
2026-03-08,OH,N629NN,5582,CLT,AVP,1012,1008,-4.0,1203,1143,-20.0,0.0,0.0,111.0,509.0,,,,,
2026-03-08,OH,N629NN,5582,AVP,CLT,1233,1224,-9.0,1432,1407,-25.0,0.0,0.0,119.0,509.0,,,,,
2026-03-08,OH,N629NN,5472,CLT,AVP,1517,1517,0.0,1710,1659,-11.0,0.0,0.0,113.0,509.0,,,,,
2026-03-08,OH,N629NN,5472,AVP,CLT,1740,1738,-2.0,1940,1942,2.0,0.0,0.0,120.0,509.0,,,,,
2026-03-08,OH,N629NN,5286,HOU,DFW,2020,,,2148,,,1.0,0.0,88.0,247.0,,,,,
2026-03-07,OH,N633NN,5048,CLT,BTR,1437,1433,-4.0,1601,1548,-13.0,0.0,0.0,144.0,675.0,,,,,
2026-03-07,OH,N633NN,5043,BTR,DFW,1627,1646,19.0,1814,2001,107.0,0.0,0.0,107.0,383.0,19.0,0.0,88.0,0.0,0.0
2026-03-07,OH,N633NN,5199,DFW,PIA,2005,2051,46.0,2213,2242,29.0,0.0,0.0,128.0,672.0,0.0,6.0,0.0,0.0,23.0
2026-03-08,OH,N633NN,5193,PIA,CLT,0500,0449,-11.0,0813,0821,8.0,0.0,0.0,133.0,607.0,,,,,
2026-03-08,OH,N633NN,5161,CLT,ECP,0905,1031,86.0,1006,1125,79.0,0.0,0.0,121.0,437.0,0.0,79.0,0.0,0.0,0.0
2026-03-08,OH,N633NN,5161,ECP,CLT,1036,1156,80.0,1318,1444,86.0,0.0,0.0,102.0,437.0,1.0,0.0,6.0,0.0,79.0
2026-03-08,OH,N633NN,5400,CLT,ATW,1403,1529,86.0,1535,1730,115.0,0.0,0.0,152.0,742.0,5.0,0.0,29.0,0.0,81.0
2026-03-08,OH,N633NN,5400,ATW,CLT,1605,1801,116.0,1936,2102,86.0,0.0,0.0,151.0,742.0,1.0,0.0,0.0,0.0,85.0
2026-03-07,OH,N636NN,5348,ECP,CLT,0719,0705,-14.0,1011,0945,-26.0,0.0,0.0,112.0,437.0,,,,,
2026-03-07,OH,N636NN,5590,CLT,MYR,1100,1057,-3.0,1213,1151,-22.0,0.0,0.0,73.0,157.0,,,,,
2026-03-07,OH,N636NN,5590,MYR,CLT,1243,1237,-6.0,1357,1341,-16.0,0.0,0.0,74.0,157.0,,,,,
2026-03-07,OH,N636NN,5041,CLT,ROC,1444,1438,-6.0,1643,1634,-9.0,0.0,0.0,119.0,573.0,,,,,
2026-03-07,OH,N636NN,5361,CLT,MEM,1624,,,1738,,,1.0,0.0,134.0,511.0,,,,,
2026-03-07,OH,N636NN,5041,ROC,CLT,1725,1726,1.0,1941,1927,-14.0,0.0,0.0,136.0,573.0,,,,,
2026-03-07,OH,N636NN,5361,MEM,CLT,1808,,,2101,,,1.0,0.0,113.0,511.0,,,,,
2026-03-07,OH,N636NN,5642,CLT,LFT,2025,2022,-3.0,2200,2221,21.0,0.0,0.0,155.0,729.0,0.0,0.0,21.0,0.0,0.0
2026-03-08,OH,N636NN,5300,LFT,CLT,0700,0939,159.0,1025,1245,140.0,0.0,0.0,145.0,729.0,140.0,0.0,0.0,0.0,0.0
2026-03-08,OH,N636NN,5126,CLT,VPS,1115,,,1219,,,1.0,0.0,124.0,460.0,,,,,
2026-03-08,OH,N636NN,5126,VPS,CLT,1249,,,1540,,,1.0,0.0,111.0,460.0,,,,,
2026-03-08,OH,N636NN,5547,CLT,EWN,1806,1910,64.0,1921,2036,75.0,0.0,0.0,75.0,222.0,5.0,0.0,11.0,0.0,59.0
2026-03-08,OH,N636NN,5547,EWN,CLT,1951,2058,67.0,2120,2213,53.0,0.0,0.0,89.0,222.0,0.0,0.0,0.0,0.0,53.0
2026-03-07,OH,N637NN,5149,TYS,DCA,0605,0557,-8.0,0747,0732,-15.0,0.0,0.0,102.0,437.0,,,,,
2026-03-07,OH,N637NN,5518,DCA,GSO,0827,0823,-4.0,0955,0945,-10.0,0.0,0.0,88.0,248.0,,,,,
2026-03-07,OH,N637NN,5518,GSO,DCA,1025,1020,-5.0,1143,1122,-21.0,0.0,0.0,78.0,248.0,,,,,
2026-03-07,OH,N637NN,5559,DCA,CMH,1223,1218,-5.0,1359,1336,-23.0,0.0,0.0,96.0,323.0,,,,,
2026-03-07,OH,N637NN,5559,CMH,DCA,1429,1548,79.0,1559,1720,81.0,0.0,0.0,90.0,323.0,0.0,0.0,81.0,0.0,0.0
2026-03-07,OH,N637NN,5039,DCA,GRR,1659,1751,52.0,1855,1941,46.0,0.0,0.0,116.0,524.0,0.0,0.0,0.0,0.0,46.0
2026-03-08,OH,N637NN,5029,GRR,DCA,0708,0732,24.0,0859,0917,18.0,0.0,0.0,111.0,524.0,18.0,0.0,0.0,0.0,0.0
2026-03-08,OH,N637NN,5071,DCA,BDL,1000,0953,-7.0,1138,1120,-18.0,0.0,0.0,98.0,313.0,,,,,
2026-03-08,OH,N637NN,5071,BDL,DCA,1208,1158,-10.0,1340,1323,-17.0,0.0,0.0,92.0,313.0,,,,,
2026-03-08,OH,N637NN,5171,DCA,PHL,1416,1417,1.0,1526,1513,-13.0,0.0,0.0,70.0,120.0,,,,,
2026-03-08,OH,N637NN,5201,PHL,RDU,1521,1612,51.0,1657,1737,40.0,0.0,0.0,96.0,337.0,15.0,0.0,0.0,0.0,25.0
2026-03-08,OH,N637NN,5201,RDU,PHL,1750,1807,17.0,1921,1923,2.0,0.0,0.0,91.0,337.0,,,,,
2026-03-08,OH,N637NN,5086,PHL,CVG,2148,2145,-3.0,2352,2351,-1.0,0.0,0.0,124.0,507.0,,,,,
2026-03-07,OH,N640NN,5629,DFW,SGF,0725,,,0859,,,1.0,0.0,94.0,364.0,,,,,
2026-03-07,OH,N640NN,5423,DFW,GSP,0815,0818,3.0,1132,1150,18.0,0.0,0.0,137.0,862.0,0.0,3.0,15.0,0.0,0.0
2026-03-07,OH,N640NN,5423,GSP,DFW,1202,1225,23.0,1400,1439,39.0,0.0,0.0,178.0,862.0,5.0,0.0,16.0,0.0,18.0
2026-03-07,OH,N640NN,5308,DFW,PIA,1446,1711,145.0,1652,1901,129.0,0.0,0.0,126.0,672.0,0.0,100.0,0.0,0.0,29.0
2026-03-07,OH,N640NN,5416,DFW,RDU,1704,,,2051,,,1.0,0.0,167.0,1061.0,,,,,
2026-03-07,OH,N640NN,5308,PIA,DFW,1723,1933,130.0,1950,2200,130.0,0.0,0.0,147.0,672.0,0.0,2.0,0.0,0.0,128.0
2026-03-08,OH,N640NN,5147,LRD,DFW,0600,,,0735,,,1.0,0.0,95.0,396.0,,,,,
2026-03-08,OH,N640NN,5197,DFW,VPS,0840,1005,85.0,1043,1153,70.0,0.0,0.0,123.0,641.0,70.0,0.0,0.0,0.0,0.0
2026-03-08,OH,N640NN,5197,VPS,DFW,1113,1223,70.0,1340,1434,54.0,0.0,0.0,147.0,641.0,0.0,0.0,0.0,0.0,54.0
2026-03-08,OH,N640NN,5274,DFW,CHA,1453,1528,35.0,1757,1833,36.0,0.0,0.0,124.0,695.0,14.0,0.0,1.0,0.0,21.0
2026-03-08,OH,N640NN,5274,CHA,DFW,1828,1933,65.0,2004,2047,43.0,0.0,0.0,156.0,695.0,20.0,0.0,0.0,0.0,23.0
2026-03-08,OH,N716PS,5261,DAY,DCA,0600,0722,82.0,0735,0831,56.0,0.0,0.0,95.0,391.0,56.0,0.0,0.0,0.0,0.0
2026-03-08,OH,N716PS,5647,DCA,MSN,0835,0906,31.0,1003,1019,16.0,0.0,0.0,148.0,707.0,0.0,0.0,0.0,0.0,16.0
2026-03-08,OH,N716PS,5647,MSN,DCA,1034,1040,6.0,1344,1337,-7.0,0.0,0.0,130.0,707.0,,,,,
2026-03-08,OH,N716PS,5327,DCA,MHT,1454,1454,0.0,1632,1633,1.0,0.0,0.0,98.0,406.0,,,,,
2026-03-08,OH,N716PS,5329,MHT,CLT,1702,1707,5.0,1940,1958,18.0,0.0,0.0,158.0,738.0,4.0,0.0,13.0,0.0,1.0
2026-03-08,OH,N716PS,5136,CLT,LEX,2027,2042,15.0,2150,2216,26.0,0.0,0.0,83.0,281.0,4.0,0.0,11.0,0.0,11.0
2026-03-07,OH,N723PS,5042,AGS,DCA,0730,0722,-8.0,0917,0917,0.0,0.0,0.0,107.0,468.0,,,,,
2026-03-07,OH,N723PS,5433,DCA,ALB,1005,1003,-2.0,1138,1134,-4.0,0.0,0.0,93.0,318.0,,,,,
2026-03-07,OH,N723PS,5433,ALB,DCA,1208,1201,-7.0,1348,1355,7.0,0.0,0.0,100.0,318.0,,,,,
2026-03-07,OH,N723PS,5284,DCA,DAY,1500,1545,45.0,1644,1800,76.0,0.0,0.0,104.0,391.0,45.0,0.0,31.0,0.0,0.0
2026-03-08,OH,N723PS,5430,DAY,CLT,0950,0940,-10.0,1136,1129,-7.0,0.0,0.0,106.0,370.0,,,,,
2026-03-08,OH,N723PS,5180,CLT,HPN,1223,1219,-4.0,1430,1404,-26.0,0.0,0.0,127.0,564.0,,,,,
2026-03-08,OH,N723PS,5180,HPN,CLT,1500,1520,20.0,1701,1757,56.0,0.0,0.0,121.0,564.0,20.0,0.0,36.0,0.0,0.0
2026-03-08,OH,N723PS,5435,CLT,DAY,1831,1837,6.0,2012,2012,0.0,0.0,0.0,101.0,370.0,,,,,
2026-03-07,OH,N725PS,5107,GSO,DCA,0600,0554,-6.0,0720,0657,-23.0,0.0,0.0,80.0,248.0,,,,,
2026-03-07,OH,N725PS,5337,DCA,ORF,1257,1333,36.0,1402,1432,30.0,0.0,0.0,65.0,142.0,5.0,0.0,0.0,0.0,25.0
2026-03-07,OH,N725PS,5337,ORF,DCA,1447,1503,16.0,1559,1612,13.0,0.0,0.0,72.0,142.0,,,,,
2026-03-07,OH,N725PS,5384,DCA,DTW,2022,2201,99.0,2216,2338,82.0,0.0,0.0,114.0,405.0,3.0,0.0,0.0,0.0,79.0
2026-03-08,OH,N725PS,5660,DTW,DCA,0933,0922,-11.0,1115,1046,-29.0,0.0,0.0,102.0,405.0,,,,,
2026-03-08,OH,N725PS,5039,DCA,GRR,1226,1224,-2.0,1425,1419,-6.0,0.0,0.0,119.0,524.0,,,,,
2026-03-08,OH,N725PS,5039,GRR,DCA,1455,1454,-1.0,1645,1624,-21.0,0.0,0.0,110.0,524.0,,,,,
2026-03-08,OH,N725PS,5576,DCA,GSP,2020,2224,124.0,2205,2352,107.0,0.0,0.0,105.0,396.0,107.0,0.0,0.0,0.0,0.0
2026-03-07,OO,N109SY,5453,OKC,IAH,0500,0456,-4.0,0640,0717,37.0,0.0,0.0,100.0,395.0,37.0,0.0,0.0,0.0,0.0
2026-03-07,OO,N109SY,5350,IAH,TUL,0735,0802,27.0,0915,1010,55.0,0.0,0.0,100.0,429.0,27.0,0.0,28.0,0.0,0.0
2026-03-07,OO,N109SY,5687,TUL,ORD,1000,1034,34.0,1205,1240,35.0,0.0,0.0,125.0,585.0,0.0,0.0,1.0,0.0,34.0
2026-03-07,OO,N109SY,5375,ORD,PVD,1240,1322,42.0,1602,1632,30.0,0.0,0.0,142.0,849.0,0.0,0.0,0.0,0.0,30.0
2026-03-07,OO,N109SY,5372,PVD,ORD,1643,1721,38.0,1855,1917,22.0,0.0,0.0,192.0,849.0,0.0,0.0,0.0,0.0,22.0
2026-03-07,OO,N109SY,5290,ORD,BOI,1940,1957,17.0,2256,2310,14.0,0.0,0.0,256.0,1437.0,,,,,
2026-03-08,OO,N109SY,5386,BOI,ORD,0747,0744,-3.0,1232,1225,-7.0,0.0,0.0,225.0,1437.0,,,,,
2026-03-08,OO,N109SY,5327,ORD,BNA,1955,1949,-6.0,2143,2141,-2.0,0.0,0.0,108.0,409.0,,,,,
2026-03-07,OO,N113SY,5770,ASE,DEN,0912,,,1033,,,1.0,0.0,81.0,125.0,,,,,
2026-03-07,OO,N113SY,5917,IAH,ASE,1805,,,2027,,,1.0,0.0,202.0,913.0,,,,,
2026-03-08,OO,N113SY,5300,ASE,IAH,0720,,,1111,,,1.0,0.0,171.0,913.0,,,,,
2026-03-08,OO,N113SY,5814,IAH,ASE,1005,1233,148.0,1242,1448,126.0,0.0,0.0,217.0,913.0,126.0,0.0,0.0,0.0,0.0
2026-03-08,OO,N113SY,5774,ASE,DEN,1322,1523,121.0,1438,1634,116.0,0.0,0.0,76.0,125.0,116.0,0.0,0.0,0.0,0.0
2026-03-08,OO,N113SY,5697,DEN,ASE,1630,1714,44.0,1740,1805,25.0,0.0,0.0,70.0,125.0,0.0,0.0,0.0,0.0,25.0
2026-03-08,OO,N113SY,5778,ASE,DEN,1828,1843,15.0,1940,2006,26.0,0.0,0.0,72.0,125.0,0.0,0.0,11.0,0.0,15.0
2026-03-08,OO,N113SY,5781,DEN,ASE,2035,2105,30.0,2142,2225,43.0,0.0,0.0,67.0,125.0,0.0,0.0,13.0,0.0,30.0
2026-03-07,OO,N127SY,4660,HLN,DEN,0615,,,0823,,,1.0,0.0,128.0,594.0,,,,,
2026-03-07,OO,N127SY,4772,DEN,DSM,0949,0946,-3.0,1248,1235,-13.0,0.0,0.0,119.0,589.0,,,,,
2026-03-07,OO,N127SY,5266,DSM,DEN,1330,1325,-5.0,1451,1423,-28.0,0.0,0.0,141.0,589.0,,,,,
2026-03-07,OO,N127SY,5546,DEN,COS,1540,1542,2.0,1634,1645,11.0,0.0,0.0,54.0,73.0,,,,,
2026-03-07,OO,N127SY,4719,COS,DEN,1715,1719,4.0,1825,1817,-8.0,0.0,0.0,70.0,73.0,,,,,
2026-03-07,OO,N127SY,4665,DEN,BIS,1915,1927,12.0,2205,2219,14.0,0.0,0.0,110.0,516.0,,,,,
2026-03-08,OO,N127SY,4710,BIS,DEN,0800,0759,-1.0,0917,0853,-24.0,0.0,0.0,137.0,516.0,,,,,
2026-03-08,OO,N127SY,4663,DEN,BIS,1010,1023,13.0,1303,1310,7.0,0.0,0.0,113.0,516.0,,,,,
2026-03-08,OO,N127SY,4694,BIS,DEN,1344,1347,3.0,1445,1425,-20.0,0.0,0.0,121.0,516.0,,,,,
2026-03-08,OO,N127SY,5978,DEN,FAT,1545,1543,-2.0,1737,1703,-34.0,0.0,0.0,172.0,844.0,,,,,
2026-03-07,OO,N130SY,5765,PWM,ORD,0545,,,0757,,,1.0,0.0,192.0,900.0,,,,,
2026-03-07,OO,N130SY,5905,ORD,MTJ,0915,0920,5.0,1202,1204,2.0,0.0,0.0,227.0,1081.0,,,,,
2026-03-07,OO,N130SY,5894,MTJ,ORD,1245,1243,-2.0,1649,1700,11.0,0.0,0.0,184.0,1081.0,,,,,
2026-03-07,OO,N130SY,5216,ORD,DTW,1745,1858,73.0,2010,2116,66.0,0.0,0.0,85.0,235.0,66.0,0.0,0.0,0.0,0.0
2026-03-08,OO,N130SY,5353,DTW,ORD,0731,1211,280.0,0800,1229,269.0,0.0,0.0,89.0,235.0,269.0,0.0,0.0,0.0,0.0
2026-03-08,OO,N130SY,5535,ORD,SAT,1319,1318,-1.0,1643,1626,-17.0,0.0,0.0,204.0,1041.0,,,,,
2026-03-08,OO,N130SY,5636,SAT,ORD,1724,1719,-5.0,2023,2004,-19.0,0.0,0.0,179.0,1041.0,,,,,
2026-03-08,OO,N130SY,5785,ORD,DTW,2105,2108,3.0,2334,2322,-12.0,0.0,0.0,89.0,235.0,,,,,
2026-03-07,OO,N167SY,5353,DTW,ORD,0731,0726,-5.0,0800,0824,24.0,0.0,0.0,89.0,235.0,24.0,0.0,0.0,0.0,0.0
2026-03-08,OO,N167SY,5247,ORD,CVG,0725,0729,4.0,0948,1003,15.0,0.0,0.0,83.0,264.0,4.0,0.0,11.0,0.0,0.0
2026-03-08,OO,N167SY,4742,CVG,ORD,1100,1056,-4.0,1135,1124,-11.0,0.0,0.0,95.0,264.0,,,,,
2026-03-08,OO,N167SY,5670,ORD,CMH,1300,1300,0.0,1530,1528,-2.0,0.0,0.0,90.0,296.0,,,,,
2026-03-08,OO,N167SY,5443,CMH,ORD,1615,1614,-1.0,1658,1632,-26.0,0.0,0.0,103.0,296.0,,,,,
2026-03-08,OO,N167SY,5396,ORD,GSO,1749,1751,2.0,2046,2042,-4.0,0.0,0.0,117.0,589.0,,,,,
2026-03-07,OO,N168SY,5658,IAH,MSY,0943,0941,-2.0,1105,1102,-3.0,0.0,0.0,82.0,305.0,,,,,
2026-03-07,OO,N168SY,5674,MSY,IAH,1155,1148,-7.0,1327,1311,-16.0,0.0,0.0,92.0,305.0,,,,,
2026-03-07,OO,N168SY,5326,IAH,LIT,1428,1419,-9.0,1559,1556,-3.0,0.0,0.0,91.0,374.0,,,,,
2026-03-07,OO,N168SY,5429,LIT,DEN,1640,1636,-4.0,1822,1807,-15.0,0.0,0.0,162.0,771.0,,,,,
2026-03-07,OO,N168SY,4705,DEN,HLN,1918,2026,68.0,2125,2227,62.0,0.0,0.0,127.0,594.0,62.0,0.0,0.0,0.0,0.0
2026-03-08,OO,N168SY,4660,HLN,DEN,0615,0605,-10.0,0823,0804,-19.0,0.0,0.0,128.0,594.0,,,,,
2026-03-08,OO,N168SY,5481,DEN,SGF,0943,0940,-3.0,1246,1246,0.0,0.0,0.0,123.0,637.0,,,,,
2026-03-08,OO,N168SY,5541,SGF,DEN,1327,1325,-2.0,1450,1419,-31.0,0.0,0.0,143.0,637.0,,,,,
2026-03-08,OO,N168SY,5498,DEN,BIL,1535,1535,0.0,1714,1711,-3.0,0.0,0.0,99.0,455.0,,,,,
2026-03-08,OO,N168SY,4758,BIL,DEN,1755,1745,-10.0,1945,1942,-3.0,0.0,0.0,110.0,455.0,,,,,
2026-03-08,OO,N168SY,4712,DEN,TUL,2055,2051,-4.0,2344,2335,-9.0,0.0,0.0,109.0,541.0,,,,,
2026-03-07,OO,N250SY,4016,AUS,MSY,1355,1514,79.0,1530,1643,73.0,0.0,0.0,95.0,445.0,0.0,73.0,0.0,0.0,0.0
2026-03-07,OO,N250SY,4016,MSY,AUS,1610,1718,68.0,1813,1911,58.0,0.0,0.0,123.0,445.0,0.0,58.0,0.0,0.0,0.0
2026-03-07,OO,N250SY,3731,AUS,IND,1958,1952,-6.0,2324,2336,12.0,0.0,0.0,146.0,919.0,,,,,
2026-03-08,OO,N250SY,4015,IND,AUS,0700,0701,1.0,0854,0906,12.0,0.0,0.0,174.0,919.0,,,,,
2026-03-08,OO,N250SY,4034,AUS,MSP,0935,0940,5.0,1229,1215,-14.0,0.0,0.0,174.0,1042.0,,,,,
2026-03-08,OO,N250SY,3933,MSP,MCI,1325,1459,94.0,1504,1623,79.0,0.0,0.0,99.0,393.0,0.0,79.0,0.0,0.0,0.0
2026-03-08,OO,N250SY,3933,MCI,MSP,1545,1701,76.0,1720,1827,67.0,0.0,0.0,95.0,393.0,0.0,67.0,0.0,0.0,0.0
2026-03-08,OO,N250SY,3963,MSP,MKE,1950,1948,-2.0,2116,2127,11.0,0.0,0.0,86.0,297.0,,,,,
2026-03-07,OO,N252SY,3878,GFK,MSP,0500,0459,-1.0,0625,0652,27.0,0.0,0.0,85.0,284.0,27.0,0.0,0.0,0.0,0.0
2026-03-07,OO,N252SY,3588,MSP,PHL,0705,0735,30.0,1056,1150,54.0,0.0,0.0,171.0,981.0,0.0,30.0,24.0,0.0,0.0
2026-03-07,OO,N252SY,3588,PHL,MSP,1137,1241,64.0,1350,1433,43.0,0.0,0.0,193.0,981.0,0.0,43.0,0.0,0.0,0.0
2026-03-07,OO,N252SY,4130,MSP,MOT,1445,1513,28.0,1638,1645,7.0,0.0,0.0,113.0,449.0,,,,,
2026-03-08,OO,N252SY,4158,MOT,MSP,0500,0454,-6.0,0647,0634,-13.0,0.0,0.0,107.0,449.0,,,,,
2026-03-08,OO,N252SY,3988,MSP,AUS,0727,0755,28.0,1040,1050,10.0,0.0,0.0,193.0,1042.0,,,,,
2026-03-08,OO,N252SY,4177,AUS,MFE,1120,1133,13.0,1240,1303,23.0,0.0,0.0,80.0,279.0,13.0,0.0,10.0,0.0,0.0
2026-03-08,OO,N252SY,4177,MFE,AUS,1320,1330,10.0,1454,1458,4.0,0.0,0.0,94.0,279.0,,,,,
2026-03-08,OO,N252SY,3767,AUS,ECP,1537,1533,-4.0,1740,1745,5.0,0.0,0.0,123.0,710.0,,,,,
2026-03-08,OO,N252SY,3767,ECP,AUS,1823,1817,-6.0,2045,2052,7.0,0.0,0.0,142.0,710.0,,,,,
2026-03-08,OO,N252SY,4083,AUS,IND,1940,2123,103.0,2310,0054,104.0,0.0,0.0,150.0,919.0,0.0,0.0,104.0,0.0,0.0
2026-03-07,OO,N262SY,3636,ATL,OAJ,1330,1328,-2.0,1447,1456,9.0,0.0,0.0,77.0,399.0,,,,,
2026-03-07,OO,N262SY,3637,OAJ,ATL,1600,1553,-7.0,1742,1719,-23.0,0.0,0.0,102.0,399.0,,,,,
2026-03-07,OO,N262SY,3711,ATL,XNA,1830,1829,-1.0,1932,1936,4.0,0.0,0.0,122.0,589.0,,,,,
2026-03-08,OO,N262SY,3645,XNA,ATL,0715,0703,-12.0,1003,0958,-5.0,0.0,0.0,108.0,589.0,,,,,
2026-03-08,OO,N262SY,3784,ATL,SHV,1050,1049,-1.0,1151,1135,-16.0,0.0,0.0,121.0,552.0,,,,,
2026-03-08,OO,N262SY,3784,SHV,ATL,1234,1224,-10.0,1520,1517,-3.0,0.0,0.0,106.0,552.0,,,,,
2026-03-08,OO,N262SY,3823,ATL,SHV,1603,1558,-5.0,1656,1656,0.0,0.0,0.0,113.0,552.0,,,,,
2026-03-08,OO,N262SY,3823,SHV,ATL,1740,1736,-4.0,2028,2024,-4.0,0.0,0.0,108.0,552.0,,,,,
2026-03-08,OO,N262SY,3827,ATL,SHV,2150,2149,-1.0,2244,2247,3.0,0.0,0.0,114.0,552.0,,,,,
2026-03-07,OO,N283SY,4138,FAT,SLC,0600,0556,-4.0,0842,0844,2.0,0.0,0.0,102.0,501.0,,,,,
2026-03-07,OO,N283SY,3801,SLC,FCA,0930,0931,1.0,1132,1142,10.0,0.0,0.0,122.0,532.0,,,,,
2026-03-07,OO,N283SY,3801,FCA,SLC,1220,1212,-8.0,1407,1344,-23.0,0.0,0.0,107.0,532.0,,,,,
2026-03-07,OO,N283SY,3693,SLC,BUR,1500,1455,-5.0,1606,1557,-9.0,0.0,0.0,126.0,574.0,,,,,
2026-03-07,OO,N283SY,3693,BUR,SLC,1730,1717,-13.0,2034,2016,-18.0,0.0,0.0,124.0,574.0,,,,,
2026-03-08,OO,N283SY,3833,SLC,LWS,1045,1038,-7.0,1127,1120,-7.0,0.0,0.0,102.0,461.0,,,,,
2026-03-08,OO,N283SY,3833,LWS,SLC,1210,1208,-2.0,1447,1435,-12.0,0.0,0.0,97.0,461.0,,,,,
2026-03-08,OO,N283SY,4012,SLC,ABQ,1530,1527,-3.0,1711,1701,-10.0,0.0,0.0,101.0,493.0,,,,,
2026-03-08,OO,N283SY,3865,ABQ,LAX,1752,1744,-8.0,1910,1838,-32.0,0.0,0.0,138.0,677.0,,,,,
2026-03-08,OO,N283SY,3700,LAX,DEN,1955,1952,-3.0,2323,2316,-7.0,0.0,0.0,148.0,862.0,,,,,
2026-03-07,OO,N301SY,4042,ONT,SEA,0730,0720,-10.0,1034,1028,-6.0,0.0,0.0,184.0,956.0,,,,,
2026-03-07,OO,N301SY,3789,SEA,SJC,1120,1116,-4.0,1337,1331,-6.0,0.0,0.0,137.0,696.0,,,,,
2026-03-07,OO,N301SY,3789,SJC,SEA,1425,1421,-4.0,1644,1633,-11.0,0.0,0.0,139.0,696.0,,,,,
2026-03-08,OO,N301SY,3824,SEA,GEG,0934,0931,-3.0,1050,1034,-16.0,0.0,0.0,76.0,224.0,,,,,
2026-03-08,OO,N301SY,3824,GEG,SEA,1130,1121,-9.0,1248,1239,-9.0,0.0,0.0,78.0,224.0,,,,,
2026-03-08,OO,N301SY,4145,SEA,GEG,1331,1322,-9.0,1444,1435,-9.0,0.0,0.0,73.0,224.0,,,,,
2026-03-08,OO,N301SY,4145,GEG,SEA,1525,1520,-5.0,1643,1647,4.0,0.0,0.0,78.0,224.0,,,,,
2026-03-07,OO,N374CA,4311,EKO,SLC,0630,0615,-15.0,0839,0822,-17.0,0.0,0.0,69.0,200.0,,,,,
2026-03-07,OO,N374CA,4253,SLC,SGU,1120,1112,-8.0,1235,1205,-30.0,0.0,0.0,75.0,272.0,,,,,
2026-03-07,OO,N374CA,4253,SGU,SLC,1310,1300,-10.0,1425,1414,-11.0,0.0,0.0,75.0,272.0,,,,,
2026-03-07,OO,N374CA,4310,SLC,CDC,1710,1701,-9.0,1818,1802,-16.0,0.0,0.0,68.0,221.0,,,,,
2026-03-07,OO,N374CA,4310,CDC,SLC,1900,1850,-10.0,2014,1940,-34.0,0.0,0.0,74.0,221.0,,,,,
2026-03-07,OO,N374CA,4317,SLC,EKO,2130,2119,-11.0,2132,2105,-27.0,0.0,0.0,62.0,200.0,,,,,
2026-03-08,OO,N374CA,4311,EKO,SLC,0630,0619,-11.0,0839,0838,-1.0,0.0,0.0,69.0,200.0,,,,,
2026-03-08,OO,N374CA,4260,SLC,EKO,1115,1103,-12.0,1119,1100,-19.0,0.0,0.0,64.0,200.0,,,,,
2026-03-08,OO,N374CA,4260,EKO,SLC,1210,1156,-14.0,1412,1346,-26.0,0.0,0.0,62.0,200.0,,,,,
2026-03-08,OO,N374CA,4312,SLC,BTM,1540,1529,-11.0,1708,1641,-27.0,0.0,0.0,88.0,357.0,,,,,
2026-03-08,OO,N374CA,4312,BTM,SLC,1810,1759,-11.0,1930,1904,-26.0,0.0,0.0,80.0,357.0,,,,,
2026-03-08,OO,N374CA,4317,SLC,EKO,2130,2123,-7.0,2130,2111,-19.0,0.0,0.0,60.0,200.0,,,,,
2026-03-07,OO,N514SY,6479,OMA,LAX,0614,0628,14.0,0812,0818,6.0,0.0,0.0,238.0,1330.0,,,,,
2026-03-07,OO,N514SY,5008,LAX,OKC,0902,0858,-4.0,1402,1445,43.0,0.0,0.0,180.0,1187.0,43.0,0.0,0.0,0.0,0.0
2026-03-07,OO,N514SY,5008,OKC,LAX,1508,1520,12.0,1647,1624,-23.0,0.0,0.0,219.0,1187.0,,,,,
2026-03-07,OO,N514SY,6464,LAX,OKC,1737,1720,-17.0,2233,2227,-6.0,0.0,0.0,176.0,1187.0,,,,,
2026-03-08,OO,N514SY,6462,OKC,LAX,0736,0731,-5.0,0920,0900,-20.0,0.0,0.0,224.0,1187.0,,,,,
2026-03-08,OO,N514SY,6213,LAX,SAT,1010,1023,13.0,1511,1513,2.0,0.0,0.0,181.0,1211.0,,,,,
2026-03-08,OO,N514SY,6213,SAT,LAX,1547,1543,-4.0,1725,1639,-46.0,0.0,0.0,218.0,1211.0,,,,,
2026-03-08,OO,N514SY,6215,LAX,STL,1817,1807,-10.0,2358,2344,-14.0,0.0,0.0,221.0,1592.0,,,,,
2026-03-07,OO,N574GJ,5474,ORD,MBS,1750,1812,22.0,2004,2035,31.0,0.0,0.0,74.0,222.0,22.0,0.0,9.0,0.0,0.0
2026-03-08,OO,N574GJ,5473,MBS,ORD,0535,0525,-10.0,0620,0534,-46.0,0.0,0.0,105.0,222.0,,,,,
2026-03-08,OO,N574GJ,5665,ORD,ROA,0710,0717,7.0,1008,1032,24.0,0.0,0.0,118.0,530.0,7.0,0.0,17.0,0.0,0.0
2026-03-08,OO,N574GJ,5530,ROA,ORD,1043,1102,19.0,1200,1205,5.0,0.0,0.0,137.0,530.0,,,,,
2026-03-08,OO,N574GJ,5213,ORD,LNK,1244,1243,-1.0,1442,1434,-8.0,0.0,0.0,118.0,466.0,,,,,
2026-03-08,OO,N574GJ,5297,LNK,ORD,1517,1702,105.0,1705,1848,103.0,0.0,0.0,108.0,466.0,103.0,0.0,0.0,0.0,0.0
2026-03-07,OO,N614QX,4937,MKE,ORD,0500,0456,-4.0,0611,0555,-16.0,0.0,0.0,71.0,67.0,,,,,
2026-03-07,OO,N614QX,4936,IND,ORD,0535,,,0552,,,1.0,0.0,77.0,177.0,,,,,
2026-03-07,OO,N614QX,6372,ORD,MKE,0652,,,0747,,,1.0,0.0,55.0,67.0,,,,,
2026-03-07,OO,N614QX,4919,ORD,CID,0805,0803,-2.0,0918,0905,-13.0,0.0,0.0,73.0,196.0,,,,,
2026-03-07,OO,N614QX,6246,CID,ORD,1004,0954,-10.0,1126,1106,-20.0,0.0,0.0,82.0,196.0,,,,,
2026-03-07,OO,N614QX,6233,ORD,MLI,1219,1337,78.0,1321,1438,77.0,0.0,0.0,62.0,139.0,0.0,77.0,0.0,0.0,0.0
2026-03-07,OO,N614QX,6233,MLI,ORD,1402,1510,68.0,1516,1617,61.0,0.0,0.0,74.0,139.0,0.0,61.0,0.0,0.0,0.0
2026-03-07,OO,N614QX,6368,ORD,FNT,1644,1705,21.0,1856,1907,11.0,0.0,0.0,72.0,223.0,,,,,
2026-03-07,OO,N614QX,6368,FNT,ORD,1938,1932,-6.0,2010,2108,58.0,0.0,0.0,92.0,223.0,58.0,0.0,0.0,0.0,0.0
2026-03-07,OO,N614QX,6363,ORD,HSV,2059,,,2250,,,1.0,0.0,111.0,510.0,,,,,
2026-03-08,OO,N614QX,6493,ORD,FNT,2044,2232,108.0,2301,0044,103.0,0.0,0.0,77.0,223.0,103.0,0.0,0.0,0.0,0.0
2026-03-07,OO,N634SY,5738,ORD,ASE,0735,0734,-1.0,1006,1017,11.0,0.0,0.0,211.0,1013.0,,,,,
2026-03-07,OO,N634SY,5772,ASE,DEN,1115,1108,-7.0,1236,1201,-35.0,0.0,0.0,81.0,125.0,,,,,
2026-03-07,OO,N634SY,5771,DEN,ASE,1338,1425,47.0,1448,1535,47.0,0.0,0.0,70.0,125.0,47.0,0.0,0.0,0.0,0.0
2026-03-07,OO,N634SY,5368,ASE,LAX,1525,1656,91.0,1704,1749,45.0,0.0,0.0,159.0,737.0,0.0,0.0,0.0,0.0,45.0
2026-03-07,OO,N634SY,5363,LAX,BOI,1845,1838,-7.0,2159,2159,0.0,0.0,0.0,134.0,674.0,,,,,
2026-03-08,OO,N634SY,4730,BOI,LAX,0707,0714,7.0,0830,0902,32.0,0.0,0.0,143.0,674.0,7.0,0.0,25.0,0.0,0.0
2026-03-08,OO,N634SY,5605,LAX,ASE,0917,0931,14.0,1251,1333,42.0,0.0,0.0,154.0,737.0,0.0,0.0,42.0,0.0,0.0
2026-03-08,OO,N634SY,5745,ASE,SFO,1340,1418,38.0,1529,1532,3.0,0.0,0.0,169.0,848.0,,,,,
2026-03-08,OO,N634SY,5583,SFO,RNO,1630,1649,19.0,1743,1826,43.0,0.0,0.0,73.0,192.0,19.0,0.0,24.0,0.0,0.0
2026-03-08,OO,N634SY,5264,RNO,SFO,1840,1906,26.0,2010,2028,18.0,0.0,0.0,90.0,192.0,0.0,0.0,0.0,0.0,18.0
2026-03-08,OO,N634SY,6044,SFO,MFR,2125,2125,0.0,2258,2255,-3.0,0.0,0.0,93.0,329.0,,,,,
2026-03-08,OO,N689CA,3831,OMA,MSP,0900,0853,-7.0,1020,1016,-4.0,0.0,0.0,80.0,282.0,,,,,
2026-03-08,OO,N689CA,4085,MSP,FSD,1140,1139,-1.0,1253,1246,-7.0,0.0,0.0,73.0,196.0,,,,,
2026-03-08,OO,N689CA,4085,FSD,MSP,1334,1330,-4.0,1445,1436,-9.0,0.0,0.0,71.0,196.0,,,,,
2026-03-08,OO,N689CA,4178,MSP,RST,1515,1515,0.0,1605,1555,-10.0,0.0,0.0,50.0,76.0,,,,,
2026-03-08,OO,N689CA,4178,RST,MSP,1646,1643,-3.0,1740,1744,4.0,0.0,0.0,54.0,76.0,,,,,
2026-03-08,OO,N689CA,4056,MSP,FSD,1810,1856,46.0,1920,1957,37.0,0.0,0.0,70.0,196.0,37.0,0.0,0.0,0.0,0.0
2026-03-07,OO,N727SK,4947,IDA,PHX,0618,0605,-13.0,0845,0804,-41.0,0.0,0.0,147.0,696.0,,,,,
2026-03-07,OO,N727SK,6383,PHX,ABQ,0930,0925,-5.0,1103,1034,-29.0,0.0,0.0,93.0,328.0,,,,,
2026-03-07,OO,N727SK,6383,ABQ,PHX,1133,1122,-11.0,1257,1235,-22.0,0.0,0.0,84.0,328.0,,,,,
2026-03-07,OO,N727SK,6436,PHX,SAF,1337,1329,-8.0,1505,1444,-21.0,0.0,0.0,88.0,370.0,,,,,
2026-03-07,OO,N727SK,6436,SAF,PHX,1535,1534,-1.0,1710,1721,11.0,0.0,0.0,95.0,370.0,,,,,
2026-03-07,OO,N727SK,4991,PHX,SBP,1757,1759,2.0,1845,1835,-10.0,0.0,0.0,108.0,509.0,,,,,
2026-03-08,OO,N727SK,6322,SBP,PHX,0600,0558,-2.0,0751,0751,0.0,0.0,0.0,111.0,509.0,,,,,
2026-03-08,OO,N727SK,6357,PHX,ELP,0831,0827,-4.0,1106,1044,-22.0,0.0,0.0,95.0,347.0,,,,,
2026-03-08,OO,N727SK,6357,ELP,PHX,1136,1126,-10.0,1207,1150,-17.0,0.0,0.0,91.0,347.0,,,,,
2026-03-08,OO,N727SK,6393,PHX,EGE,1249,1244,-5.0,1547,1553,6.0,0.0,0.0,118.0,513.0,,,,,
2026-03-08,OO,N727SK,6393,EGE,PHX,1617,1613,-4.0,1723,1718,-5.0,0.0,0.0,126.0,513.0,,,,,
2026-03-08,OO,N727SK,6320,PHX,OKC,1905,1905,0.0,2320,2331,11.0,0.0,0.0,135.0,833.0,,,,,
2026-03-08,OO,N744SK,6477,DFW,ASE,1230,,,1417,,,1.0,0.0,167.0,701.0,,,,,
2026-03-08,OO,N744SK,4934,ASE,DFW,1447,,,1809,,,1.0,0.0,142.0,701.0,,,,,
2026-03-08,OO,N744SK,6362,DFW,ASE,1914,1947,33.0,2054,2117,23.0,0.0,0.0,160.0,701.0,0.0,23.0,0.0,0.0,0.0
2026-03-07,OO,N751EV,5532,ORD,CHO,0710,0719,9.0,1009,1043,34.0,0.0,0.0,119.0,566.0,9.0,0.0,25.0,0.0,0.0
2026-03-07,OO,N751EV,5977,CHO,ORD,1045,1123,38.0,1157,1219,22.0,0.0,0.0,132.0,566.0,0.0,0.0,0.0,0.0,22.0
2026-03-07,OO,N751EV,5334,ORD,CID,1245,1430,105.0,1404,1536,92.0,0.0,0.0,79.0,196.0,0.0,0.0,0.0,0.0,92.0
2026-03-07,OO,N751EV,5933,ORD,MKE,1305,,,1410,,,1.0,0.0,65.0,67.0,,,,,
2026-03-07,OO,N751EV,4724,CID,ORD,1439,1609,90.0,1603,1723,80.0,0.0,0.0,84.0,196.0,0.0,0.0,0.0,0.0,80.0
2026-03-07,OO,N751EV,5635,MKE,ORD,1454,,,1600,,,1.0,0.0,66.0,67.0,,,,,
2026-03-07,OO,N751EV,5544,ORD,DSM,1641,1830,109.0,1808,2006,118.0,0.0,0.0,87.0,299.0,109.0,0.0,9.0,0.0,0.0
2026-03-07,OO,N751EV,5219,DSM,ORD,1849,,,2025,,,1.0,0.0,96.0,299.0,,,,,
2026-03-07,OO,N751EV,5577,ORD,CHO,2115,,,0009,,,1.0,0.0,114.0,566.0,,,,,
2026-03-08,OO,N751EV,5407,CHO,ORD,0645,0648,3.0,0757,0757,0.0,0.0,0.0,132.0,566.0,,,,,
2026-03-08,OO,N751EV,4778,ORD,FAR,0845,0841,-4.0,1104,1051,-13.0,0.0,0.0,139.0,557.0,,,,,
2026-03-08,OO,N751EV,5462,FAR,DEN,1139,1133,-6.0,1250,1225,-25.0,0.0,0.0,131.0,627.0,,,,,
2026-03-08,OO,N751EV,4664,DEN,BIS,1355,1352,-3.0,1640,1624,-16.0,0.0,0.0,105.0,516.0,,,,,
2026-03-08,OO,N751EV,5817,DEN,DRO,1545,1925,220.0,1705,2057,232.0,0.0,0.0,80.0,251.0,0.0,0.0,12.0,0.0,220.0
2026-03-08,OO,N751EV,5227,DRO,DEN,1800,2134,214.0,1934,2233,179.0,0.0,0.0,94.0,251.0,0.0,0.0,0.0,0.0,179.0
2026-03-08,OO,N751EV,6024,BIS,DEN,1831,1821,-10.0,1930,1855,-35.0,0.0,0.0,119.0,516.0,,,,,
2026-03-08,OO,N751EV,5226,DEN,CPR,2045,2308,143.0,2159,0009,130.0,0.0,0.0,74.0,230.0,130.0,0.0,0.0,0.0,0.0
2026-03-07,OO,N85374,4773,ABQ,ORD,0900,0902,2.0,1303,1302,-1.0,0.0,0.0,183.0,1118.0,,,,,
2026-03-07,OO,N85374,5273,ORD,SDF,1043,,,1317,,,1.0,0.0,94.0,286.0,,,,,
2026-03-07,OO,N85374,5597,ORD,GSP,1355,1352,-3.0,1651,1704,13.0,0.0,0.0,116.0,577.0,,,,,
2026-03-07,OO,N85374,5282,SDF,ORD,1358,,,1445,,,1.0,0.0,107.0,286.0,,,,,
2026-03-07,OO,N85374,5359,ORD,GUC,1539,,,1745,,,1.0,0.0,186.0,1031.0,,,,,
2026-03-07,OO,N85374,5538,GSP,ORD,1732,1806,34.0,1900,2041,101.0,0.0,0.0,148.0,577.0,0.0,0.0,101.0,0.0,0.0
2026-03-07,OO,N85374,5253,ORD,BNA,2115,2123,8.0,2259,2334,35.0,0.0,0.0,104.0,409.0,8.0,0.0,27.0,0.0,0.0
2026-03-08,OO,N85374,5212,BNA,ORD,0900,0909,9.0,1103,1050,-13.0,0.0,0.0,123.0,409.0,,,,,
2026-03-08,OO,N85374,6004,GUC,ORD,0909,,,1315,,,1.0,0.0,186.0,1031.0,,,,,
2026-03-08,OO,N85374,5375,ORD,PVD,1150,1148,-2.0,1512,1506,-6.0,0.0,0.0,142.0,849.0,,,,,
2026-03-08,OO,N85374,5372,PVD,ORD,1620,1613,-7.0,1832,1758,-34.0,0.0,0.0,192.0,849.0,,,,,
2026-03-08,OO,N85374,6050,ORD,GEG,1940,1946,6.0,2159,2222,23.0,0.0,0.0,259.0,1498.0,6.0,0.0,17.0,0.0,0.0
2026-03-07,OO,N908EV,5093,RKS,DEN,0515,0510,-5.0,0645,0640,-5.0,0.0,0.0,90.0,260.0,,,,,
2026-03-07,OO,N908EV,4674,DEN,RAP,0855,0854,-1.0,1020,1014,-6.0,0.0,0.0,85.0,301.0,,,,,
2026-03-07,OO,N908EV,5708,RAP,DEN,1055,1100,5.0,1235,1222,-13.0,0.0,0.0,100.0,301.0,,,,,
2026-03-07,OO,N908EV,5224,DEN,DRO,1325,1343,18.0,1448,1502,14.0,0.0,0.0,83.0,251.0,,,,,
2026-03-07,OO,N908EV,5952,DRO,DEN,1523,1540,17.0,1656,1701,5.0,0.0,0.0,93.0,251.0,,,,,
2026-03-07,OO,N908EV,5477,DEN,CPR,1740,1739,-1.0,1857,1902,5.0,0.0,0.0,77.0,230.0,,,,,
2026-03-08,OO,N908EV,4631,CPR,DEN,0900,0849,-11.0,1031,1030,-1.0,0.0,0.0,91.0,230.0,,,,,
2026-03-08,OO,N908EV,5116,DEN,RKS,1215,1204,-11.0,1333,1306,-27.0,0.0,0.0,78.0,260.0,,,,,
2026-03-08,OO,N908EV,6059,RKS,DEN,1410,1359,-11.0,1540,1503,-37.0,0.0,0.0,90.0,260.0,,,,,
2026-03-08,OO,N908EV,5861,DEN,COS,1725,1719,-6.0,1820,1807,-13.0,0.0,0.0,55.0,73.0,,,,,
2026-03-08,OO,N908EV,5391,COS,DEN,1855,1852,-3.0,2002,2004,2.0,0.0,0.0,67.0,73.0,,,,,
2026-03-08,OO,N908EV,5091,DEN,PIR,2042,2044,2.0,2315,2259,-16.0,0.0,0.0,93.0,385.0,,,,,
2026-03-07,OO,N929EV,5121,EAU,ORD,0500,,,0630,,,1.0,0.0,90.0,269.0,,,,,
2026-03-07,OO,N929EV,6064,SLN,ORD,0935,,,1132,,,1.0,0.0,117.0,559.0,,,,,
2026-03-08,OO,N929EV,6012,ORD,COU,0900,0900,0.0,1033,1035,2.0,0.0,0.0,93.0,315.0,,,,,
2026-03-08,OO,N929EV,6007,COU,ORD,1115,1229,74.0,1245,1348,63.0,0.0,0.0,90.0,315.0,63.0,0.0,0.0,0.0,0.0
2026-03-08,OO,N929EV,5693,ORD,GRB,1545,1540,-5.0,1653,1650,-3.0,0.0,0.0,68.0,173.0,,,,,
2026-03-08,OO,N929EV,5441,GRB,ORD,1728,1721,-7.0,1851,1850,-1.0,0.0,0.0,83.0,173.0,,,,,
2026-03-08,OO,N929EV,5314,ORD,LNK,1945,1941,-4.0,2147,2135,-12.0,0.0,0.0,122.0,466.0,,,,,
2026-03-07,OO,N944SW,6035,SBP,SFO,0820,0814,-6.0,0935,0930,-5.0,0.0,0.0,75.0,191.0,,,,,
2026-03-07,OO,N944SW,5958,SFO,FAT,1105,1102,-3.0,1213,1212,-1.0,0.0,0.0,68.0,158.0,,,,,
2026-03-07,OO,N944SW,5974,FAT,SFO,1315,1308,-7.0,1424,1401,-23.0,0.0,0.0,69.0,158.0,,,,,
2026-03-07,OO,N944SW,5997,SFO,SMF,1510,1503,-7.0,1606,1545,-21.0,0.0,0.0,56.0,86.0,,,,,
2026-03-07,OO,N944SW,5323,SMF,SFO,1641,1627,-14.0,1750,1731,-19.0,0.0,0.0,69.0,86.0,,,,,
2026-03-07,OO,N944SW,5627,SFO,MRY,1655,1802,67.0,1800,1853,53.0,0.0,0.0,65.0,77.0,53.0,0.0,0.0,0.0,0.0
2026-03-07,OO,N944SW,5357,MRY,SFO,1900,2005,65.0,1954,2041,47.0,0.0,0.0,54.0,77.0,0.0,0.0,0.0,0.0,47.0
2026-03-07,OO,N944SW,5271,SFO,FAT,2245,2235,-10.0,2356,2346,-10.0,0.0,0.0,71.0,158.0,,,,,
2026-03-08,OO,N944SW,5737,FAT,SFO,1045,1058,13.0,1154,1218,24.0,0.0,0.0,69.0,158.0,13.0,0.0,11.0,0.0,0.0
2026-03-08,OO,N944SW,5312,SFO,PSP,1307,1305,-2.0,1457,1458,1.0,0.0,0.0,110.0,421.0,,,,,
2026-03-08,OO,N944SW,4786,PSP,SFO,1532,1608,36.0,1730,1737,7.0,0.0,0.0,118.0,421.0,,,,,
2026-03-08,OO,N944SW,5796,SFO,SMF,1845,1901,16.0,1941,1947,6.0,0.0,0.0,56.0,86.0,,,,,
2026-03-08,OO,N944SW,5961,SMF,SFO,2029,2024,-5.0,2138,2152,14.0,0.0,0.0,69.0,86.0,,,,,
2026-03-08,OO,N944SW,5271,SFO,FAT,2245,2237,-8.0,2356,2342,-14.0,0.0,0.0,71.0,158.0,,,,,
2026-03-07,OO,N955SW,5046,JST,IAD,0624,0622,-2.0,0735,0717,-18.0,0.0,0.0,71.0,119.0,,,,,
2026-03-07,OO,N955SW,5022,IAD,JST,1240,,,1340,,,1.0,0.0,60.0,119.0,,,,,
2026-03-07,OO,N955SW,5029,JST,ORD,1415,,,1512,,,1.0,0.0,117.0,487.0,,,,,
2026-03-07,OO,N955SW,5127,ORD,DEC,1649,,,1753,,,1.0,0.0,64.0,156.0,,,,,
2026-03-07,OO,N955SW,5064,DEC,ORD,1915,,,2025,,,1.0,0.0,70.0,156.0,,,,,
2026-03-07,UA,N12225,1370,RNO,SFO,0800,0759,-1.0,0912,0916,4.0,0.0,0.0,72.0,192.0,,,,,
2026-03-07,UA,N12225,611,SFO,LAS,1053,1051,-2.0,1241,1232,-9.0,0.0,0.0,108.0,414.0,,,,,
2026-03-07,UA,N12225,1799,LAS,SFO,1348,1348,0.0,1535,1530,-5.0,0.0,0.0,107.0,414.0,,,,,
2026-03-07,UA,N12225,751,SFO,LAS,1650,1646,-4.0,1835,1826,-9.0,0.0,0.0,105.0,414.0,,,,,
2026-03-07,UA,N12225,1731,LAS,SFO,1957,1958,1.0,2147,2145,-2.0,0.0,0.0,110.0,414.0,,,,,
2026-03-08,UA,N12225,1260,SFO,LAX,0715,0708,-7.0,0851,0853,2.0,0.0,0.0,96.0,337.0,,,,,
2026-03-08,UA,N12225,1791,LAX,SFO,1015,1007,-8.0,1150,1159,9.0,0.0,0.0,95.0,337.0,,,,,
2026-03-08,UA,N12225,2441,SFO,LAX,1255,1258,3.0,1428,1420,-8.0,0.0,0.0,93.0,337.0,,,,,
2026-03-08,UA,N12225,2019,LAX,SFO,1531,1522,-9.0,1705,1639,-26.0,0.0,0.0,94.0,337.0,,,,,
2026-03-08,UA,N12225,1799,SFO,SBA,1850,1845,-5.0,2006,2002,-4.0,0.0,0.0,76.0,262.0,,,,,
2026-03-07,UA,N12238,2354,TUS,DEN,0658,0659,1.0,0853,0852,-1.0,0.0,0.0,115.0,639.0,,,,,
2026-03-07,UA,N12238,2269,DEN,RDU,0950,0954,4.0,1510,1527,17.0,0.0,0.0,200.0,1436.0,0.0,0.0,17.0,0.0,0.0
2026-03-07,UA,N12238,2288,RDU,DEN,1612,1626,14.0,1820,1823,3.0,0.0,0.0,248.0,1436.0,,,,,
2026-03-07,UA,N12238,2411,DEN,BUR,1942,1954,12.0,2124,2103,-21.0,0.0,0.0,162.0,850.0,,,,,
2026-03-08,UA,N12238,2386,BUR,SFO,1005,1156,111.0,1141,1318,97.0,0.0,0.0,96.0,326.0,97.0,0.0,0.0,0.0,0.0
2026-03-08,UA,N12238,2367,SFO,CLE,1507,1502,-5.0,2247,2226,-21.0,0.0,0.0,280.0,2161.0,,,,,
2026-03-07,UA,N17361,1402,DEN,ABQ,1150,1147,-3.0,1315,1336,21.0,0.0,0.0,85.0,349.0,0.0,0.0,21.0,0.0,0.0
2026-03-07,UA,N17361,1741,ABQ,DEN,1440,1448,8.0,1605,1606,1.0,0.0,0.0,85.0,349.0,,,,,
2026-03-07,UA,N17361,1669,DEN,MCI,1759,1803,4.0,2044,2049,5.0,0.0,0.0,105.0,533.0,,,,,
2026-03-08,UA,N17361,2031,MCI,DEN,0845,0845,0.0,1001,0955,-6.0,0.0,0.0,136.0,533.0,,,,,
2026-03-08,UA,N17361,1378,DEN,EGE,1129,1159,30.0,1233,1350,77.0,0.0,0.0,64.0,120.0,0.0,0.0,77.0,0.0,0.0
2026-03-08,UA,N17361,2663,EGE,DEN,1335,1448,73.0,1449,1625,96.0,0.0,0.0,74.0,120.0,7.0,0.0,23.0,0.0,66.0
2026-03-08,UA,N17361,2168,DEN,LGA,1554,1723,89.0,2129,2248,79.0,0.0,0.0,215.0,1620.0,6.0,0.0,0.0,0.0,73.0
2026-03-07,UA,N17418,1697,CLE,EWR,1224,1253,29.0,1355,1425,30.0,0.0,0.0,91.0,404.0,0.0,0.0,30.0,0.0,0.0
2026-03-07,UA,N17418,1168,EWR,ORD,1420,1520,60.0,1603,1707,64.0,0.0,0.0,163.0,719.0,0.0,0.0,4.0,0.0,60.0
2026-03-07,UA,N17418,1986,ORD,IAH,1720,1754,34.0,2022,2247,145.0,0.0,0.0,182.0,925.0,0.0,0.0,111.0,0.0,34.0
2026-03-07,UA,N17418,1497,IAH,SJU,2359,0410,191.0,0611,0941,210.0,0.0,0.0,252.0,2007.0,191.0,0.0,19.0,0.0,0.0
2026-03-08,UA,N17418,2495,SJU,IAH,0915,1039,84.0,1321,1439,78.0,0.0,0.0,306.0,2007.0,0.0,0.0,0.0,0.0,78.0
2026-03-08,UA,N17418,1354,IAH,SFO,1516,1600,44.0,1748,1754,6.0,0.0,0.0,272.0,1635.0,,,,,
2026-03-08,UA,N17418,1577,SFO,SAN,1910,1904,-6.0,2053,2103,10.0,0.0,0.0,103.0,447.0,,,,,
2026-03-08,UA,N17418,2129,SAN,IAD,2215,2212,-3.0,0603,0551,-12.0,0.0,0.0,288.0,2253.0,,,,,
2026-03-08,UA,N26960,713,SFO,EWR,1035,1111,36.0,1857,1914,17.0,0.0,0.0,322.0,2565.0,17.0,0.0,0.0,0.0,0.0
2026-03-07,UA,N34535,2340,SFO,SEA,0904,0859,-5.0,1124,1113,-11.0,0.0,0.0,140.0,679.0,,,,,
2026-03-07,UA,N34535,1482,SEA,SFO,1236,1237,1.0,1455,1435,-20.0,0.0,0.0,139.0,679.0,,,,,
2026-03-07,UA,N34535,2610,SFO,LAX,1600,1601,1.0,1733,1721,-12.0,0.0,0.0,93.0,337.0,,,,,
2026-03-07,UA,N34535,1482,SFO,ORD,1715,2051,216.0,2338,0404,266.0,0.0,0.0,263.0,1846.0,1.0,0.0,60.0,0.0,205.0
2026-03-07,UA,N34535,2681,LAX,SFO,1836,1831,-5.0,2010,1948,-22.0,0.0,0.0,94.0,337.0,,,,,
2026-03-08,UA,N34535,660,ORD,SAN,0847,0847,0.0,1138,1036,-62.0,0.0,0.0,291.0,1723.0,,,,,
2026-03-08,UA,N34535,1565,SAN,DEN,1255,1412,77.0,1624,1806,102.0,0.0,0.0,149.0,853.0,0.0,0.0,102.0,0.0,0.0
2026-03-08,UA,N34535,2613,DEN,EWR,1743,1919,96.0,2326,0057,91.0,0.0,0.0,223.0,1605.0,10.0,0.0,0.0,0.0,81.0
2026-03-07,UA,N37434,1493,EWR,MCO,0755,0749,-6.0,1100,1015,-45.0,0.0,0.0,185.0,937.0,,,,,
2026-03-07,UA,N37434,1866,MCO,EWR,1211,1230,19.0,1459,1502,3.0,0.0,0.0,168.0,937.0,,,,,
2026-03-07,UA,N37434,1268,EWR,MCO,1600,1605,5.0,1859,1840,-19.0,0.0,0.0,179.0,937.0,,,,,
2026-03-07,UA,N37434,1850,MCO,EWR,2005,2031,26.0,2255,0025,90.0,0.0,0.0,170.0,937.0,0.0,0.0,90.0,0.0,0.0
2026-03-08,UA,N37434,1207,EWR,JAX,0730,0723,-7.0,1009,1008,-1.0,0.0,0.0,159.0,820.0,,,,,
2026-03-08,UA,N37434,1144,JAX,EWR,1115,1118,3.0,1330,1324,-6.0,0.0,0.0,135.0,820.0,,,,,
2026-03-08,UA,N37434,1168,EWR,ORD,1437,1434,-3.0,1618,1619,1.0,0.0,0.0,161.0,719.0,,,,,
2026-03-08,UA,N37434,1986,ORD,IAH,1725,1725,0.0,2027,2007,-20.0,0.0,0.0,182.0,925.0,,,,,
2026-03-08,UA,N37434,2658,IAH,LAX,1850,2119,149.0,2047,2258,131.0,0.0,0.0,237.0,1379.0,14.0,0.0,0.0,0.0,117.0
2026-03-07,UA,N37504,2316,DEN,LAS,0745,0743,-2.0,0854,0839,-15.0,0.0,0.0,129.0,628.0,,,,,
2026-03-07,UA,N37504,1006,LAS,DEN,1000,0955,-5.0,1300,1256,-4.0,0.0,0.0,120.0,628.0,,,,,
2026-03-07,UA,N37504,1505,DEN,EWR,1407,1501,54.0,1948,2110,82.0,0.0,0.0,221.0,1605.0,0.0,0.0,82.0,0.0,0.0
2026-03-07,UA,N37504,1324,EWR,SRQ,2052,2155,63.0,2359,0036,37.0,0.0,0.0,187.0,1034.0,0.0,0.0,0.0,0.0,37.0
2026-03-08,UA,N37504,1875,SRQ,EWR,0600,0559,-1.0,0848,0839,-9.0,0.0,0.0,168.0,1034.0,,,,,
2026-03-08,UA,N37504,446,EWR,LAS,1000,1048,48.0,1254,1259,5.0,0.0,0.0,354.0,2227.0,,,,,
2026-03-08,UA,N37504,2382,LAS,IAD,1400,1406,6.0,2125,2126,1.0,0.0,0.0,265.0,2065.0,,,,,
2026-03-07,UA,N37551,686,SFO,IAH,0720,0713,-7.0,1313,1313,0.0,0.0,0.0,233.0,1635.0,,,,,
2026-03-08,UA,N37551,1318,IAH,FLL,1210,1316,66.0,1545,1700,75.0,0.0,0.0,155.0,966.0,66.0,0.0,9.0,0.0,0.0
2026-03-08,UA,N37551,1696,FLL,IAH,1655,1800,65.0,1905,2024,79.0,0.0,0.0,190.0,966.0,4.0,0.0,14.0,0.0,61.0
2026-03-08,UA,N37551,1216,IAH,OMA,2006,2157,111.0,2230,0017,107.0,0.0,0.0,144.0,781.0,36.0,0.0,0.0,0.0,71.0
2026-03-07,UA,N38417,2319,TPA,IAH,0930,0920,-10.0,1107,1034,-33.0,0.0,0.0,157.0,787.0,,,,,
2026-03-07,UA,N38417,1687,IAH,IND,1227,1223,-4.0,1549,1542,-7.0,0.0,0.0,142.0,844.0,,,,,
2026-03-07,UA,N38417,1420,IND,IAH,1705,1656,-9.0,1853,2026,93.0,0.0,0.0,168.0,844.0,0.0,0.0,93.0,0.0,0.0
2026-03-07,UA,N38417,1949,IAH,DFW,2015,2225,130.0,2145,2350,125.0,0.0,0.0,90.0,224.0,61.0,0.0,0.0,0.0,64.0
2026-03-08,UA,N38417,1847,DFW,EWR,0600,0604,4.0,1020,1000,-20.0,0.0,0.0,200.0,1372.0,,,,,
2026-03-08,UA,N38417,1875,EWR,ORD,1132,1124,-8.0,1315,1254,-21.0,0.0,0.0,163.0,719.0,,,,,
2026-03-08,UA,N38417,587,ORD,IAD,1430,1442,12.0,1730,1723,-7.0,0.0,0.0,120.0,588.0,,,,,
2026-03-08,UA,N38417,780,IAD,PDX,1905,1923,18.0,2158,2224,26.0,0.0,0.0,353.0,2327.0,18.0,0.0,8.0,0.0,0.0
2026-03-08,UA,N38417,2338,PDX,IAD,2310,2308,-2.0,0703,0635,-28.0,0.0,0.0,293.0,2327.0,,,,,
2026-03-07,UA,N39416,355,MCI,DEN,0600,0557,-3.0,0702,0645,-17.0,0.0,0.0,122.0,533.0,,,,,
2026-03-07,UA,N39416,403,DEN,FLL,0810,0811,1.0,1404,1454,50.0,0.0,0.0,234.0,1703.0,0.0,0.0,50.0,0.0,0.0
2026-03-07,UA,N39416,1417,FLL,DEN,1525,1546,21.0,1807,1758,-9.0,0.0,0.0,282.0,1703.0,,,,,
2026-03-07,UA,N39416,1417,DEN,BIL,1914,1928,14.0,2051,2101,10.0,0.0,0.0,97.0,455.0,,,,,
2026-03-08,UA,N39416,372,BIL,DEN,0630,0626,-4.0,0817,0753,-24.0,0.0,0.0,107.0,455.0,,,,,
2026-03-08,UA,N39416,1247,DEN,PDX,0800,0840,40.0,0954,1013,19.0,0.0,0.0,174.0,991.0,0.0,0.0,0.0,0.0,19.0
2026-03-08,UA,N39416,1641,PDX,ORD,1100,1058,-2.0,1658,1654,-4.0,0.0,0.0,238.0,1739.0,,,,,
2026-03-08,UA,N39416,1568,ORD,ROC,1812,1812,0.0,2103,2047,-16.0,0.0,0.0,111.0,528.0,,,,,
2026-03-07,UA,N443UA,293,OMA,ORD,0800,0759,-1.0,0946,0940,-6.0,0.0,0.0,106.0,416.0,,,,,
2026-03-07,UA,N443UA,1109,ORD,PBI,0850,1028,98.0,1309,1437,88.0,0.0,0.0,199.0,1144.0,2.0,0.0,0.0,0.0,86.0
2026-03-07,UA,N443UA,1046,PBI,ORD,1405,1533,88.0,1638,1730,52.0,0.0,0.0,213.0,1144.0,6.0,0.0,0.0,0.0,46.0
2026-03-07,UA,N443UA,2362,ORD,CHS,1745,1831,46.0,2057,2140,43.0,0.0,0.0,132.0,760.0,14.0,0.0,0.0,0.0,29.0
2026-03-07,UA,N460UA,426,DTW,ORD,0900,0859,-1.0,0930,1011,41.0,0.0,0.0,90.0,235.0,0.0,0.0,41.0,0.0,0.0
2026-03-07,UA,N460UA,2287,ORD,SRQ,1104,1111,7.0,1504,1519,15.0,0.0,0.0,180.0,1050.0,7.0,0.0,8.0,0.0,0.0
2026-03-07,UA,N460UA,1592,SRQ,ORD,1628,1624,-4.0,1848,1847,-1.0,0.0,0.0,200.0,1050.0,,,,,
2026-03-07,UA,N460UA,1301,ORD,ICT,1940,1936,-4.0,2150,2128,-22.0,0.0,0.0,130.0,588.0,,,,,
2026-03-08,UA,N460UA,786,ICT,ORD,0750,0743,-7.0,0950,0944,-6.0,0.0,0.0,120.0,588.0,,,,,
2026-03-07,UA,N47332,1979,EWR,TPA,0655,0801,66.0,1002,1041,39.0,0.0,0.0,187.0,997.0,15.0,0.0,0.0,0.0,24.0
2026-03-07,UA,N47332,1353,TPA,EWR,1111,1141,30.0,1400,1434,34.0,0.0,0.0,169.0,997.0,0.0,0.0,13.0,0.0,21.0
2026-03-07,UA,N47332,2376,EWR,ATL,1530,1526,-4.0,1759,1736,-23.0,0.0,0.0,149.0,746.0,,,,,
2026-03-08,UA,N47332,1259,ATL,SFO,0645,0643,-2.0,0930,0844,-46.0,0.0,0.0,345.0,2139.0,,,,,
2026-03-08,UA,N47332,2114,SFO,DFW,1049,1117,28.0,1628,1659,31.0,0.0,0.0,219.0,1464.0,28.0,0.0,3.0,0.0,0.0
2026-03-08,UA,N47332,1240,DFW,IAD,1730,1901,91.0,2125,2243,78.0,0.0,0.0,175.0,1172.0,61.0,0.0,0.0,0.0,17.0
2026-03-07,UA,N476UA,1204,MKE,DEN,0815,0811,-4.0,1006,0954,-12.0,0.0,0.0,171.0,896.0,,,,,
2026-03-07,UA,N476UA,2154,DEN,BUR,1120,1122,2.0,1305,1224,-41.0,0.0,0.0,165.0,850.0,,,,,
2026-03-07,UA,N476UA,1453,BUR,SFO,1404,1356,-8.0,1535,1512,-23.0,0.0,0.0,91.0,326.0,,,,,
2026-03-07,UA,N476UA,1336,SFO,SAN,1650,1647,-3.0,1833,1820,-13.0,0.0,0.0,103.0,447.0,,,,,
2026-03-07,UA,N476UA,2278,SAN,SFO,1950,1945,-5.0,2138,2124,-14.0,0.0,0.0,108.0,447.0,,,,,
2026-03-08,UA,N476UA,592,IAH,OKC,2000,2015,15.0,2140,2146,6.0,0.0,0.0,100.0,395.0,,,,,
2026-03-07,UA,N48127,2164,EWR,ORD,0600,0556,-4.0,0745,0745,0.0,0.0,0.0,165.0,719.0,,,,,
2026-03-07,UA,N48127,2301,ORD,EWR,0915,0925,10.0,1228,1230,2.0,0.0,0.0,133.0,719.0,,,,,
2026-03-07,UA,N48127,1227,EWR,SFO,1400,1353,-7.0,1735,1643,-52.0,0.0,0.0,395.0,2565.0,,,,,
2026-03-07,UA,N48127,698,SFO,EWR,2130,2137,7.0,0659,0648,-11.0,0.0,0.0,329.0,2565.0,,,,,
2026-03-08,UA,N48127,1636,EWR,EGE,0800,0814,14.0,1054,1051,-3.0,0.0,0.0,294.0,1725.0,,,,,
2026-03-08,UA,N48127,2650,EGE,EWR,1159,1155,-4.0,1800,1746,-14.0,0.0,0.0,241.0,1725.0,,,,,
2026-03-08,UA,N48127,353,EWR,LAX,1930,1947,17.0,2259,2231,-28.0,0.0,0.0,389.0,2454.0,,,,,
2026-03-07,UA,N54525,1414,ORD,TPA,0915,0943,28.0,1310,1342,32.0,0.0,0.0,175.0,1012.0,28.0,0.0,4.0,0.0,0.0
2026-03-07,UA,N54525,1369,TPA,ORD,1424,1546,82.0,1633,1811,98.0,0.0,0.0,189.0,1012.0,62.0,0.0,16.0,0.0,20.0
2026-03-07,UA,N54525,2426,ORD,IAH,2010,2016,6.0,2313,0243,270.0,0.0,0.0,183.0,925.0,6.0,0.0,264.0,0.0,0.0
2026-03-08,UA,N54525,2616,IAH,ORD,0620,0643,23.0,0907,0937,30.0,0.0,0.0,167.0,925.0,23.0,0.0,7.0,0.0,0.0
2026-03-07,UA,N57111,2641,EWR,LAX,1805,1809,4.0,2140,2109,-31.0,0.0,0.0,395.0,2454.0,,,,,
2026-03-08,UA,N57111,1912,LAX,DEN,0845,0844,-1.0,1212,1213,1.0,0.0,0.0,147.0,862.0,,,,,
2026-03-08,UA,N57111,1505,DEN,EWR,1340,1342,2.0,1921,1919,-2.0,0.0,0.0,221.0,1605.0,,,,,
2026-03-08,UA,N66051,345,IAD,HNL,0815,0825,10.0,1313,1241,-32.0,0.0,0.0,658.0,4816.0,,,,,
2026-03-08,UA,N66051,362,HNL,EWR,1455,1443,-12.0,0623,0607,-16.0,0.0,0.0,568.0,4962.0,,,,,
2026-03-07,UA,N66837,643,LAS,SFO,0600,0552,-8.0,0747,0725,-22.0,0.0,0.0,107.0,414.0,,,,,
2026-03-07,UA,N66837,2128,SFO,TPA,0910,0910,0.0,1710,1742,32.0,0.0,0.0,300.0,2393.0,0.0,0.0,32.0,0.0,0.0
2026-03-08,UA,N66837,1604,TPA,SFO,0600,0555,-5.0,0910,0905,-5.0,0.0,0.0,370.0,2393.0,,,,,
2026-03-08,UA,N66837,702,SFO,ATL,1035,1123,48.0,1816,1859,43.0,0.0,0.0,281.0,2139.0,43.0,0.0,0.0,0.0,0.0
2026-03-08,UA,N66837,2634,ATL,IAD,1922,1955,33.0,2113,2136,23.0,0.0,0.0,111.0,534.0,0.0,0.0,0.0,0.0,23.0
2026-03-08,UA,N66837,495,IAD,DEN,2230,2230,0.0,0030,0015,-15.0,0.0,0.0,240.0,1452.0,,,,,
2026-03-07,UA,N68802,492,EWR,IAH,0530,0523,-7.0,0838,0801,-37.0,0.0,0.0,248.0,1400.0,,,,,
2026-03-07,UA,N68802,366,IAH,SEA,1002,0959,-3.0,1307,1320,13.0,0.0,0.0,305.0,1874.0,,,,,
2026-03-07,UA,N68802,2340,SEA,IAH,1415,1417,2.0,2040,2257,137.0,0.0,0.0,265.0,1874.0,0.0,0.0,137.0,0.0,0.0
2026-03-08,UA,N68802,1524,IAH,LAS,1220,1230,10.0,1358,1344,-14.0,0.0,0.0,218.0,1222.0,,,,,
2026-03-08,UA,N68802,1853,LAS,DEN,1509,1507,-2.0,1809,1755,-14.0,0.0,0.0,120.0,628.0,,,,,
2026-03-08,UA,N68802,2014,DEN,BOI,1916,1922,6.0,2123,2111,-12.0,0.0,0.0,127.0,649.0,,,,,
2026-03-07,UA,N69888,1252,CLE,IAD,0600,0557,-3.0,0720,0718,-2.0,0.0,0.0,80.0,287.0,,,,,
2026-03-07,UA,N69888,1926,IAD,MCO,0955,0946,-9.0,1226,1227,1.0,0.0,0.0,151.0,758.0,,,,,
2026-03-07,UA,N69888,2065,MCO,IAD,1345,1638,173.0,1603,1855,172.0,0.0,0.0,138.0,758.0,172.0,0.0,0.0,0.0,0.0
2026-03-07,UA,N69888,293,IAD,JAX,1745,1944,119.0,2004,2220,136.0,0.0,0.0,139.0,631.0,0.0,0.0,17.0,0.0,119.0
2026-03-08,UA,N69888,1434,JAX,IAD,0920,1015,55.0,1111,1156,45.0,0.0,0.0,111.0,631.0,45.0,0.0,0.0,0.0,0.0
2026-03-08,UA,N69888,1689,IAD,LAX,1235,1250,15.0,1530,1452,-38.0,0.0,0.0,355.0,2288.0,,,,,
2026-03-08,UA,N69888,669,LAX,IAD,1637,1632,-5.0,0028,0029,1.0,0.0,0.0,291.0,2288.0,,,,,
2026-03-07,UA,N75429,1977,IAH,BOS,0720,0720,0.0,1207,1207,0.0,0.0,0.0,227.0,1597.0,,,,,
2026-03-07,UA,N75429,1976,BOS,IAH,1320,1315,-5.0,1659,1613,-46.0,0.0,0.0,279.0,1597.0,,,,,
2026-03-07,UA,N75429,1072,IAH,SAN,1650,2101,251.0,1833,2215,222.0,0.0,0.0,223.0,1303.0,0.0,205.0,0.0,0.0,17.0
2026-03-08,UA,N75429,1714,SAN,DEN,0630,0733,63.0,0958,1102,64.0,0.0,0.0,148.0,853.0,63.0,0.0,1.0,0.0,0.0
2026-03-08,UA,N75429,1963,DEN,SLC,1145,1158,13.0,1324,1316,-8.0,0.0,0.0,99.0,391.0,,,,,
2026-03-08,UA,N75429,1662,SLC,DEN,1440,1437,-3.0,1613,1552,-21.0,0.0,0.0,93.0,391.0,,,,,
2026-03-08,UA,N75429,1374,DEN,FLL,1740,1747,7.0,2330,2338,8.0,0.0,0.0,230.0,1703.0,,,,,
2026-03-07,UA,N77426,1898,BWI,IAH,0605,0559,-6.0,0848,0819,-29.0,0.0,0.0,223.0,1235.0,,,,,
2026-03-08,UA,N77426,375,EWR,BOS,0951,0947,-4.0,1106,1103,-3.0,0.0,0.0,75.0,200.0,,,,,
2026-03-08,UA,N77426,533,BOS,EWR,1208,1207,-1.0,1329,1340,11.0,0.0,0.0,81.0,200.0,,,,,
2026-03-08,UA,N77426,1016,EWR,FLL,1500,1507,7.0,1812,1800,-12.0,0.0,0.0,192.0,1065.0,,,,,
2026-03-08,UA,N77426,1951,FLL,EWR,1926,1924,-2.0,2230,2221,-9.0,0.0,0.0,184.0,1065.0,,,,,
2026-03-07,UA,N834UA,2609,OKC,DEN,0943,1013,30.0,1035,1049,14.0,0.0,0.0,112.0,495.0,,,,,
2026-03-07,UA,N834UA,1180,DEN,COS,1135,1134,-1.0,1228,1216,-12.0,0.0,0.0,53.0,73.0,,,,,
2026-03-07,UA,N834UA,324,COS,DEN,1332,1324,-8.0,1427,1412,-15.0,0.0,0.0,55.0,73.0,,,,,
2026-03-07,UA,N834UA,2013,DEN,SEA,1604,1607,3.0,1804,1802,-2.0,0.0,0.0,180.0,1024.0,,,,,
2026-03-08,UA,N834UA,2601,SEA,DEN,0500,0455,-5.0,0839,0823,-16.0,0.0,0.0,159.0,1024.0,,,,,
2026-03-08,UA,N834UA,652,DEN,STL,1015,1011,-4.0,1319,1314,-5.0,0.0,0.0,124.0,770.0,,,,,
2026-03-08,UA,N834UA,333,STL,DEN,1450,1444,-6.0,1626,1551,-35.0,0.0,0.0,156.0,770.0,,,,,
2026-03-08,UA,N834UA,2130,DEN,MEM,1725,1726,1.0,2039,2033,-6.0,0.0,0.0,134.0,872.0,,,,,
2026-03-07,WN,N209WN,3561,RNO,DAL,0620,0621,1.0,1140,1201,21.0,0.0,0.0,200.0,1356.0,0.0,0.0,21.0,0.0,0.0
2026-03-07,WN,N209WN,2697,DAL,OKC,1410,1445,35.0,1510,1526,16.0,0.0,0.0,60.0,181.0,6.0,0.0,0.0,0.0,10.0
2026-03-07,WN,N209WN,2697,OKC,MDW,1545,1606,21.0,1735,1745,10.0,0.0,0.0,110.0,691.0,,,,,
2026-03-07,WN,N209WN,559,MDW,MHT,1845,1937,52.0,2150,2226,36.0,0.0,0.0,125.0,838.0,28.0,0.0,0.0,0.0,8.0
2026-03-08,WN,N209WN,4021,MHT,MDW,0720,0716,-4.0,0855,0851,-4.0,0.0,0.0,155.0,838.0,,,,,
2026-03-08,WN,N209WN,3691,MDW,MCI,0955,0954,-1.0,1130,1108,-22.0,0.0,0.0,95.0,404.0,,,,,
2026-03-08,WN,N209WN,1403,MCI,DCA,1205,1425,140.0,1520,1735,135.0,0.0,0.0,135.0,949.0,135.0,0.0,0.0,0.0,0.0
2026-03-08,WN,N209WN,1403,DCA,TPA,1600,1832,152.0,1830,2041,131.0,0.0,0.0,150.0,814.0,14.0,0.0,0.0,0.0,117.0
2026-03-08,WN,N209WN,3951,TPA,STL,1910,2127,137.0,2045,2247,122.0,0.0,0.0,155.0,869.0,4.0,0.0,0.0,0.0,118.0
2026-03-08,WN,N209WN,1894,STL,OMA,2135,2334,119.0,2255,0042,107.0,0.0,0.0,80.0,342.0,0.0,0.0,0.0,0.0,107.0
2026-03-07,WN,N242WN,2104,PIT,MCO,0745,0740,-5.0,1005,0948,-17.0,0.0,0.0,140.0,834.0,,,,,
2026-03-07,WN,N242WN,342,MCO,BWI,1015,1041,26.0,1235,1301,26.0,0.0,0.0,140.0,787.0,15.0,0.0,0.0,0.0,11.0
2026-03-07,WN,N242WN,294,BWI,TPA,1310,1344,34.0,1545,1558,13.0,0.0,0.0,155.0,842.0,,,,,
2026-03-07,WN,N242WN,281,TPA,MEM,1625,1636,11.0,1735,1732,-3.0,0.0,0.0,130.0,655.0,,,,,
2026-03-07,WN,N242WN,281,MEM,DAL,1810,1814,4.0,1945,1942,-3.0,0.0,0.0,95.0,423.0,,,,,
2026-03-07,WN,N242WN,281,DAL,BUR,2025,2051,26.0,2155,2155,0.0,0.0,0.0,210.0,1243.0,,,,,
2026-03-08,WN,N242WN,1361,BUR,PHX,0720,0713,-7.0,0900,0857,-3.0,0.0,0.0,100.0,369.0,,,,,
2026-03-08,WN,N242WN,2752,PHX,LAS,0940,0938,-2.0,1100,1050,-10.0,0.0,0.0,80.0,255.0,,,,,
2026-03-08,WN,N242WN,1270,LAS,PHX,1135,1137,2.0,1250,1244,-6.0,0.0,0.0,75.0,255.0,,,,,
2026-03-08,WN,N242WN,542,PHX,ONT,1330,1331,1.0,1445,1449,4.0,0.0,0.0,75.0,325.0,,,,,
2026-03-08,WN,N242WN,542,ONT,OAK,1520,1542,22.0,1645,1652,7.0,0.0,0.0,85.0,362.0,,,,,
2026-03-08,WN,N242WN,1573,OAK,ABQ,1720,1735,15.0,2035,2051,16.0,0.0,0.0,135.0,889.0,6.0,0.0,1.0,0.0,9.0
2026-03-08,WN,N242WN,2309,ABQ,LAS,2110,2114,4.0,2150,2137,-13.0,0.0,0.0,100.0,486.0,,,,,
2026-03-08,WN,N242WN,3494,LAS,ATL,2330,2330,0.0,0615,0612,-3.0,0.0,0.0,225.0,1747.0,,,,,
2026-03-07,WN,N243WN,2927,MCO,ALB,0700,0655,-5.0,0950,0935,-15.0,0.0,0.0,170.0,1073.0,,,,,
2026-03-07,WN,N243WN,3628,ALB,BNA,1025,1016,-9.0,1205,1125,-40.0,0.0,0.0,160.0,825.0,,,,,
2026-03-07,WN,N243WN,706,BNA,MTJ,1245,1246,1.0,1500,1505,5.0,0.0,0.0,195.0,1177.0,,,,,
2026-03-07,WN,N243WN,1417,MTJ,AUS,1535,1543,8.0,1850,1849,-1.0,0.0,0.0,135.0,818.0,,,,,
2026-03-07,WN,N243WN,2901,AUS,DAL,1950,1952,2.0,2055,2124,29.0,0.0,0.0,65.0,189.0,0.0,0.0,29.0,0.0,0.0
2026-03-07,WN,N243WN,186,DAL,TUL,2140,2158,18.0,2245,2245,0.0,0.0,0.0,65.0,237.0,,,,,
2026-03-08,WN,N243WN,4579,TUL,DAL,0535,0524,-11.0,0645,0620,-25.0,0.0,0.0,70.0,237.0,,,,,
2026-03-08,WN,N243WN,3334,DAL,MSY,0730,0725,-5.0,0855,0838,-17.0,0.0,0.0,85.0,437.0,,,,,
2026-03-08,WN,N243WN,3520,MSY,DAL,0930,1001,31.0,1110,1131,21.0,0.0,0.0,100.0,437.0,0.0,0.0,0.0,21.0,0.0
2026-03-08,WN,N243WN,3520,DAL,AUS,1145,1215,30.0,1250,1307,17.0,0.0,0.0,65.0,189.0,4.0,0.0,0.0,0.0,13.0
2026-03-08,WN,N243WN,3520,AUS,DEN,1325,1417,52.0,1440,1521,41.0,0.0,0.0,135.0,775.0,26.0,0.0,0.0,0.0,15.0
2026-03-08,WN,N243WN,4091,DEN,HDN,1530,1610,40.0,1625,1650,25.0,0.0,0.0,55.0,141.0,0.0,0.0,0.0,0.0,25.0
2026-03-08,WN,N243WN,2632,HDN,DEN,1705,1735,30.0,1800,1826,26.0,0.0,0.0,55.0,141.0,2.0,0.0,0.0,0.0,24.0
2026-03-08,WN,N243WN,4592,DEN,HDN,1845,1906,21.0,1940,1947,7.0,0.0,0.0,55.0,141.0,,,,,
2026-03-07,WN,N431WN,4253,PHX,SAT,0845,0850,5.0,1200,1150,-10.0,0.0,0.0,135.0,843.0,,,,,
2026-03-07,WN,N431WN,4253,SAT,ATL,1235,1307,32.0,1550,1617,27.0,0.0,0.0,135.0,874.0,27.0,0.0,0.0,0.0,0.0
2026-03-07,WN,N431WN,3350,ATL,MCO,1630,1721,51.0,1800,1900,60.0,0.0,0.0,90.0,404.0,23.0,0.0,9.0,0.0,28.0
2026-03-07,WN,N431WN,1925,MCO,HOU,1825,1943,78.0,2015,2120,65.0,0.0,0.0,170.0,849.0,65.0,0.0,0.0,0.0,0.0
2026-03-08,WN,N431WN,3732,HOU,BNA,0905,0923,18.0,1105,1109,4.0,0.0,0.0,120.0,670.0,,,,,
2026-03-08,WN,N431WN,3732,BNA,PVD,1140,1155,15.0,1515,1508,-7.0,0.0,0.0,155.0,906.0,,,,,
2026-03-08,WN,N431WN,3835,PVD,BWI,1550,1554,4.0,1725,1711,-14.0,0.0,0.0,95.0,327.0,,,,,
2026-03-08,WN,N431WN,3835,BWI,STL,1800,1756,-4.0,1930,1901,-29.0,0.0,0.0,150.0,738.0,,,,,
2026-03-08,WN,N431WN,1179,STL,RDU,2015,2011,-4.0,2305,2255,-10.0,0.0,0.0,110.0,668.0,,,,,
2026-03-07,WN,N469WN,3032,HDN,DEN,0835,0938,63.0,0935,1037,62.0,0.0,0.0,60.0,141.0,62.0,0.0,0.0,0.0,0.0
2026-03-07,WN,N469WN,3286,DEN,PHX,1100,1125,25.0,1300,1303,3.0,0.0,0.0,120.0,602.0,,,,,
2026-03-07,WN,N469WN,2474,PHX,BOI,1340,1345,5.0,1545,1548,3.0,0.0,0.0,125.0,735.0,,,,,
2026-03-07,WN,N469WN,1198,BOI,DEN,1625,1626,1.0,1815,1810,-5.0,0.0,0.0,110.0,649.0,,,,,
2026-03-07,WN,N469WN,189,DEN,DSM,1905,1924,19.0,2145,2159,14.0,0.0,0.0,100.0,589.0,,,,,
2026-03-08,WN,N469WN,2845,DSM,MDW,0525,0518,-7.0,0645,0632,-13.0,0.0,0.0,80.0,306.0,,,,,
2026-03-08,WN,N469WN,3192,MDW,MCI,0735,0727,-8.0,0905,0852,-13.0,0.0,0.0,90.0,404.0,,,,,
2026-03-08,WN,N469WN,3192,MCI,FLL,0945,0944,-1.0,1345,1335,-10.0,0.0,0.0,180.0,1242.0,,,,,
2026-03-08,WN,N469WN,269,FLL,IND,1420,1426,6.0,1715,1706,-9.0,0.0,0.0,175.0,1005.0,,,,,
2026-03-08,WN,N469WN,269,IND,MDW,1750,1759,9.0,1750,1835,45.0,0.0,0.0,60.0,162.0,9.0,0.0,36.0,0.0,0.0
2026-03-08,WN,N469WN,1864,MDW,JAX,1850,1908,18.0,2205,2216,11.0,0.0,0.0,135.0,848.0,,,,,
2026-03-07,WN,N561WN,3406,IND,MDW,0650,0645,-5.0,0650,0637,-13.0,0.0,0.0,60.0,162.0,,,,,
2026-03-07,WN,N561WN,1940,MDW,CMH,0800,0804,4.0,1015,1005,-10.0,0.0,0.0,75.0,283.0,,,,,
2026-03-07,WN,N561WN,1940,CMH,SRQ,1050,1048,-2.0,1315,1307,-8.0,0.0,0.0,145.0,869.0,,,,,
2026-03-07,WN,N561WN,1700,SRQ,IND,1310,1355,45.0,1540,1612,32.0,0.0,0.0,150.0,876.0,28.0,0.0,0.0,0.0,4.0
2026-03-07,WN,N561WN,1700,IND,DEN,1615,1648,33.0,1705,1720,15.0,0.0,0.0,170.0,976.0,0.0,0.0,0.0,0.0,15.0
2026-03-07,WN,N561WN,3530,DEN,DAL,1805,1758,-7.0,2105,2113,8.0,0.0,0.0,120.0,651.0,,,,,
2026-03-08,WN,N561WN,3651,DAL,LGA,0600,0602,2.0,1010,1015,5.0,0.0,0.0,190.0,1381.0,,,,,
2026-03-08,WN,N561WN,3739,LGA,BNA,1045,1054,9.0,1225,1229,4.0,0.0,0.0,160.0,764.0,,,,,
2026-03-08,WN,N561WN,941,BNA,SDF,1310,1311,1.0,1515,1459,-16.0,0.0,0.0,65.0,151.0,,,,,
2026-03-08,WN,N561WN,941,SDF,HOU,1555,1555,0.0,1730,1719,-11.0,0.0,0.0,155.0,803.0,,,,,
2026-03-08,WN,N561WN,3378,HOU,DEN,1815,1842,27.0,1950,1954,4.0,0.0,0.0,155.0,883.0,,,,,
2026-03-08,WN,N561WN,2569,DEN,MSP,1905,2058,113.0,2200,2345,105.0,0.0,0.0,115.0,680.0,8.0,0.0,0.0,0.0,97.0
2026-03-07,WN,N7721E,2229,BWI,BOS,0635,0643,8.0,0805,0803,-2.0,0.0,0.0,90.0,369.0,,,,,
2026-03-07,WN,N7721E,1250,BOS,BWI,0905,0901,-4.0,1045,1043,-2.0,0.0,0.0,100.0,369.0,,,,,
2026-03-07,WN,N7721E,1483,BWI,JAX,1205,1202,-3.0,1410,1348,-22.0,0.0,0.0,125.0,663.0,,,,,
2026-03-07,WN,N7721E,1614,JAX,DAL,1450,1500,10.0,1635,1628,-7.0,0.0,0.0,165.0,906.0,,,,,
2026-03-07,WN,N7721E,2344,DAL,TPA,1710,1739,29.0,2030,2105,35.0,0.0,0.0,140.0,917.0,29.0,0.0,6.0,0.0,0.0
2026-03-07,WN,N7721E,954,TPA,AUS,2040,2140,60.0,2230,2304,34.0,0.0,0.0,170.0,928.0,34.0,0.0,0.0,0.0,0.0
2026-03-08,WN,N7721E,2091,AUS,HOU,0620,0617,-3.0,0720,0705,-15.0,0.0,0.0,60.0,148.0,,,,,
2026-03-08,WN,N7721E,2649,HOU,MDW,0815,0824,9.0,1040,1037,-3.0,0.0,0.0,145.0,937.0,,,,,
2026-03-08,WN,N7721E,2554,MDW,DCA,1130,1126,-4.0,1415,1402,-13.0,0.0,0.0,105.0,601.0,,,,,
2026-03-08,WN,N7721E,3535,DCA,MCI,1455,1533,38.0,1650,1718,28.0,0.0,0.0,175.0,949.0,0.0,0.0,28.0,0.0,0.0
2026-03-08,WN,N7721E,1177,MCI,LGA,1730,1806,36.0,2110,2213,63.0,0.0,0.0,160.0,1107.0,0.0,0.0,27.0,6.0,30.0
2026-03-08,WN,N7721E,3579,LGA,MCI,2055,2254,119.0,2320,0048,88.0,0.0,0.0,205.0,1107.0,0.0,0.0,26.0,0.0,62.0
2026-03-07,WN,N7823A,3915,ALB,BWI,0600,0558,-2.0,0725,0720,-5.0,0.0,0.0,85.0,288.0,,,,,
2026-03-07,WN,N7823A,749,BWI,MYR,0820,0822,2.0,1000,0937,-23.0,0.0,0.0,100.0,399.0,,,,,
2026-03-07,WN,N7823A,749,MYR,BNA,1050,1043,-7.0,1135,1109,-26.0,0.0,0.0,105.0,471.0,,,,,
2026-03-07,WN,N7823A,749,BNA,HDN,1210,1410,120.0,1430,1633,123.0,0.0,0.0,200.0,1153.0,0.0,0.0,123.0,0.0,0.0
2026-03-07,WN,N7823A,2901,HDN,AUS,1520,1710,110.0,1915,2028,73.0,0.0,0.0,175.0,890.0,0.0,0.0,0.0,0.0,73.0
2026-03-07,WN,N7823A,2312,AUS,LAX,1935,2124,109.0,2105,2221,76.0,0.0,0.0,210.0,1242.0,75.0,0.0,0.0,0.0,1.0
2026-03-08,WN,N7823A,3234,LAX,DAL,0505,0502,-3.0,1005,1005,0.0,0.0,0.0,180.0,1246.0,,,,,
2026-03-08,WN,N7823A,3234,DAL,HRL,1045,1041,-4.0,1215,1204,-11.0,0.0,0.0,90.0,458.0,,,,,
2026-03-08,WN,N7823A,3202,HRL,HOU,1250,1358,68.0,1400,1549,109.0,0.0,0.0,70.0,277.0,0.0,0.0,109.0,0.0,0.0
2026-03-08,WN,N7823A,1204,HOU,ECP,1455,1642,107.0,1630,1808,98.0,0.0,0.0,95.0,570.0,0.0,0.0,0.0,0.0,98.0
2026-03-08,WN,N7823A,1204,ECP,MDW,1705,1857,112.0,1925,2108,103.0,0.0,0.0,140.0,795.0,11.0,0.0,0.0,0.0,92.0
2026-03-08,WN,N7823A,203,MDW,IND,2150,2217,27.0,2355,2400,5.0,0.0,0.0,65.0,162.0,,,,,
2026-03-07,WN,N8320J,503,BWI,BOS,1835,1843,8.0,2005,2005,0.0,0.0,0.0,90.0,369.0,,,,,
2026-03-07,WN,N8320J,1255,BOS,BWI,2045,2047,2.0,2220,2209,-11.0,0.0,0.0,95.0,369.0,,,,,
2026-03-08,WN,N8320J,1793,BWI,TPA,0615,0609,-6.0,0850,0821,-29.0,0.0,0.0,155.0,842.0,,,,,
2026-03-08,WN,N8320J,2519,TPA,DAL,0930,0933,3.0,1120,1101,-19.0,0.0,0.0,170.0,917.0,,,,,
2026-03-08,WN,N8320J,137,DAL,PHX,1205,1222,17.0,1250,1247,-3.0,0.0,0.0,165.0,879.0,,,,,
2026-03-08,WN,N8320J,49,PHX,DAL,1340,1350,10.0,1755,1801,6.0,0.0,0.0,135.0,879.0,,,,,
2026-03-08,WN,N8320J,49,DAL,HOU,1835,1855,20.0,1950,2036,46.0,0.0,0.0,75.0,239.0,12.0,0.0,26.0,0.0,8.0
2026-03-08,WN,N8320J,2527,HOU,PNS,2040,2123,43.0,2205,2240,35.0,0.0,0.0,85.0,488.0,0.0,0.0,0.0,0.0,35.0
2026-03-07,WN,N8535S,478,SMF,DEN,0620,0632,12.0,0940,1002,22.0,0.0,0.0,140.0,909.0,12.0,0.0,10.0,0.0,0.0
2026-03-07,WN,N8535S,4397,DEN,RSW,1025,1115,50.0,1605,1657,52.0,0.0,0.0,220.0,1607.0,26.0,0.0,2.0,0.0,24.0
2026-03-07,WN,N8535S,3859,RSW,CLE,1645,1809,84.0,1930,2045,75.0,0.0,0.0,165.0,1025.0,26.0,0.0,0.0,0.0,49.0
2026-03-07,WN,N8535S,4569,CLE,PHX,2015,2115,60.0,2255,2318,23.0,0.0,0.0,280.0,1737.0,0.0,0.0,0.0,0.0,23.0
2026-03-07,WN,N8535S,3750,PHX,LAX,2350,0034,44.0,0020,0053,33.0,0.0,0.0,90.0,370.0,33.0,0.0,0.0,0.0,0.0
2026-03-08,WN,N8535S,443,LAX,SMF,0500,0458,-2.0,0635,0624,-11.0,0.0,0.0,95.0,373.0,,,,,
2026-03-08,WN,N8535S,3050,SMF,LAX,0745,0749,4.0,0915,0909,-6.0,0.0,0.0,90.0,373.0,,,,,
2026-03-08,WN,N8535S,3127,LAX,AUS,1000,1023,23.0,1445,1519,34.0,0.0,0.0,165.0,1242.0,23.0,0.0,11.0,0.0,0.0
2026-03-08,WN,N8535S,400,AUS,BWI,1530,1631,61.0,1935,2023,48.0,0.0,0.0,185.0,1342.0,20.0,0.0,0.0,0.0,28.0
2026-03-08,WN,N8535S,1286,BWI,CHS,2040,2109,29.0,2225,2239,14.0,0.0,0.0,105.0,472.0,,,,,
2026-03-07,WN,N8544Z,2715,SLC,HOU,0530,0521,-9.0,0930,0931,1.0,0.0,0.0,180.0,1214.0,,,,,
2026-03-07,WN,N8544Z,3223,HOU,MCO,1010,1014,4.0,1325,1341,16.0,0.0,0.0,135.0,849.0,0.0,0.0,16.0,0.0,0.0
2026-03-07,WN,N8544Z,743,MCO,BHM,1410,1427,17.0,1500,1504,4.0,0.0,0.0,110.0,479.0,,,,,
2026-03-07,WN,N8544Z,743,BHM,LAS,1540,1554,14.0,1800,1753,-7.0,0.0,0.0,260.0,1618.0,,,,,
2026-03-07,WN,N8544Z,3590,LAS,MDW,1840,1900,20.0,0010,0020,10.0,0.0,0.0,210.0,1521.0,,,,,
2026-03-08,WN,N8544Z,150,MDW,HOU,0700,0700,0.0,0955,0935,-20.0,0.0,0.0,175.0,937.0,,,,,
2026-03-08,WN,N8544Z,319,HOU,LAS,1040,1054,14.0,1205,1159,-6.0,0.0,0.0,205.0,1235.0,,,,,
2026-03-08,WN,N8544Z,319,LAS,RNO,1245,1250,5.0,1420,1417,-3.0,0.0,0.0,95.0,345.0,,,,,
2026-03-08,WN,N8544Z,319,RNO,DEN,1500,1521,21.0,1815,1818,3.0,0.0,0.0,135.0,804.0,,,,,
2026-03-08,WN,N8544Z,2542,DEN,JAX,1910,1910,0.0,0020,0019,-1.0,0.0,0.0,190.0,1446.0,,,,,
2026-03-07,WN,N8571Z,2877,ECP,MDW,0635,0627,-8.0,0850,0832,-18.0,0.0,0.0,135.0,795.0,,,,,
2026-03-07,WN,N8571Z,1395,MDW,PHX,1010,1013,3.0,1310,1255,-15.0,0.0,0.0,240.0,1444.0,,,,,
2026-03-07,WN,N8571Z,2129,PHX,PIT,1355,1358,3.0,1945,1937,-8.0,0.0,0.0,230.0,1814.0,,,,,
2026-03-07,WN,N8571Z,1460,PIT,BNA,2025,2023,-2.0,2110,2127,17.0,0.0,0.0,105.0,462.0,0.0,0.0,17.0,0.0,0.0
2026-03-07,WN,N8571Z,734,BNA,AUS,2150,2153,3.0,0020,0013,-7.0,0.0,0.0,150.0,756.0,,,,,
2026-03-08,WN,N8571Z,2618,AUS,MDW,0520,0517,-3.0,0745,0745,0.0,0.0,0.0,145.0,972.0,,,,,
2026-03-08,WN,N8571Z,2618,MDW,DCA,0825,0830,5.0,1115,1109,-6.0,0.0,0.0,110.0,601.0,,,,,
2026-03-08,WN,N8571Z,3901,DCA,MSY,1155,1200,5.0,1350,1348,-2.0,0.0,0.0,175.0,969.0,,,,,
2026-03-08,WN,N8571Z,4036,MSY,AUS,1430,1443,13.0,1605,1609,4.0,0.0,0.0,95.0,445.0,,,,,
2026-03-08,WN,N8571Z,1091,AUS,JAX,1645,1659,14.0,2000,2026,26.0,0.0,0.0,135.0,953.0,8.0,0.0,12.0,0.0,6.0
2026-03-08,WN,N8571Z,977,JAX,BNA,2040,2112,32.0,2125,2156,31.0,0.0,0.0,105.0,483.0,5.0,0.0,0.0,0.0,26.0
2026-03-08,WN,N8571Z,2282,BNA,LAX,2215,2241,26.0,0115,0059,-16.0,0.0,0.0,300.0,1798.0,,,,,
2026-03-07,WN,N8659D,3141,HOU,DEN,0615,0609,-6.0,0745,0746,1.0,0.0,0.0,150.0,883.0,,,,,
2026-03-07,WN,N8659D,2413,DEN,BZN,0830,0850,20.0,1015,1046,31.0,0.0,0.0,105.0,524.0,18.0,0.0,11.0,0.0,2.0
2026-03-07,WN,N8659D,2413,BZN,SAN,1100,1125,25.0,1230,1235,5.0,0.0,0.0,150.0,956.0,,,,,
2026-03-07,WN,N8659D,277,SAN,BWI,1330,1331,1.0,2115,2106,-9.0,0.0,0.0,285.0,2295.0,,,,,
2026-03-07,WN,N8659D,3522,BWI,CVG,2230,2223,-7.0,0010,2347,-23.0,0.0,0.0,100.0,430.0,,,,,
2026-03-08,WN,N8659D,606,CVG,BNA,0635,0630,-5.0,0650,0642,-8.0,0.0,0.0,75.0,230.0,,,,,
2026-03-08,WN,N8659D,933,BNA,JAX,0740,0737,-3.0,1015,1008,-7.0,0.0,0.0,95.0,483.0,,,,,
2026-03-08,WN,N8659D,3626,JAX,AUS,1055,1055,0.0,1240,1226,-14.0,0.0,0.0,165.0,953.0,,,,,
2026-03-08,WN,N8659D,4456,AUS,PSP,1320,1340,20.0,1435,1425,-10.0,0.0,0.0,195.0,1132.0,,,,,
2026-03-08,WN,N8659D,3966,PSP,DEN,1515,1522,7.0,1815,1835,20.0,0.0,0.0,120.0,776.0,7.0,0.0,13.0,0.0,0.0
2026-03-08,WN,N8659D,845,DEN,PHL,1920,1934,14.0,0040,0104,24.0,0.0,0.0,200.0,1558.0,0.0,0.0,10.0,0.0,14.0
2026-03-07,WN,N8665D,2366,DEN,HOU,0525,0532,7.0,0855,0927,32.0,0.0,0.0,150.0,883.0,7.0,0.0,25.0,0.0,0.0
2026-03-07,WN,N8665D,2649,HOU,MDW,0935,1044,69.0,1200,1334,94.0,0.0,0.0,145.0,937.0,35.0,0.0,25.0,0.0,34.0
2026-03-07,WN,N8665D,4601,MDW,CVG,1245,1425,100.0,1455,1624,89.0,0.0,0.0,70.0,249.0,4.0,0.0,0.0,0.0,85.0
2026-03-07,WN,N8665D,4601,CVG,MCO,1550,1702,72.0,1800,1907,67.0,0.0,0.0,130.0,757.0,0.0,0.0,0.0,0.0,67.0
2026-03-07,WN,N8665D,2443,MCO,IND,1840,1948,68.0,2115,2210,55.0,0.0,0.0,155.0,829.0,0.0,0.0,0.0,0.0,55.0
2026-03-07,WN,N8665D,3434,IND,TPA,2155,2239,44.0,0010,0042,32.0,0.0,0.0,135.0,837.0,0.0,0.0,0.0,0.0,32.0
2026-03-08,WN,N8665D,2509,TPA,PIT,0530,0529,-1.0,0755,0739,-16.0,0.0,0.0,145.0,873.0,,,,,
2026-03-08,WN,N8665D,2209,PIT,MDW,0835,0835,0.0,0910,0900,-10.0,0.0,0.0,95.0,402.0,,,,,
2026-03-08,WN,N8665D,1395,MDW,PHX,1000,0959,-1.0,1200,1123,-37.0,0.0,0.0,240.0,1444.0,,,,,
2026-03-08,WN,N8665D,1192,PHX,MEM,1240,1239,-1.0,1730,1727,-3.0,0.0,0.0,170.0,1264.0,,,,,
2026-03-08,WN,N8665D,1192,MEM,MCO,1810,1815,5.0,2105,2114,9.0,0.0,0.0,115.0,684.0,,,,,
2026-03-08,WN,N8665D,2448,MCO,CMH,2150,2155,5.0,0010,0004,-6.0,0.0,0.0,140.0,802.0,,,,,
2026-03-07,WN,N8682B,2217,CLT,BWI,0735,0734,-1.0,0910,0903,-7.0,0.0,0.0,95.0,361.0,,,,,
2026-03-07,WN,N8682B,2166,BWI,FLL,1005,1015,10.0,1245,1231,-14.0,0.0,0.0,160.0,925.0,,,,,
2026-03-07,WN,N8682B,2537,FLL,OMA,1330,1325,-5.0,1615,1649,34.0,0.0,0.0,225.0,1383.0,0.0,0.0,34.0,0.0,0.0
2026-03-07,WN,N8682B,518,OMA,HOU,1655,1742,47.0,1920,1958,38.0,0.0,0.0,145.0,804.0,9.0,0.0,0.0,0.0,29.0
2026-03-07,WN,N8682B,4656,HOU,LAS,2000,2114,74.0,2125,2222,57.0,0.0,0.0,205.0,1235.0,0.0,26.0,0.0,0.0,31.0
2026-03-07,WN,N8682B,3488,LAS,ABQ,2205,2302,57.0,0035,0128,53.0,0.0,0.0,90.0,486.0,0.0,0.0,0.0,0.0,53.0
2026-03-08,WN,N8682B,153,ABQ,LAS,0550,0546,-4.0,0635,0602,-33.0,0.0,0.0,105.0,486.0,,,,,
2026-03-08,WN,N8682B,461,LAS,SJC,0730,0731,1.0,0900,0851,-9.0,0.0,0.0,90.0,386.0,,,,,
2026-03-08,WN,N8682B,2079,SJC,SAN,0940,0938,-2.0,1100,1059,-1.0,0.0,0.0,80.0,417.0,,,,,
2026-03-08,WN,N8682B,4352,SAN,DEN,1210,1229,19.0,1535,1549,14.0,0.0,0.0,145.0,853.0,,,,,
2026-03-08,WN,N8682B,3355,DEN,MCI,1620,1642,22.0,1855,1905,10.0,0.0,0.0,95.0,533.0,,,,,
2026-03-08,WN,N8682B,2112,MCI,HOU,1935,1942,7.0,2150,2146,-4.0,0.0,0.0,135.0,666.0,,,,,
2026-03-08,WN,N8682B,2403,HOU,ELP,2240,2249,9.0,2345,2344,-1.0,0.0,0.0,125.0,677.0,,,,,
2026-03-07,WN,N8688J,2192,MDW,LAX,1010,1009,-1.0,1245,1221,-24.0,0.0,0.0,275.0,1751.0,,,,,
2026-03-07,WN,N8688J,3693,LAX,BNA,1335,1350,15.0,1930,1952,22.0,0.0,0.0,235.0,1798.0,15.0,0.0,7.0,0.0,0.0
2026-03-07,WN,N8688J,1169,BNA,PHL,2025,2050,25.0,2325,2345,20.0,0.0,0.0,120.0,675.0,1.0,0.0,0.0,0.0,19.0
2026-03-08,WN,N8688J,4170,PHL,DEN,0500,0455,-5.0,0710,0655,-15.0,0.0,0.0,250.0,1558.0,,,,,
2026-03-08,WN,N8688J,971,DEN,AUS,0755,0748,-7.0,1110,1050,-20.0,0.0,0.0,135.0,775.0,,,,,
2026-03-08,WN,N8688J,2145,AUS,MIA,1205,1203,-2.0,1540,1553,13.0,0.0,0.0,155.0,1103.0,,,,,
2026-03-08,WN,N8688J,1389,MIA,IND,1620,1642,22.0,1910,1927,17.0,0.0,0.0,170.0,1020.0,6.0,0.0,0.0,0.0,11.0
2026-03-08,WN,N8688J,2496,IND,DAL,1950,2011,21.0,2115,2125,10.0,0.0,0.0,145.0,755.0,,,,,
2026-03-07,WN,N8696E,2112,MCI,HOU,1930,2000,30.0,2145,2159,14.0,0.0,0.0,135.0,666.0,,,,,
2026-03-07,WN,N8696E,2075,HOU,AUS,2240,2256,16.0,2335,2400,25.0,0.0,0.0,55.0,148.0,0.0,0.0,9.0,0.0,16.0
2026-03-08,WN,N8696E,456,AUS,MSY,0535,0531,-4.0,0655,0643,-12.0,0.0,0.0,80.0,445.0,,,,,
2026-03-08,WN,N8696E,3871,MSY,STL,0745,0802,17.0,0935,0941,6.0,0.0,0.0,110.0,604.0,,,,,
2026-03-08,WN,N8696E,2332,STL,TPA,1020,1027,7.0,1340,1333,-7.0,0.0,0.0,140.0,869.0,,,,,
2026-03-08,WN,N8696E,2424,TPA,PHX,1425,1446,21.0,1615,1610,-5.0,0.0,0.0,290.0,1788.0,,,,,
2026-03-08,WN,N8696E,2171,PHX,LAS,1650,1701,11.0,1800,1801,1.0,0.0,0.0,70.0,255.0,,,,,
2026-03-08,WN,N8696E,1657,LAS,PHX,1840,1900,20.0,1955,2002,7.0,0.0,0.0,75.0,255.0,,,,,
2026-03-08,WN,N8710M,3372,MDW,SJC,1020,1025,5.0,1300,1256,-4.0,0.0,0.0,280.0,1838.0,,,,,
2026-03-08,WN,N8710M,4439,SJC,EUG,1350,1344,-6.0,1525,1513,-12.0,0.0,0.0,95.0,471.0,,,,,
2026-03-08,WN,N8710M,634,EUG,SAN,1610,1600,-10.0,1835,1807,-28.0,0.0,0.0,145.0,850.0,,,,,
2026-03-08,WN,N8710M,2857,SAN,DEN,1935,1939,4.0,2305,2254,-11.0,0.0,0.0,150.0,853.0,,,,,
2026-03-07,WN,N8769Q,3187,DEN,BNA,0510,0507,-3.0,0845,0852,7.0,0.0,0.0,155.0,1013.0,,,,,
2026-03-07,WN,N8769Q,3649,BWI,MCO,2105,2200,55.0,2330,0004,34.0,0.0,0.0,145.0,787.0,34.0,0.0,0.0,0.0,0.0
2026-03-08,WN,N8769Q,3208,MCO,SAT,0655,0648,-7.0,0905,0844,-21.0,0.0,0.0,190.0,1041.0,,,,,
2026-03-08,WN,N8769Q,3209,SAT,DAL,0945,0945,0.0,1055,1043,-12.0,0.0,0.0,70.0,247.0,,,,,
2026-03-08,WN,N8769Q,3209,DAL,LAX,1135,1137,2.0,1305,1238,-27.0,0.0,0.0,210.0,1246.0,,,,,
2026-03-08,WN,N8769Q,3729,LAX,STL,1325,1339,14.0,1855,1924,29.0,0.0,0.0,210.0,1592.0,0.0,0.0,15.0,0.0,14.0
2026-03-08,WN,N8769Q,2314,STL,HOU,1940,2019,39.0,2155,2222,27.0,0.0,0.0,135.0,687.0,0.0,0.0,0.0,0.0,27.0
2026-03-08,WN,N8769Q,2518,HOU,LAS,2255,0005,70.0,0020,0111,51.0,0.0,0.0,205.0,1235.0,51.0,0.0,0.0,0.0,0.0
2026-03-07,WN,N8771D,3448,ITO,HNL,0700,0658,-2.0,0800,0750,-10.0,0.0,0.0,60.0,216.0,,,,,
2026-03-07,WN,N8771D,1578,HNL,OGG,0905,0903,-2.0,0950,0949,-1.0,0.0,0.0,45.0,101.0,,,,,
2026-03-07,WN,N8771D,4106,OGG,HNL,1045,1038,-7.0,1130,1118,-12.0,0.0,0.0,45.0,101.0,,,,,
2026-03-07,WN,N8771D,3092,HNL,SMF,1245,1243,-2.0,1955,2016,21.0,0.0,0.0,310.0,2462.0,0.0,0.0,21.0,0.0,0.0
2026-03-07,WN,N8771D,2165,SMF,PHX,2035,2048,13.0,2330,2345,15.0,0.0,0.0,115.0,647.0,13.0,0.0,2.0,0.0,0.0
2026-03-08,WN,N8771D,3259,PHX,MKE,0705,0703,-2.0,1220,1228,8.0,0.0,0.0,195.0,1460.0,,,,,
2026-03-08,WN,N8771D,4029,MKE,TPA,1300,1309,9.0,1640,1705,25.0,0.0,0.0,160.0,1075.0,0.0,0.0,16.0,0.0,9.0
2026-03-08,WN,N8771D,2967,TPA,BWI,1730,1803,33.0,1955,2045,50.0,0.0,0.0,145.0,842.0,6.0,0.0,17.0,0.0,27.0
2026-03-08,WN,N8771D,2967,BWI,LAX,2045,2132,47.0,2340,2338,-2.0,0.0,0.0,355.0,2329.0,,,,,
2026-03-07,WN,N8913S,3124,HOU,BWI,0550,0552,2.0,0940,0940,0.0,0.0,0.0,170.0,1246.0,,,,,
2026-03-07,WN,N8913S,754,BWI,BUF,1030,1100,30.0,1145,1205,20.0,0.0,0.0,75.0,281.0,19.0,0.0,0.0,0.0,1.0
2026-03-07,WN,N8913S,658,BUF,BWI,1225,1257,32.0,1335,1400,25.0,0.0,0.0,70.0,281.0,8.0,0.0,0.0,0.0,17.0
2026-03-07,WN,N8913S,3213,BWI,MSP,1420,1441,21.0,1605,1618,13.0,0.0,0.0,165.0,936.0,,,,,
2026-03-07,WN,N8913S,2731,MSP,MCO,1645,1903,138.0,2100,2322,142.0,0.0,0.0,195.0,1310.0,122.0,0.0,4.0,0.0,16.0
2026-03-07,WN,N8913S,2608,MCO,SJU,2150,0024,154.0,0135,0402,147.0,0.0,0.0,165.0,1188.0,10.0,0.0,0.0,0.0,137.0
2026-03-08,WN,N8913S,653,SJU,TPA,0610,0616,6.0,0930,0929,-1.0,0.0,0.0,200.0,1237.0,,,,,
2026-03-08,WN,N8913S,139,TPA,BWI,1010,1013,3.0,1235,1221,-14.0,0.0,0.0,145.0,842.0,,,,,
2026-03-08,WN,N8913S,3277,BWI,PBI,1320,1314,-6.0,1605,1537,-28.0,0.0,0.0,165.0,883.0,,,,,
2026-03-08,WN,N8913S,3521,PBI,BWI,1645,1649,4.0,1920,1925,5.0,0.0,0.0,155.0,883.0,,,,,
2026-03-08,WN,N8913S,2522,BWI,SJU,2010,2019,9.0,0005,0022,17.0,0.0,0.0,235.0,1565.0,3.0,0.0,8.0,0.0,6.0
2026-03-07,WN,N8953Q,3688,HOU,CMH,1100,1105,5.0,1425,1449,24.0,0.0,0.0,145.0,1000.0,0.0,0.0,24.0,0.0,0.0
2026-03-07,WN,N8953Q,2190,CMH,LAS,1930,2152,142.0,2110,2305,115.0,0.0,0.0,280.0,1771.0,100.0,0.0,0.0,0.0,15.0
2026-03-08,WN,N8953Q,258,LAS,DAL,0510,0510,0.0,0945,0948,3.0,0.0,0.0,155.0,1067.0,,,,,
2026-03-08,WN,N8953Q,506,DAL,MCI,1035,1036,1.0,1205,1409,124.0,0.0,0.0,90.0,461.0,0.0,0.0,124.0,0.0,0.0
2026-03-08,WN,N8953Q,1189,MCI,MCO,1325,1517,112.0,1710,1920,130.0,0.0,0.0,165.0,1072.0,0.0,0.0,18.0,0.0,112.0
2026-03-08,WN,N8953Q,1457,MCO,CMH,1755,2009,134.0,2020,2225,125.0,0.0,0.0,145.0,802.0,2.0,0.0,0.0,0.0,123.0
2026-03-08,WN,N8953Q,1372,CMH,BNA,2100,2259,119.0,2130,2309,99.0,0.0,0.0,90.0,338.0,0.0,0.0,0.0,0.0,99.0
2026-03-08,WN,N8953Q,909,BNA,HOU,2220,2344,84.0,0045,0141,56.0,0.0,0.0,145.0,670.0,39.0,0.0,0.0,0.0,17.0
2026-03-07,WN,N8972S,1187,ISP,BWI,0600,0555,-5.0,0720,0711,-9.0,0.0,0.0,80.0,220.0,,,,,
2026-03-07,WN,N8972S,2688,BWI,MIA,0815,0815,0.0,1100,1120,20.0,0.0,0.0,165.0,946.0,0.0,0.0,20.0,0.0,0.0
2026-03-07,WN,N8972S,2688,MIA,DEN,1145,1214,29.0,1425,1508,43.0,0.0,0.0,280.0,1709.0,0.0,0.0,22.0,0.0,21.0
2026-03-07,WN,N8972S,1872,DEN,BNA,1510,1646,96.0,1835,2003,88.0,0.0,0.0,145.0,1013.0,48.0,0.0,0.0,0.0,40.0
2026-03-07,WN,N8972S,3553,BNA,CMH,2025,2051,26.0,2245,2311,26.0,0.0,0.0,80.0,338.0,26.0,0.0,0.0,0.0,0.0
2026-03-08,WN,N8972S,997,CMH,RSW,0530,0527,-3.0,0755,0747,-8.0,0.0,0.0,145.0,930.0,,,,,
2026-03-08,WN,N8972S,4340,RSW,STL,0835,0834,-1.0,1020,1001,-19.0,0.0,0.0,165.0,979.0,,,,,
2026-03-08,WN,N8972S,3312,STL,PBI,1035,1122,47.0,1410,1455,45.0,0.0,0.0,155.0,1023.0,45.0,0.0,0.0,0.0,0.0
2026-03-08,WN,N8972S,1924,PBI,BWI,1450,1558,68.0,1720,1830,70.0,0.0,0.0,150.0,883.0,22.0,0.0,2.0,0.0,46.0
2026-03-08,WN,N8972S,3791,BWI,HOU,1800,1922,82.0,2035,2204,89.0,0.0,0.0,215.0,1246.0,10.0,0.0,7.0,0.0,72.0
2026-03-08,WN,N8972S,3328,HOU,HRL,2255,2317,22.0,0005,0012,7.0,0.0,0.0,70.0,277.0,,,,,
2026-03-08,WN,N8996Q,2849,PHX,DSM,1120,1132,12.0,1600,1611,11.0,0.0,0.0,160.0,1149.0,,,,,
2026-03-08,WN,N8996Q,2849,DSM,MDW,1640,1703,23.0,1800,1843,43.0,0.0,0.0,80.0,306.0,10.0,0.0,20.0,0.0,13.0
2026-03-08,WN,N8996Q,3185,MDW,ALB,1855,2018,83.0,2145,2300,75.0,0.0,0.0,110.0,717.0,33.0,0.0,0.0,0.0,42.0
2026-03-07,WN,N901WN,577,STL,RSW,1455,1457,2.0,1820,1821,1.0,0.0,0.0,145.0,979.0,,,,,
2026-03-07,WN,N901WN,4342,RSW,STL,1855,1859,4.0,2045,2028,-17.0,0.0,0.0,170.0,979.0,,,,,
2026-03-07,WN,N901WN,4549,STL,MDW,2135,2133,-2.0,2240,2226,-14.0,0.0,0.0,65.0,251.0,,,,,
2026-03-07,WN,N901WN,114,MDW,GRR,2155,2348,113.0,2350,0137,107.0,0.0,0.0,55.0,137.0,107.0,0.0,0.0,0.0,0.0
2026-03-08,WN,N901WN,3238,GRR,MDW,0640,0636,-4.0,0645,0637,-8.0,0.0,0.0,65.0,137.0,,,,,
2026-03-08,WN,N901WN,2661,MDW,PIT,0740,0745,5.0,1000,1004,4.0,0.0,0.0,80.0,402.0,,,,,
2026-03-08,WN,N901WN,193,MCO,STL,0945,1347,242.0,1130,1524,234.0,0.0,0.0,165.0,882.0,234.0,0.0,0.0,0.0,0.0
2026-03-08,WN,N901WN,2661,PIT,MCO,1040,1044,4.0,1305,1252,-13.0,0.0,0.0,145.0,834.0,,,,,
2026-03-08,WN,N901WN,193,STL,BNA,1205,1556,231.0,1315,1654,219.0,0.0,0.0,70.0,272.0,0.0,0.0,0.0,0.0,219.0
2026-03-08,WN,N901WN,193,BNA,HOU,1350,1733,223.0,1615,1946,211.0,0.0,0.0,145.0,670.0,2.0,0.0,0.0,0.0,209.0
2026-03-08,WN,N901WN,3319,HOU,STL,1655,2047,232.0,1855,2239,224.0,0.0,0.0,120.0,687.0,0.0,0.0,0.0,18.0,206.0
2026-03-08,WN,N901WN,2878,STL,CLE,1940,2319,219.0,2210,0142,212.0,0.0,0.0,90.0,487.0,0.0,0.0,0.0,0.0,212.0
2026-03-07,YX,N109HQ,4714,PIT,PHL,0741,0748,7.0,0905,0853,-12.0,0.0,0.0,84.0,268.0,,,,,
2026-03-07,YX,N109HQ,4382,PHL,MCI,0950,0945,-5.0,1208,1150,-18.0,0.0,0.0,198.0,1038.0,,,,,
2026-03-07,YX,N109HQ,4382,MCI,PHL,1238,1232,-6.0,1626,1602,-24.0,0.0,0.0,168.0,1038.0,,,,,
2026-03-07,YX,N109HQ,4728,PHL,SDF,1855,1847,-8.0,2113,2049,-24.0,0.0,0.0,138.0,577.0,,,,,
2026-03-08,YX,N109HQ,4698,SDF,ORD,0730,0729,-1.0,0812,0826,14.0,0.0,0.0,102.0,286.0,,,,,
2026-03-08,YX,N109HQ,4612,ORD,ALB,0857,0902,5.0,1207,1158,-9.0,0.0,0.0,130.0,723.0,,,,,
2026-03-08,YX,N109HQ,4612,ALB,ORD,1239,1234,-5.0,1425,1402,-23.0,0.0,0.0,166.0,723.0,,,,,
2026-03-08,YX,N109HQ,4463,ORD,CHA,1527,1522,-5.0,1817,1800,-17.0,0.0,0.0,110.0,501.0,,,,,
2026-03-08,YX,N109HQ,4463,CHA,ORD,1847,1846,-1.0,2000,2020,20.0,0.0,0.0,133.0,501.0,0.0,0.0,20.0,0.0,0.0
2026-03-08,YX,N109HQ,4532,ORD,RIC,2046,2119,33.0,2354,0024,30.0,0.0,0.0,128.0,642.0,17.0,0.0,0.0,0.0,13.0
2026-03-07,YX,N114HQ,4514,LGA,TUL,0700,0652,-8.0,0948,0944,-4.0,0.0,0.0,228.0,1231.0,,,,,
2026-03-07,YX,N114HQ,4581,TUL,LGA,1034,1031,-3.0,1441,1426,-15.0,0.0,0.0,187.0,1231.0,,,,,
2026-03-07,YX,N114HQ,4434,LGA,MSN,1535,1524,-11.0,1715,1727,12.0,0.0,0.0,160.0,812.0,,,,,
2026-03-08,YX,N114HQ,4594,MSN,LGA,0800,0756,-4.0,1118,1104,-14.0,0.0,0.0,138.0,812.0,,,,,
2026-03-08,YX,N114HQ,4354,LGA,BNA,1146,1140,-6.0,1326,1334,8.0,0.0,0.0,160.0,764.0,,,,,
2026-03-08,YX,N114HQ,4660,BNA,LGA,1435,1443,8.0,1800,1803,3.0,0.0,0.0,145.0,764.0,,,,,
2026-03-08,YX,N114HQ,4599,LGA,ATL,1910,1906,-4.0,2146,2141,-5.0,0.0,0.0,156.0,762.0,,,,,
2026-03-07,YX,N119HQ,4391,CHS,LGA,0805,0757,-8.0,1007,1000,-7.0,0.0,0.0,122.0,641.0,,,,,
2026-03-07,YX,N119HQ,4371,LGA,DCA,1201,1312,71.0,1319,1419,60.0,0.0,0.0,78.0,214.0,60.0,0.0,0.0,0.0,0.0
2026-03-07,YX,N119HQ,4715,DCA,HHH,1359,1459,60.0,1601,1649,48.0,0.0,0.0,122.0,501.0,0.0,0.0,0.0,0.0,48.0
2026-03-07,YX,N119HQ,4715,HHH,DCA,1631,1712,41.0,1819,1849,30.0,0.0,0.0,108.0,501.0,0.0,0.0,0.0,0.0,30.0
2026-03-07,YX,N119HQ,4672,DCA,SDF,1849,1933,44.0,2051,2116,25.0,0.0,0.0,122.0,474.0,0.0,2.0,0.0,0.0,23.0
2026-03-08,YX,N119HQ,4622,SDF,ORD,0633,0627,-6.0,0715,0701,-14.0,0.0,0.0,102.0,286.0,,,,,
2026-03-08,YX,N119HQ,4385,ORD,MSN,0802,0755,-7.0,0908,0848,-20.0,0.0,0.0,66.0,108.0,,,,,
2026-03-08,YX,N119HQ,4385,MSN,ORD,0944,0934,-10.0,1055,1051,-4.0,0.0,0.0,71.0,108.0,,,,,
2026-03-08,YX,N119HQ,4456,ORD,JFK,1145,1144,-1.0,1510,1515,5.0,0.0,0.0,145.0,740.0,,,,,
2026-03-08,YX,N119HQ,4475,JFK,IND,1616,1645,29.0,1844,1902,18.0,0.0,0.0,148.0,665.0,18.0,0.0,0.0,0.0,0.0
2026-03-08,YX,N119HQ,4342,IND,DCA,1914,1931,17.0,2059,2119,20.0,0.0,0.0,105.0,500.0,0.0,0.0,3.0,0.0,17.0
2026-03-08,YX,N119HQ,4759,DCA,GSO,2210,0006,116.0,2328,0115,107.0,0.0,0.0,78.0,248.0,107.0,0.0,0.0,0.0,0.0
2026-03-07,YX,N135HQ,4754,DCA,LGA,0645,0656,11.0,0805,0822,17.0,0.0,0.0,80.0,214.0,11.0,0.0,6.0,0.0,0.0
2026-03-07,YX,N135HQ,4807,LGA,MEM,0845,0848,3.0,1056,1031,-25.0,0.0,0.0,191.0,963.0,,,,,
2026-03-07,YX,N135HQ,4807,MEM,LGA,1138,1151,13.0,1521,1537,16.0,0.0,0.0,163.0,963.0,0.0,13.0,3.0,0.0,0.0
2026-03-07,YX,N135HQ,4445,LGA,BNA,1601,1825,144.0,1742,2006,144.0,0.0,0.0,161.0,764.0,128.0,0.0,0.0,0.0,16.0
2026-03-07,YX,N135HQ,4491,BNA,DCA,1821,2032,131.0,2116,2320,124.0,0.0,0.0,115.0,562.0,0.0,0.0,0.0,0.0,124.0
2026-03-08,YX,N135HQ,4803,DCA,CHS,0827,0825,-2.0,1019,1011,-8.0,0.0,0.0,112.0,444.0,,,,,
2026-03-08,YX,N135HQ,4803,CHS,DCA,1051,1047,-4.0,1231,1222,-9.0,0.0,0.0,100.0,444.0,,,,,
2026-03-08,YX,N135HQ,4375,DCA,IND,1250,1255,5.0,1454,1452,-2.0,0.0,0.0,124.0,500.0,,,,,
2026-03-08,YX,N135HQ,4375,IND,DCA,1526,1625,59.0,1712,1810,58.0,0.0,0.0,106.0,500.0,58.0,0.0,0.0,0.0,0.0
2026-03-08,YX,N135HQ,4484,DCA,ORD,1752,1845,53.0,1927,2025,58.0,0.0,0.0,155.0,612.0,0.0,0.0,5.0,0.0,53.0
2026-03-08,YX,N135HQ,4740,ORD,IND,2005,2058,53.0,2220,2315,55.0,0.0,0.0,75.0,177.0,0.0,0.0,2.0,0.0,53.0
2026-03-07,YX,N217JQ,5787,CMH,MCO,0908,0859,-9.0,1135,1128,-7.0,0.0,0.0,147.0,802.0,,,,,
2026-03-07,YX,N217JQ,5613,MCO,GRR,1225,1444,139.0,1518,1743,145.0,0.0,0.0,173.0,1024.0,139.0,0.0,6.0,0.0,0.0
2026-03-08,YX,N217JQ,5758,GRR,LGA,0600,0556,-4.0,0755,0734,-21.0,0.0,0.0,115.0,618.0,,,,,
2026-03-08,YX,N217JQ,5621,LGA,BNA,0900,0857,-3.0,1040,1131,51.0,0.0,0.0,160.0,764.0,0.0,0.0,51.0,0.0,0.0
2026-03-08,YX,N217JQ,5779,BNA,BOS,1130,1222,52.0,1507,1536,29.0,0.0,0.0,157.0,942.0,2.0,0.0,0.0,0.0,27.0
2026-03-08,YX,N217JQ,5689,BOS,DCA,1555,1621,26.0,1749,1816,27.0,0.0,0.0,114.0,399.0,7.0,0.0,1.0,0.0,19.0
2026-03-08,YX,N217JQ,5689,DCA,BOS,1830,1848,18.0,2010,2007,-3.0,0.0,0.0,100.0,399.0,,,,,
2026-03-08,YX,N217JQ,5702,BOS,JFK,2059,2056,-3.0,2229,2225,-4.0,0.0,0.0,90.0,187.0,,,,,
2026-03-07,YX,N220JQ,5750,RIC,LGA,0700,0659,-1.0,0826,0812,-14.0,0.0,0.0,86.0,291.0,,,,,
2026-03-07,YX,N220JQ,5598,LGA,ORD,1030,1026,-4.0,1222,1253,31.0,0.0,0.0,172.0,733.0,0.0,0.0,31.0,0.0,0.0
2026-03-07,YX,N220JQ,5598,ORD,LGA,1305,1325,20.0,1622,1649,27.0,0.0,0.0,137.0,733.0,0.0,0.0,7.0,0.0,20.0
2026-03-07,YX,N220JQ,5725,LGA,BOS,1710,1721,11.0,1834,1857,23.0,0.0,0.0,84.0,184.0,0.0,0.0,12.0,0.0,11.0
2026-03-08,YX,N220JQ,5638,BOS,MCI,0605,0556,-9.0,0853,0845,-8.0,0.0,0.0,228.0,1256.0,,,,,
2026-03-08,YX,N220JQ,5638,MCI,BOS,0933,0927,-6.0,1338,1316,-22.0,0.0,0.0,185.0,1256.0,,,,,
2026-03-08,YX,N220JQ,5706,BOS,PHL,1518,1511,-7.0,1653,1646,-7.0,0.0,0.0,95.0,280.0,,,,,
2026-03-08,YX,N220JQ,5706,PHL,BOS,1733,1730,-3.0,1855,1832,-23.0,0.0,0.0,82.0,280.0,,,,,
2026-03-08,YX,N220JQ,5714,BOS,PHL,1944,1931,-13.0,2123,2117,-6.0,0.0,0.0,99.0,280.0,,,,,
2026-03-07,YX,N227JQ,5731,ORD,LGA,0700,0657,-3.0,1028,1013,-15.0,0.0,0.0,148.0,733.0,,,,,
2026-03-07,YX,N227JQ,5761,LGA,BOS,1200,1154,-6.0,1319,1304,-15.0,0.0,0.0,79.0,184.0,,,,,
2026-03-07,YX,N227JQ,5644,BOS,BWI,1425,1418,-7.0,1608,1550,-18.0,0.0,0.0,103.0,369.0,,,,,
2026-03-07,YX,N227JQ,5644,BWI,BOS,1655,1649,-6.0,1833,1835,2.0,0.0,0.0,98.0,369.0,,,,,
2026-03-08,YX,N227JQ,5803,BOS,SAV,0800,0753,-7.0,1055,1045,-10.0,0.0,0.0,175.0,901.0,,,,,
2026-03-08,YX,N227JQ,5803,SAV,BOS,1140,1133,-7.0,1408,1345,-23.0,0.0,0.0,148.0,901.0,,,,,
2026-03-08,YX,N227JQ,5630,BOS,CLT,1407,1423,16.0,1638,1708,30.0,0.0,0.0,151.0,728.0,0.0,16.0,14.0,0.0,0.0
2026-03-08,YX,N227JQ,5630,CLT,BOS,1718,1745,27.0,1939,1952,13.0,0.0,0.0,141.0,728.0,,,,,
2026-03-08,YX,N227JQ,5593,BOS,JAX,2025,2039,14.0,2332,2339,7.0,0.0,0.0,187.0,1011.0,,,,,
2026-03-07,YX,N402YX,4735,LGA,BNA,0915,0904,-11.0,1055,1043,-12.0,0.0,0.0,160.0,764.0,,,,,
2026-03-07,YX,N402YX,4712,BNA,JFK,1128,1123,-5.0,1459,1502,3.0,0.0,0.0,151.0,765.0,,,,,
2026-03-07,YX,N402YX,4525,JFK,ORD,1559,1643,44.0,1800,1846,46.0,0.0,0.0,181.0,740.0,44.0,0.0,2.0,0.0,0.0
2026-03-07,YX,N402YX,4781,ORD,BWI,1855,1924,29.0,2201,2205,4.0,0.0,0.0,126.0,622.0,,,,,
2026-03-08,YX,N402YX,4458,BWI,ORD,0500,0450,-10.0,0628,0618,-10.0,0.0,0.0,148.0,622.0,,,,,
2026-03-08,YX,N402YX,4756,ORD,BOS,0720,0728,8.0,1048,1036,-12.0,0.0,0.0,148.0,867.0,,,,,
2026-03-08,YX,N402YX,4663,BOS,CVG,1120,1112,-8.0,1402,1401,-1.0,0.0,0.0,162.0,752.0,,,,,
2026-03-08,YX,N402YX,4663,CVG,BOS,1432,1430,-2.0,1645,1617,-28.0,0.0,0.0,133.0,752.0,,,,,
2026-03-08,YX,N402YX,4379,BOS,PHL,1715,1707,-8.0,1902,1843,-19.0,0.0,0.0,107.0,280.0,,,,,
2026-03-08,YX,N402YX,4474,PHL,PIT,1948,2046,58.0,2111,2156,45.0,0.0,0.0,83.0,268.0,45.0,0.0,0.0,0.0,0.0
2026-03-07,YX,N404YX,4393,BOS,LGA,0800,0802,2.0,0922,0931,9.0,0.0,0.0,82.0,184.0,,,,,
2026-03-07,YX,N404YX,4560,LGA,RDU,1110,1103,-7.0,1300,1254,-6.0,0.0,0.0,110.0,431.0,,,,,
2026-03-07,YX,N404YX,4411,RDU,PHL,1240,1327,47.0,1421,1446,25.0,0.0,0.0,101.0,337.0,2.0,0.0,0.0,0.0,23.0
2026-03-07,YX,N404YX,4718,PHL,BOS,1557,1548,-9.0,1725,1729,4.0,0.0,0.0,88.0,280.0,,,,,
2026-03-07,YX,N404YX,4585,BOS,IND,1757,1750,-7.0,2042,2009,-33.0,0.0,0.0,165.0,818.0,,,,,
2026-03-08,YX,N404YX,4739,IND,ORD,0700,0859,119.0,0726,0908,102.0,0.0,0.0,86.0,177.0,102.0,0.0,0.0,0.0,0.0
2026-03-08,YX,N404YX,4420,ORD,BUF,0905,0956,51.0,1149,1226,37.0,0.0,0.0,104.0,474.0,0.0,6.0,0.0,0.0,31.0
2026-03-08,YX,N404YX,4420,BUF,ORD,1224,1255,31.0,1332,1344,12.0,0.0,0.0,128.0,474.0,,,,,
2026-03-08,YX,N404YX,4521,ORD,BDL,1417,1427,10.0,1734,1730,-4.0,0.0,0.0,137.0,783.0,,,,,
2026-03-08,YX,N404YX,4521,BDL,ORD,1805,1803,-2.0,2006,1951,-15.0,0.0,0.0,181.0,783.0,,,,,
2026-03-08,YX,N404YX,4719,ORD,CLE,2059,2053,-6.0,2329,2311,-18.0,0.0,0.0,90.0,316.0,,,,,
2026-03-07,YX,N413YX,4626,IND,DCA,0810,0804,-6.0,0954,0938,-16.0,0.0,0.0,104.0,500.0,,,,,
2026-03-07,YX,N413YX,4640,DCA,MYR,1008,1018,10.0,1152,1146,-6.0,0.0,0.0,104.0,372.0,,,,,
2026-03-07,YX,N413YX,4628,MYR,DCA,1222,1219,-3.0,1350,1337,-13.0,0.0,0.0,88.0,372.0,,,,,
2026-03-07,YX,N413YX,4702,DCA,BTV,1454,1445,-9.0,1641,1637,-4.0,0.0,0.0,107.0,437.0,,,,,
2026-03-07,YX,N413YX,4702,BTV,DCA,1711,1705,-6.0,1905,1845,-20.0,0.0,0.0,114.0,437.0,,,,,
2026-03-07,YX,N413YX,4484,DCA,STL,1951,1941,-10.0,2137,2050,-47.0,0.0,0.0,166.0,719.0,,,,,
2026-03-08,YX,N413YX,4760,STL,DCA,0908,0900,-8.0,1212,1159,-13.0,0.0,0.0,124.0,719.0,,,,,
2026-03-08,YX,N413YX,4361,DCA,JFK,1330,1418,48.0,1501,1551,50.0,0.0,0.0,91.0,213.0,48.0,0.0,2.0,0.0,0.0
2026-03-08,YX,N413YX,4525,JFK,ORD,1559,1625,26.0,1800,1804,4.0,0.0,0.0,181.0,740.0,,,,,
2026-03-08,YX,N413YX,4541,ORD,RDU,1845,1839,-6.0,2156,2155,-1.0,0.0,0.0,131.0,646.0,,,,,
2026-03-07,YX,N414YX,4622,SDF,ORD,0610,0603,-7.0,0652,0637,-15.0,0.0,0.0,102.0,286.0,,,,,
2026-03-07,YX,N414YX,4680,ORD,JFK,0745,0740,-5.0,1111,1057,-14.0,0.0,0.0,146.0,740.0,,,,,
2026-03-07,YX,N414YX,4680,JFK,ORD,1159,1158,-1.0,1356,1402,6.0,0.0,0.0,177.0,740.0,,,,,
2026-03-07,YX,N414YX,4402,ORD,RDU,1442,1615,93.0,1748,1910,82.0,0.0,0.0,126.0,646.0,0.0,82.0,0.0,0.0,0.0
2026-03-07,YX,N414YX,4402,RDU,ORD,1826,1945,79.0,2007,2104,57.0,0.0,0.0,161.0,646.0,0.0,0.0,4.0,0.0,53.0
2026-03-07,YX,N414YX,4673,ORD,ROA,2058,2137,39.0,2352,0023,31.0,0.0,0.0,114.0,530.0,0.0,0.0,0.0,0.0,31.0
2026-03-08,YX,N414YX,4723,ROA,ORD,0750,0744,-6.0,0908,0848,-20.0,0.0,0.0,138.0,530.0,,,,,
2026-03-08,YX,N414YX,4684,ORD,DCA,0948,0941,-7.0,1254,1232,-22.0,0.0,0.0,126.0,612.0,,,,,
2026-03-08,YX,N414YX,4604,DCA,HHH,1344,1423,39.0,1541,1615,34.0,0.0,0.0,117.0,501.0,34.0,0.0,0.0,0.0,0.0
2026-03-08,YX,N414YX,4604,HHH,DCA,1611,1647,36.0,1759,1814,15.0,0.0,0.0,108.0,501.0,1.0,0.0,0.0,0.0,14.0
2026-03-08,YX,N414YX,4465,DCA,LGA,1925,1924,-1.0,2047,2051,4.0,0.0,0.0,82.0,214.0,,,,,
2026-03-08,YX,N414YX,4589,LGA,ORF,2129,2219,50.0,2253,2337,44.0,0.0,0.0,84.0,296.0,42.0,0.0,0.0,0.0,2.0
2026-03-07,YX,N418YX,4778,BUF,PHL,0700,0937,157.0,0829,1043,134.0,0.0,0.0,89.0,279.0,134.0,0.0,0.0,0.0,0.0
2026-03-07,YX,N418YX,4363,PHL,BOS,0914,1110,116.0,1043,1223,100.0,0.0,0.0,89.0,280.0,0.0,0.0,0.0,0.0,100.0
2026-03-07,YX,N418YX,4717,BOS,PHL,1113,1247,94.0,1255,1411,76.0,0.0,0.0,102.0,280.0,0.0,0.0,0.0,0.0,76.0
2026-03-07,YX,N418YX,4733,PHL,IND,1407,1437,30.0,1618,1637,19.0,0.0,0.0,131.0,588.0,0.0,0.0,0.0,0.0,19.0
2026-03-07,YX,N418YX,4643,IND,PHL,1648,1703,15.0,1849,1854,5.0,0.0,0.0,121.0,588.0,,,,,
2026-03-07,YX,N418YX,4757,PHL,RDU,2144,2139,-5.0,2318,2256,-22.0,0.0,0.0,94.0,337.0,,,,,
2026-03-08,YX,N418YX,4459,RDU,LGA,1031,1028,-3.0,1212,1206,-6.0,0.0,0.0,101.0,431.0,,,,,
2026-03-08,YX,N418YX,4461,LGA,STL,1254,1251,-3.0,1451,1457,6.0,0.0,0.0,177.0,888.0,,,,,
2026-03-08,YX,N418YX,4461,STL,LGA,1533,1526,-7.0,1859,1844,-15.0,0.0,0.0,146.0,888.0,,,,,
2026-03-08,YX,N418YX,4427,LGA,IND,1930,1944,14.0,2153,2149,-4.0,0.0,0.0,143.0,660.0,,,,,
2026-03-07,YX,N425YX,4600,ROC,BOS,0715,0709,-6.0,0848,0837,-11.0,0.0,0.0,93.0,343.0,,,,,
2026-03-07,YX,N425YX,4424,BOS,LGA,0930,0920,-10.0,1052,1043,-9.0,0.0,0.0,82.0,184.0,,,,,
2026-03-07,YX,N425YX,4506,LGA,CAE,1155,1150,-5.0,1410,1353,-17.0,0.0,0.0,135.0,617.0,,,,,
2026-03-07,YX,N425YX,4506,CAE,LGA,1448,1448,0.0,1647,1903,,0.0,1.0,119.0,617.0,,,,,
2026-03-08,YX,N425YX,4441,LGA,CMH,0759,0752,-7.0,0957,0938,-19.0,0.0,0.0,118.0,479.0,,,,,
2026-03-08,YX,N425YX,4441,CMH,LGA,1030,1027,-3.0,1215,1227,12.0,0.0,0.0,105.0,479.0,,,,,
2026-03-08,YX,N425YX,4634,LGA,ATL,1246,1258,12.0,1524,1525,1.0,0.0,0.0,158.0,762.0,,,,,
2026-03-08,YX,N425YX,4646,ATL,LGA,1558,1605,7.0,1815,1819,4.0,0.0,0.0,137.0,762.0,,,,,
2026-03-08,YX,N425YX,4341,LGA,TUL,1900,1856,-4.0,2148,2119,-29.0,0.0,0.0,228.0,1231.0,,,,,
2026-03-07,YX,N438YX,4700,OMA,ORD,0700,0715,15.0,0850,0850,0.0,0.0,0.0,110.0,416.0,,,,,
2026-03-07,YX,N438YX,4474,ORD,SRQ,0940,0936,-4.0,1341,1317,-24.0,0.0,0.0,181.0,1050.0,,,,,
2026-03-07,YX,N438YX,4474,SRQ,ORD,1411,1402,-9.0,1627,1620,-7.0,0.0,0.0,196.0,1050.0,,,,,
2026-03-07,YX,N438YX,4365,ORD,LGA,1725,1738,13.0,2043,2044,1.0,0.0,0.0,138.0,733.0,,,,,
2026-03-08,YX,N438YX,4607,LGA,ATL,0815,0812,-3.0,1052,1038,-14.0,0.0,0.0,157.0,762.0,,,,,
2026-03-08,YX,N438YX,4607,ATL,LGA,1130,1126,-4.0,1347,1334,-13.0,0.0,0.0,137.0,762.0,,,,,
2026-03-08,YX,N438YX,4506,LGA,CAE,1429,1436,7.0,1644,1642,-2.0,0.0,0.0,135.0,617.0,,,,,
2026-03-08,YX,N438YX,4506,CAE,LGA,1728,1725,-3.0,1929,1910,-19.0,0.0,0.0,121.0,617.0,,,,,
2026-03-08,YX,N438YX,4376,LGA,BNA,2045,2040,-5.0,2224,2225,1.0,0.0,0.0,159.0,764.0,,,,,
2026-03-07,YX,N439YX,4399,DCA,CMH,0730,0721,-9.0,0904,0846,-18.0,0.0,0.0,94.0,323.0,,,,,
2026-03-07,YX,N439YX,4399,CMH,DCA,0934,0931,-3.0,1059,1053,-6.0,0.0,0.0,85.0,323.0,,,,,
2026-03-07,YX,N439YX,4635,DCA,BOS,1139,1131,-8.0,1320,1304,-16.0,0.0,0.0,101.0,399.0,,,,,
2026-03-07,YX,N439YX,4604,BOS,DCA,1350,1345,-5.0,1548,1522,-26.0,0.0,0.0,118.0,399.0,,,,,
2026-03-07,YX,N439YX,4440,DCA,LGA,1659,1658,-1.0,1820,1843,23.0,0.0,0.0,81.0,214.0,0.0,0.0,23.0,0.0,0.0
2026-03-08,YX,N439YX,4754,LGA,DCA,0735,0729,-6.0,0900,0851,-9.0,0.0,0.0,85.0,214.0,,,,,
2026-03-08,YX,N439YX,4665,DCA,LGA,1155,1152,-3.0,1316,1303,-13.0,0.0,0.0,81.0,214.0,,,,,
2026-03-08,YX,N439YX,4496,LGA,BUF,1358,1352,-6.0,1525,1505,-20.0,0.0,0.0,87.0,292.0,,,,,
2026-03-08,YX,N439YX,4775,PIT,LGA,1550,2021,271.0,1718,2143,265.0,0.0,0.0,88.0,335.0,7.0,0.0,0.0,0.0,258.0
2026-03-08,YX,N439YX,4496,BUF,LGA,1604,1601,-3.0,1729,1714,-15.0,0.0,0.0,85.0,292.0,,,,,
2026-03-08,YX,N439YX,4410,LGA,PIT,1829,1821,-8.0,2004,1944,-20.0,0.0,0.0,95.0,335.0,,,,,
2026-03-08,YX,N439YX,4554,LGA,XNA,1940,2215,155.0,2216,0027,131.0,0.0,0.0,216.0,1147.0,0.0,0.0,0.0,0.0,131.0
2026-03-07,YX,N721YX,3579,IND,ORD,0900,0853,-7.0,0923,0911,-12.0,0.0,0.0,83.0,177.0,,,,,
2026-03-07,YX,N721YX,3454,ORD,LGA,1000,1030,30.0,1326,1343,17.0,0.0,0.0,146.0,733.0,17.0,0.0,0.0,0.0,0.0
2026-03-07,YX,N721YX,3547,ORD,DSM,1257,1621,204.0,1432,1806,214.0,0.0,0.0,95.0,299.0,0.0,0.0,10.0,0.0,204.0
2026-03-07,YX,N721YX,3657,LGA,ORD,1415,1417,2.0,1559,1547,-12.0,0.0,0.0,164.0,733.0,,,,,
2026-03-07,YX,N721YX,3715,DSM,ORD,1528,1906,218.0,1705,2039,214.0,0.0,0.0,97.0,299.0,25.0,0.0,0.0,0.0,189.0
2026-03-07,YX,N721YX,3541,ORD,SYR,1745,2111,206.0,2042,0002,200.0,0.0,0.0,117.0,607.0,0.0,0.0,0.0,0.0,200.0
2026-03-08,YX,N721YX,3552,SYR,ORD,0625,0958,213.0,0758,1120,202.0,0.0,0.0,153.0,607.0,202.0,0.0,0.0,0.0,0.0
2026-03-08,YX,N721YX,3465,ORD,ELP,0855,1411,316.0,1157,1619,262.0,0.0,0.0,242.0,1236.0,114.0,0.0,0.0,0.0,148.0
2026-03-08,YX,N721YX,3448,ELP,ORD,1240,1809,329.0,1702,2219,317.0,0.0,0.0,202.0,1236.0,73.0,0.0,0.0,0.0,244.0
2026-03-07,YX,N724YX,3718,GRR,EWR,0600,0617,17.0,0800,0804,4.0,0.0,0.0,120.0,605.0,,,,,
2026-03-07,YX,N724YX,3536,EWR,DFW,0902,0857,-5.0,1233,1622,,0.0,1.0,271.0,1372.0,,,,,
2026-03-07,YX,N724YX,3502,DFW,EWR,1323,0712,1069.0,1756,1130,1054.0,0.0,0.0,213.0,1372.0,0.0,852.0,0.0,0.0,202.0
2026-03-07,YX,N726YX,3422,SDF,ORD,0535,0737,122.0,0619,0927,188.0,0.0,0.0,104.0,286.0,122.0,0.0,66.0,0.0,0.0
2026-03-07,YX,N726YX,3618,ORD,CLT,0710,1044,214.0,1026,1349,203.0,0.0,0.0,136.0,599.0,41.0,0.0,0.0,0.0,162.0
2026-03-07,YX,N726YX,3442,CLT,EWR,1107,1416,189.0,1313,1609,176.0,0.0,0.0,126.0,529.0,0.0,0.0,0.0,0.0,176.0
2026-03-07,YX,N726YX,3532,EWR,EYW,1408,1638,150.0,1745,1954,129.0,0.0,0.0,217.0,1196.0,0.0,0.0,0.0,0.0,129.0
2026-03-07,YX,N726YX,3671,EYW,IAD,1828,2049,141.0,2118,2320,122.0,0.0,0.0,170.0,1024.0,18.0,0.0,0.0,0.0,104.0
2026-03-07,YX,N726YX,3554,IAD,DTW,2210,2354,104.0,2357,0126,89.0,0.0,0.0,107.0,383.0,0.0,0.0,0.0,0.0,89.0
2026-03-08,YX,N726YX,3620,DTW,IAD,0545,0542,-3.0,0726,0656,-30.0,0.0,0.0,101.0,383.0,,,,,
2026-03-08,YX,N726YX,3572,IAD,RIC,0830,0825,-5.0,0934,0910,-24.0,0.0,0.0,64.0,100.0,,,,,
2026-03-08,YX,N726YX,3572,RIC,ORD,1025,1020,-5.0,1200,1138,-22.0,0.0,0.0,155.0,642.0,,,,,
2026-03-08,YX,N726YX,3678,ORD,CLE,1257,1255,-2.0,1527,1509,-18.0,0.0,0.0,90.0,316.0,,,,,
2026-03-08,YX,N726YX,3611,CLE,ORD,1609,1602,-7.0,1655,1623,-32.0,0.0,0.0,106.0,316.0,,,,,
2026-03-08,YX,N726YX,3496,ORD,EYW,1755,1812,17.0,2219,2228,9.0,0.0,0.0,204.0,1251.0,,,,,
2026-03-07,YX,N727YX,3669,EWR,IND,0941,0934,-7.0,1204,1147,-17.0,0.0,0.0,143.0,645.0,,,,,
2026-03-07,YX,N727YX,3484,IND,ORD,1245,1243,-2.0,1308,1249,-19.0,0.0,0.0,83.0,177.0,,,,,
2026-03-07,YX,N727YX,3678,ORD,CLE,1425,1423,-2.0,1658,1639,-19.0,0.0,0.0,93.0,316.0,,,,,
2026-03-07,YX,N727YX,3611,CLE,ORD,1755,1833,38.0,1841,1940,59.0,0.0,0.0,106.0,316.0,38.0,0.0,21.0,0.0,0.0
2026-03-07,YX,N727YX,3548,ORD,OKC,1950,2010,20.0,2230,2251,21.0,0.0,0.0,160.0,693.0,0.0,0.0,1.0,0.0,20.0
2026-03-08,YX,N727YX,3702,OKC,ORD,0733,0748,15.0,0950,1001,11.0,0.0,0.0,137.0,693.0,,,,,
2026-03-08,YX,N727YX,3704,ORD,CVG,1055,1050,-5.0,1322,1323,1.0,0.0,0.0,87.0,264.0,,,,,
2026-03-08,YX,N727YX,3569,CVG,ORD,1420,1415,-5.0,1455,1433,-22.0,0.0,0.0,95.0,264.0,,,,,
2026-03-08,YX,N727YX,3616,ORD,DCA,1600,1604,4.0,1912,1907,-5.0,0.0,0.0,132.0,612.0,,,,,
2026-03-08,YX,N727YX,3487,DCA,ORD,2000,1947,-13.0,2135,2104,-31.0,0.0,0.0,155.0,612.0,,,,,
2026-03-07,YX,N730YX,3427,IND,ORD,1350,1354,4.0,1413,1357,-16.0,0.0,0.0,83.0,177.0,,,,,
2026-03-07,YX,N730YX,3690,ORD,IND,1537,1541,4.0,1745,1750,5.0,0.0,0.0,68.0,177.0,,,,,
2026-03-08,YX,N730YX,3709,IND,IAD,1002,0956,-6.0,1147,1123,-24.0,0.0,0.0,105.0,476.0,,,,,
2026-03-08,YX,N730YX,3636,IAD,EYW,1315,1413,58.0,1636,1705,29.0,0.0,0.0,201.0,1024.0,29.0,0.0,0.0,0.0,0.0
2026-03-08,YX,N730YX,3680,EYW,EWR,1730,1750,20.0,2046,2105,19.0,0.0,0.0,196.0,1196.0,10.0,0.0,0.0,0.0,9.0
2026-03-08,YX,N730YX,3418,EWR,DTW,2141,2147,6.0,2356,2352,-4.0,0.0,0.0,135.0,488.0,,,,,
2026-03-07,YX,N732YX,3626,IAD,CLT,1715,,,1855,,,1.0,0.0,100.0,322.0,,,,,
2026-03-07,YX,N732YX,3628,MCI,ORD,1834,2016,102.0,2020,2154,94.0,0.0,0.0,106.0,403.0,1.0,0.0,0.0,0.0,93.0
2026-03-07,YX,N732YX,3554,CLT,IAD,1940,,,2114,,,1.0,0.0,94.0,322.0,,,,,
2026-03-07,YX,N732YX,3464,ORD,PIT,2115,2225,70.0,2351,0054,63.0,0.0,0.0,96.0,413.0,0.0,0.0,0.0,0.0,63.0
2026-03-08,YX,N732YX,3461,PIT,ORD,0851,0843,-8.0,0949,0928,-21.0,0.0,0.0,118.0,413.0,,,,,
2026-03-08,YX,N732YX,3426,ORD,IND,1045,1044,-1.0,1306,1322,16.0,0.0,0.0,81.0,177.0,0.0,0.0,16.0,0.0,0.0
2026-03-08,YX,N732YX,3427,IND,ORD,1350,1349,-1.0,1413,1356,-17.0,0.0,0.0,83.0,177.0,,,,,
2026-03-08,YX,N732YX,3661,ORD,LGA,1500,1455,-5.0,1827,1754,-33.0,0.0,0.0,147.0,733.0,,,,,
2026-03-08,YX,N732YX,3689,LGA,ORD,1915,1909,-6.0,2059,2058,-1.0,0.0,0.0,164.0,733.0,,,,,
2026-03-08,YX,N732YX,3713,ORD,GRR,2146,2144,-2.0,2353,0001,8.0,0.0,0.0,67.0,137.0,,,,,
2026-03-07,YX,N740YX,3494,IND,IAD,0535,0536,1.0,0720,0708,-12.0,0.0,0.0,105.0,476.0,,,,,
2026-03-07,YX,N740YX,3681,IAD,CVG,0815,0807,-8.0,1004,0928,-36.0,0.0,0.0,109.0,388.0,,,,,
2026-03-07,YX,N740YX,3432,CVG,ORD,0835,1006,91.0,0910,1058,108.0,0.0,0.0,95.0,264.0,4.0,0.0,17.0,0.0,87.0
2026-03-07,YX,N740YX,3686,ORD,RIC,1037,1203,86.0,1350,1515,85.0,0.0,0.0,133.0,642.0,31.0,0.0,0.0,0.0,54.0
2026-03-07,YX,N740YX,3559,RIC,EWR,1431,1547,76.0,1612,1709,57.0,0.0,0.0,101.0,277.0,0.0,0.0,0.0,0.0,57.0
2026-03-07,YX,N740YX,3531,EWR,SDF,1705,1746,41.0,1931,2011,40.0,0.0,0.0,146.0,642.0,3.0,0.0,0.0,0.0,37.0
2026-03-08,YX,N740YX,3682,SDF,EWR,0815,0813,-2.0,1027,1011,-16.0,0.0,0.0,132.0,642.0,,,,,
2026-03-08,YX,N740YX,3643,IAD,DTW,1710,1712,2.0,1855,1849,-6.0,0.0,0.0,105.0,383.0,,,,,
2026-03-08,YX,N740YX,3518,DTW,IAD,1936,1929,-7.0,2113,2051,-22.0,0.0,0.0,97.0,383.0,,,,,
2026-03-08,YX,N740YX,3717,IAD,ROC,2213,2210,-3.0,2344,2340,-4.0,0.0,0.0,91.0,287.0,,,,,
2026-03-07,YX,N764YX,3708,IND,EWR,0750,0758,8.0,0957,0951,-6.0,0.0,0.0,127.0,645.0,,,,,
2026-03-07,YX,N764YX,3447,EWR,PIT,1729,1733,4.0,1900,1902,2.0,0.0,0.0,91.0,319.0,,,,,
2026-03-08,YX,N764YX,3473,PIT,EWR,0845,0838,-7.0,1022,0956,-26.0,0.0,0.0,97.0,319.0,,,,,
2026-03-08,YX,N764YX,3654,EWR,SAV,1100,1053,-7.0,1330,1320,-10.0,0.0,0.0,150.0,708.0,,,,,
2026-03-08,YX,N764YX,3687,SAV,EWR,1415,1412,-3.0,1629,1620,-9.0,0.0,0.0,134.0,708.0,,,,,
2026-03-08,YX,N764YX,3586,EWR,DTW,1725,1715,-10.0,1933,1909,-24.0,0.0,0.0,128.0,488.0,,,,,
2026-03-07,YX,N767YX,3567,IND,EWR,0600,0557,-3.0,0807,0757,-10.0,0.0,0.0,127.0,645.0,,,,,
2026-03-07,YX,N767YX,3604,EWR,RIC,1500,1519,19.0,1638,1653,15.0,0.0,0.0,98.0,277.0,8.0,0.0,0.0,0.0,7.0
2026-03-07,YX,N767YX,3424,RIC,ORD,1720,1722,2.0,1855,1837,-18.0,0.0,0.0,155.0,642.0,,,,,
2026-03-07,YX,N767YX,3713,ORD,GRR,2146,2144,-2.0,2353,2340,-13.0,0.0,0.0,67.0,137.0,,,,,
2026-03-08,YX,N767YX,3718,GRR,EWR,0600,0555,-5.0,0759,0800,1.0,0.0,0.0,119.0,605.0,,,,,
2026-03-08,YX,N767YX,3652,EWR,GSP,0900,0906,6.0,1122,1116,-6.0,0.0,0.0,142.0,594.0,,,,,
2026-03-08,YX,N767YX,3472,GSP,EWR,1207,1202,-5.0,1408,1346,-22.0,0.0,0.0,121.0,594.0,,,,,
2026-03-08,YX,N767YX,3604,EWR,RIC,1445,1436,-9.0,1623,1559,-24.0,0.0,0.0,98.0,277.0,,,,,
2026-03-08,YX,N767YX,3424,RIC,ORD,1705,1659,-6.0,1840,1810,-30.0,0.0,0.0,155.0,642.0,,,,,
2026-03-08,YX,N767YX,3438,ORD,MSN,1945,1941,-4.0,2055,2035,-20.0,0.0,0.0,70.0,108.0,,,,,
2026-03-07,YX,N770YX,3417,ALB,ORD,0814,0824,10.0,0950,1105,75.0,0.0,0.0,156.0,723.0,10.0,0.0,65.0,0.0,0.0
2026-03-07,YX,N770YX,3635,IAD,IND,2205,1453,1008.0,2359,1638,999.0,0.0,0.0,114.0,476.0,943.0,0.0,0.0,0.0,56.0
2026-03-08,YX,N770YX,3495,MSN,ORD,1550,1930,220.0,1702,2042,220.0,0.0,0.0,72.0,108.0,0.0,0.0,0.0,0.0,220.0
