iata,name,city,state,tz,lat,lon
AAF,Apalachicola Regional-Cleve Randolph Field,Apalachicola,Florida,America/New_York,29.72755,-85.02738
ABE,Lehigh Valley International Airport,Allentown,Pennsylvania,America/New_York,40.65236,-75.44041
ABI,Abilene Regional Airport,Abilene,Texas,America/Chicago,32.41133,-99.68189
ABL,Ambler Airport,Ambler,Alaska,America/Anchorage,67.1062,-157.85716
ABQ,Albuquerque International Sunport Airport,Albuquerque,New Mexico,America/Denver,35.03893,-106.60826
ABR,Aberdeen Regional Airport,Aberdeen,South Dakota,America/Chicago,45.4468,-98.42244
ABY,Southwest Georgia Regional Airport,Albany,Georgia,America/New_York,31.53553,-84.19448
ACB,Antrim County Airport,Bellaire,Michigan,America/Detroit,44.98858,-85.19835
ACK,Nantucket Memorial Airport,Nantucket,Massachusetts,America/New_York,41.2533,-70.06051
ACT,Waco Regional Airport,Waco,Texas,America/Chicago,31.61219,-97.23031
ACV,California Redwood Coast-Humboldt County Airport,Arcata/Eureka,California,America/Los_Angeles,40.97783,-124.10847
ACY,Atlantic City International Airport,Atlantic City,New Jersey,America/New_York,39.45758,-74.57716
ADG,Lenawee County Airport,Adrian,Michigan,America/Detroit,41.86764,-84.07731
ADK,Adak Airport,Adak Island,Alaska,America/Adak,51.88358,-176.64248
ADM,Ardmore Municipal Airport,Ardmore,Oklahoma,America/Chicago,34.30387,-97.0206
ADQ,Kodiak Airport,Kodiak,Alaska,America/Anchorage,57.74979,-152.49394
ADR,Robert F Swinnie Airport,Andrews,South Carolina,America/New_York,33.4517,-79.52618
ADS,Addison Airport,Dallas,Texas,America/Chicago,32.96855,-96.83645
ADT,Ada Regional Airport,Ada,Oklahoma,America/Chicago,34.80426,-96.6712
ADW,Joint Base Andrews Airport,Camp Springs,Maryland,America/New_York,38.8108,-76.86738
AEL,Albert Lea Municipal Airport,Albert Lea,Minnesota,America/Chicago,43.68131,-93.36815
AET,Allakaket Airport,Allakaket,Alaska,America/Anchorage,66.55183,-152.62217
AEX,Alexandria International Airport,Alexandria,Louisiana,America/Chicago,31.32737,-92.54856
AFF,Usaf Academy Davis Airfield,Colorado Springs,Colorado,America/Denver,38.97339,-104.82003
AFN,Jaffrey Airfield Silver Ranch Airport,Jaffrey,New Hampshire,America/New_York,42.80513,-72.00302
AFO,Afton Lincoln County/General Boyd L Eddins Field,Afton,Wyoming,America/Denver,42.70877,-110.94217
AFW,Perot Field/Fort Worth Alliance Airport,Fort Worth,Texas,America/Chicago,32.99031,-97.31943
AGC,Allegheny County Airport,Pittsburgh,Pennsylvania,America/New_York,40.35444,-79.92905
AGN,Angoon Seaplane Base,Angoon,Alaska,America/Juneau,57.50355,-134.58509
AGO,Ralph C Weiser Field,Magnolia,Arkansas,America/Chicago,33.22747,-93.217
AGS,Augusta Regional At Bush Field,Augusta,Georgia,America/New_York,33.36995,-81.9645
AHC,Amedee Army Air Field,Herlong,California,America/Los_Angeles,40.26592,-120.15061
AHD,Ardmore Downtown Executive Airport,Ardmore,Oklahoma,America/Chicago,34.14697,-97.12267
AHF,Arapahoe Municipal Airport,Arapahoe,Nebraska,America/Chicago,40.34158,-99.90781
AHH,Amery Municipal Airport,Amery,Wisconsin,America/Chicago,45.28115,-92.37539
AHM,Ashland Municipal/Sumner Parker Field,Ashland,Oregon,America/Los_Angeles,42.19028,-122.66064
AHN,Athens/Ben Epps Airport,Athens,Georgia,America/New_York,33.94864,-83.32591
AIA,Alliance Municipal Airport,Alliance,Nebraska,America/Denver,42.05322,-102.80375
AID,Anderson Regional Airport,Anderson,Indiana,America/Indiana/Indianapolis,40.10861,-85.613
AIK,Aiken Regional Airport,Aiken,South Carolina,America/New_York,33.64939,-81.68503
AIN,Wainwright Airport,Wainwright,Alaska,America/Anchorage,70.638,-159.99475
AIO,Atlantic Municipal Airport,Atlantic,Iowa,America/Chicago,41.40383,-95.04875
AIV,George Downer Airport,Aliceville,Alabama,America/Chicago,33.10674,-88.19718
AIZ,Lee C Fine Memorial Airport,Kaiser/Lake Ozark,Missouri,America/Chicago,38.09603,-92.54948
AKB,Atka Airport,Atka,Alaska,America/Adak,52.22058,-174.20619
AKC,Akron Fulton International Airport,Akron,Ohio,America/New_York,41.03742,-81.46769
AKI,Akiak Airport,Akiak,Alaska,America/Anchorage,60.9029,-161.23058
AKK,Akhiok Airport,Akhiok,Alaska,America/Anchorage,56.93869,-154.18256
AKN,King Salmon Airport,King Salmon,Alaska,America/Anchorage,58.6765,-156.64869
AKO,Colorado Plains Regional Airport,Akron,Colorado,America/Denver,40.17564,-103.22203
AKP,Anaktuvuk Pass Airport,Anaktuvuk Pass,Alaska,America/Anchorage,68.13361,-151.74333
ALB,Albany International Airport,Albany,New York,America/New_York,42.74912,-73.80198
ALE,Alpine-Casparis Municipal Airport,Alpine,Texas,America/Chicago,30.38422,-103.68358
ALI,Alice International Airport,Alice,Texas,America/Chicago,27.74089,-98.02694
ALM,Alamogordo-White Sands Regional Airport,Alamogordo,New Mexico,America/Denver,32.83942,-105.99114
ALN,St Louis Regional Airport,Alton/St Louis,Illinois,America/Chicago,38.88992,-90.046
ALO,Waterloo Regional Airport,Waterloo,Iowa,America/Chicago,42.55845,-92.40102
ALS,San Luis Valley Regional/Bergman Field,Alamosa,Colorado,America/Denver,37.43512,-105.86787
ALW,Walla Walla Regional Airport,Walla Walla,Washington,America/Los_Angeles,46.09254,-118.28408
ALX,Thomas C Russell Field,Alexander City,Alabama,America/Chicago,32.91475,-85.96294
AMA,Rick Husband Amarillo International Airport,Amarillo,Texas,America/Chicago,35.21936,-101.70592
AMK,Animas Air Park,Durango,Colorado,America/Denver,37.20318,-107.8692
AMN,Gratiot Community Airport,Alma,Michigan,America/Detroit,43.32214,-84.68794
AMW,Ames Municipal Airport,Ames,Iowa,America/Chicago,41.99204,-93.62182
ANB,Anniston Regional Airport,Anniston,Alabama,America/Chicago,33.58817,-85.85811
ANC,Ted Stevens Anchorage International Airport,Anchorage,Alaska,America/Anchorage,61.17408,-149.99814
AND,Anderson Regional Airport,Anderson,South Carolina,America/New_York,34.49459,-82.70938
ANI,Aniak Airport,Aniak,Alaska,America/Anchorage,61.5814,-159.5453
ANN,Annette Island Airport,Annette,Alaska,America/Anchorage,55.04229,-131.5709
ANP,Lee Airport,Annapolis,Maryland,America/New_York,38.94288,-76.56839
ANQ,Tri-State Steuben County Airport,Angola,Indiana,America/Indiana/Indianapolis,41.6397,-85.08349
ANV,Anvik Airport,Anvik,Alaska,America/Anchorage,62.64733,-160.19006
ANW,Ainsworth Regional Airport,Ainsworth,Nebraska,America/Chicago,42.57922,-99.99297
ANY,Anthony Municipal Airport,Anthony,Kansas,America/Chicago,37.15989,-98.07953
AOH,Lima Allen County Airport,Lima,Ohio,America/New_York,40.70748,-84.02708
AOO,Altoona/Blair County Airport,Altoona,Pennsylvania,America/New_York,40.29636,-78.32003
APA,Centennial Airport,Denver,Colorado,America/Denver,39.57012,-104.84929
APC,Napa County Airport,Napa,California,America/Los_Angeles,38.21319,-122.28069
APF,Naples Municipal Airport,Naples,Florida,America/New_York,26.15244,-81.77564
APG,Phillips Army Air Field (Aberdeen Proving Ground) Airport,Aberdeen,Maryland,America/New_York,39.46547,-76.16829
APH,Ap Hill Lz (Fort Ap Hill) Airport,Bowling Green,Virginia,America/New_York,38.06889,-77.31896
APN,Alpena County Regional Airport,Alpena,Michigan,America/New_York,45.07808,-83.56031
APT,Marion County/Brown Field,Jasper,Tennessee,America/Chicago,35.06067,-85.58531
APV,Apple Valley Airport,Apple Valley,California,America/Los_Angeles,34.57533,-117.18619
AQY,Girdwood Airport,Girdwood,Alaska,America/Anchorage,60.96902,-149.11935
ARA,Acadiana Regional Airport,New Iberia,Louisiana,America/Chicago,30.03776,-91.8839
ARB,Ann Arbor Municipal Airport,Ann Arbor,Michigan,America/Detroit,42.22293,-83.74571
ARC,Arctic Village Airport,Arctic Village,Alaska,America/Anchorage,68.11467,-145.57942
ARE,Antonio/Nery/Juarbe Pol Airport,Arecibo,Puerto Rico,America/Puerto_Rico,18.45092,-66.67544
ARG,Walnut Ridge Regional Airport,Walnut Ridge,Arkansas,America/Chicago,36.12467,-90.92511
ART,Watertown International Airport,Watertown,New York,America/New_York,43.99183,-76.01942
ARV,Lakeland/Noble F Lee Memorial Field,Minocqua-Woodruff,Wisconsin,America/Chicago,45.92792,-89.73094
ASE,Aspen-Pitkin County/Sardy Field,Aspen,Colorado,America/Denver,39.22188,-106.86823
ASH,Boire Field,Nashua,New Hampshire,America/New_York,42.78241,-71.51409
ASL,Harrison County Airport,Marshall,Texas,America/Chicago,32.52049,-94.30777
ASN,Talladega Municipal Airport,Talladega,Alabama,America/Chicago,33.5695,-86.0512
ASQ,Austin Airport,Austin,Nevada,America/Los_Angeles,39.46794,-117.19745
AST,Astoria Regional Airport,Astoria,Oregon,America/Los_Angeles,46.15798,-123.87862
ASX,John F Kennedy Memorial Airport,Ashland,Wisconsin,America/Chicago,46.54853,-90.91897
ASY,Ashley Municipal Airport,Ashley,North Dakota,America/Chicago,46.02316,-99.35258
ATE,Antlers Municipal Airport,Antlers,Oklahoma,America/Chicago,34.19357,-95.64986
ATK,Atqasuk Edward Burnell Sr Memorial Airport,Atqasuk,Alaska,America/Anchorage,70.46711,-157.43567
ATL,Hartsfield/Jackson Atlanta International Airport,Atlanta,Georgia,America/New_York,33.6367,-84.42786
ATO,Ohio University Airport,Athens/Albany,Ohio,America/New_York,39.21189,-82.22925
ATS,Artesia Municipal Airport,Artesia,New Mexico,America/Denver,32.85194,-104.46758
ATT,Atmautluak Airport,Atmautluak,Alaska,America/Nome,60.86787,-162.27427
ATU,Casco Cove Cgs Airport,Attu,Alaska,America/Adak,52.83254,173.17555
ATW,Appleton International Airport,Appleton,Wisconsin,America/Chicago,44.25809,-88.51907
ATY,Watertown Regional Airport,Watertown,South Dakota,America/Chicago,44.91397,-97.15472
AUG,Augusta State Airport,Augusta,Maine,America/New_York,44.32069,-69.79731
AUK,Alakanuk Airport,Alakanuk,Alaska,America/Anchorage,62.68306,-164.72219
AUM,Austin Municipal Airport,Austin,Minnesota,America/Chicago,43.66264,-92.93292
AUN,Auburn Municipal Airport,Auburn,California,America/Los_Angeles,38.95482,-121.08173
AUO,Auburn University Regional Airport,Auburn,Alabama,America/Chicago,32.61511,-85.434
AUS,Austin-Bergstrom International Airport,Austin,Texas,America/Chicago,30.19453,-97.66988
AUW,Wausau Downtown Airport,Wausau,Wisconsin,America/Chicago,44.92629,-89.627
AUZ,Aurora Municipal Airport,Chicago/Aurora,Illinois,America/Chicago,41.77192,-88.47567
AVL,Asheville Regional Airport,Asheville,North Carolina,America/New_York,35.43611,-82.54205
AVO,Avon Park Executive Airport,Avon Park,Florida,America/New_York,27.5913,-81.52897
AVP,Wilkes-Barre/Scranton International Airport,Wilkes-Barre/Scranton,Pennsylvania,America/New_York,41.33847,-75.72339
AVW,Marana Regional Airport,Marana,Arizona,America/Phoenix,32.40956,-111.21839
AVX,Catalina Airport,Avalon,California,America/Los_Angeles,33.405,-118.41577
AWM,West Memphis Municipal Airport,West Memphis,Arkansas,America/Chicago,35.13506,-90.23444
AXB,Maxson Airfield,Alexandria Bay,New York,America/New_York,44.31672,-75.89967
AXG,Algona Municipal Airport,Algona,Iowa,America/Chicago,43.0778,-94.27177
AXN,Alexandria Regional/Chandler Field,Alexandria,Minnesota,America/Chicago,45.86631,-95.39467
AXS,Altus/Quartz Mountain Regional Airport,Altus,Oklahoma,America/Chicago,34.69881,-99.33847
AXV,Neil Armstrong Airport,Wapakoneta,Ohio,America/New_York,40.49355,-84.29807
AXX,Angel Fire Airport,Angel Fire,New Mexico,America/Denver,36.422,-105.28991
AYS,Waycross-Ware County Airport,Waycross,Georgia,America/New_York,31.24839,-82.39539
AZA,Mesa Gateway Airport,Phoenix,Arizona,America/Phoenix,33.30782,-111.65546
AZO,Kalamazoo/Battle Creek International Airport,Kalamazoo,Michigan,America/Detroit,42.23439,-85.55156
BAB,Beale Afb Airport,Marysville,California,America/Los_Angeles,39.1361,-121.43659
BAD,Barksdale Afb Airport,Bossier City,Louisiana,America/Chicago,32.50193,-93.66263
BAF,Westfield-Barnes Regional Airport,Westfield/Springfield,Massachusetts,America/New_York,42.15794,-72.71586
BAM,Battle Mountain Airport,Battle Mountain,Nevada,America/Los_Angeles,40.59906,-116.87433
BBB,Benson Municipal Airport,Benson,Minnesota,America/Chicago,45.33192,-95.65058
BBC,Bay City Regional Airport,Bay City,Texas,America/Chicago,28.97325,-95.86345
BBD,Curtis Field,Brady,Texas,America/Chicago,31.17928,-99.32392
BBW,Broken Bow Municipal/Keith Glaze Field,Broken Bow,Nebraska,America/Chicago,41.43645,-99.64216
BBX,Wings Field,Philadelphia,Pennsylvania,America/New_York,40.13756,-75.26514
BCB,Virginia Tech/Montgomery Executive Airport,Blacksburg,Virginia,America/New_York,37.20939,-80.41209
BCC,Bear Creek 3 Airport,Bear Creek,Alaska,America/Anchorage,63.57161,-156.14405
BCE,Bryce Canyon Airport,Bryce Canyon,Utah,America/Denver,37.70645,-112.1458
BCS,Southern Seaplane Airport,Belle Chasse,Louisiana,America/Chicago,29.86604,-90.02229
BCT,Boca Raton Airport,Boca Raton,Florida,America/New_York,26.37849,-80.1077
BDE,Baudette International Airport,Baudette,Minnesota,America/Chicago,48.73025,-94.61106
BDF,Rinkenberger Airport,Bradford,Illinois,America/Chicago,41.23087,-89.61565
BDG,Blanding Municipal Airport,Blanding,Utah,America/Denver,37.58333,-109.48328
BDL,Bradley International Airport,Windsor Locks,Connecticut,America/New_York,41.93903,-72.68432
BDR,Bridgeport/Sikorsky Airport,Bridgeport,Connecticut,America/New_York,41.16348,-73.12618
BDX,Broadus Airport,Broadus,Montana,America/Denver,45.47047,-105.45714
BDY,Bandon State Airport,Bandon,Oregon,America/Los_Angeles,43.08647,-124.40786
BEC,Beech Factory Airport,Wichita,Kansas,America/Chicago,37.69392,-97.21492
BED,Laurence G Hanscom Field,Bedford,Massachusetts,America/New_York,42.46994,-71.289
BEH,Southwest Michigan Regional Airport,Benton Harbor,Michigan,America/Detroit,42.12838,-86.42488
BET,Bethel Airport,Bethel,Alaska,America/Anchorage,60.77856,-161.83717
BFD,Bradford Regional Airport,Bradford,Pennsylvania,America/New_York,41.80295,-78.63997
BFF,Scottsbluff/Western Nebraska Regional/Wm  B Heilig Field,Scottsbluff,Nebraska,America/Denver,41.87403,-103.59564
BFG,Bullfrog Basin Airport,Glen Canyon Natl Rec Area,Utah,America/Denver,37.54582,-110.7132
BFI,Boeing Field/King County International Airport,Seattle,Washington,America/Los_Angeles,47.52997,-122.30194
BFK,Buckley Space Force Base Airport,Aurora,Colorado,America/Denver,39.70176,-104.75196
BFL,Meadows Field,Bakersfield,California,America/Los_Angeles,35.43386,-119.05767
BFM,Mobile International Airport,Mobile,Alabama,America/Chicago,30.62678,-88.06809
BFP,Beaver County Airport,Beaver Falls,Pennsylvania,America/New_York,40.77247,-80.39144
BFR,Virgil I Grissom Municipal Airport,Bedford,Indiana,America/Indiana/Indianapolis,38.84003,-86.44536
BFT,Beaufort Executive Airport,Beaufort,South Carolina,America/New_York,32.41217,-80.63435
BGD,Hutchinson County Airport,Borger,Texas,America/Chicago,35.70089,-101.39367
BGE,Decatur County Industrial Air Park,Bainbridge,Georgia,America/New_York,30.9716,-84.63693
BGM,Greater Binghamton/Edwin A Link Field,Binghamton,New York,America/New_York,42.20844,-75.97961
BGQ,Big Lake Airport,Big Lake,Alaska,America/Anchorage,61.53468,-149.81255
BGR,Bangor International Airport,Bangor,Maine,America/New_York,44.80744,-68.82814
BGT,Bagdad Airport,Bagdad,Arizona,America/Phoenix,34.59289,-113.17195
BHB,Hancock County/Bar Harbor Airport,Bar Harbor,Maine,America/New_York,44.44971,-68.36149
BHM,Birmingham-Shuttlesworth International Airport,Birmingham,Alabama,America/Chicago,33.56389,-86.75231
BID,Block Island State Airport,Block Island,Rhode Island,America/New_York,41.16811,-71.57783
BIE,Beatrice Municipal Airport,Beatrice,Nebraska,America/Chicago,40.30128,-96.75411
BIF,Biggs Army Air Field (Fort Bliss) Airport,Fort Bliss/El Paso/,Texas,America/Denver,31.84953,-106.38005
BIG,Allen Army Air Field,Delta Junction Ft Greely,Alaska,America/Anchorage,63.99516,-145.72004
BIH,Bishop Airport,Bishop,California,America/Los_Angeles,37.37311,-118.36361
BIL,Billings Logan International Airport,Billings,Montana,America/Denver,45.80785,-108.54354
BIS,Bismarck Municipal Airport,Bismarck,North Dakota,America/Chicago,46.77273,-100.74574
BIX,Keesler Afb Airport,Biloxi,Mississippi,America/Chicago,30.41043,-88.92444
BJC,Rocky Mountain Metro Airport,Denver,Colorado,America/Denver,39.90881,-105.11719
BJI,Bemidji Regional Airport,Bemidji,Minnesota,America/Chicago,47.51072,-94.93472
BJJ,Wayne County Airport,Wooster,Ohio,America/New_York,40.87484,-81.88826
BKC,Buckland Airport,Buckland,Alaska,America/Anchorage,65.98156,-161.14914
BKD,Stephens County Airport,Breckenridge,Texas,America/Chicago,32.71876,-98.8916
BKE,Baker City Municipal Airport,Baker City,Oregon,America/Los_Angeles,44.83735,-117.80914
BKG,Branson Airport,Branson,Missouri,America/Chicago,36.53208,-93.20054
BKH,Barking Sands Pmrf Airport,"Kekaha,Kauai",Hawaii,Pacific/Honolulu,22.02277,-159.78507
BKL,Burke Lakefront Airport,Cleveland,Ohio,America/New_York,41.51786,-81.68264
BKT,Allan C Perkinson/Blackstone Army Air Field,Blackstone,Virginia,America/New_York,37.07474,-77.95181
BKW,Raleigh County Memorial Airport,Beckley,West Virginia,America/New_York,37.78733,-81.12417
BKX,Brookings Regional Airport,Brookings,South Dakota,America/Chicago,44.30453,-96.81892
BLD,Boulder City Municipal Airport,Boulder City,Nevada,America/Los_Angeles,35.94731,-114.86108
BLF,Mercer County Airport,Bluefield,West Virginia,America/New_York,37.29595,-81.20752
BLH,Blythe Airport,Blythe,California,America/Los_Angeles,33.61917,-114.71689
BLI,Bellingham International Airport,Bellingham,Washington,America/Los_Angeles,48.79269,-122.53753
BLM,Monmouth Executive Airport,Belmar/Farmingdale,New Jersey,America/New_York,40.18678,-74.12456
BLU,Blue Canyon - Nyack Airport,Emigrant Gap,California,America/Los_Angeles,39.27497,-120.70975
BLV,Scott Afb/Midamerica St Louis Airport,Belleville,Illinois,America/Chicago,38.54517,-89.83519
BMC,Brigham City Regional Airport,Brigham City,Utah,America/Denver,41.55431,-112.06225
BMG,Monroe County Airport,Bloomington,Indiana,America/New_York,39.14602,-86.61668
BMI,Central Il Regional/Bloomington-Normal Airport,Bloomington/Normal,Illinois,America/Chicago,40.47711,-88.91592
BML,Berlin Regional Airport,Berlin,New Hampshire,America/New_York,44.57536,-71.17592
BMT,Beaumont Municipal Airport,Beaumont,Texas,America/Chicago,30.0702,-94.2151
BMX,Big Mountain Airport,Big Mountain,Alaska,America/Anchorage,59.36125,-155.25882
BNA,Nashville International Airport,Nashville,Tennessee,America/Chicago,36.12447,-86.67818
BNG,Banning Municipal Airport,Banning,California,America/Los_Angeles,33.92256,-116.85097
BNL,Barnwell Regional Airport,Barnwell,South Carolina,America/New_York,33.25767,-81.38822
BNO,Burns Municipal Airport,Burns,Oregon,America/Los_Angeles,43.59191,-118.95544
BNW,Boone Municipal Airport,Boone,Iowa,America/Chicago,42.04956,-93.84761
BOI,Boise Air Trml/Gowen Field,Boise,Idaho,America/Boise,43.56436,-116.22286
BOK,Brookings Airport,Brookings,Oregon,America/Los_Angeles,42.07394,-124.28978
BOS,General Edward Lawrence Logan International Airport,Boston,Massachusetts,America/New_York,42.36294,-71.00639
BOW,Bartow Executive Airport,Bartow,Florida,America/New_York,27.94336,-81.78344
BPI,Miley Memorial Field,Big Piney,Wyoming,America/Denver,42.58222,-110.10886
BPT,Jack Brooks Regional Airport,Beaumont/Port Arthur,Texas,America/Chicago,29.95083,-94.0207
BQK,Brunswick Golden Isles Airport,Brunswick,Georgia,America/New_York,31.25904,-81.46632
BQN,Rafael Hernandez Airport,Aguadilla,Puerto Rico,America/Puerto_Rico,18.49485,-67.12944
BRD,Brainerd Lakes Regional Airport,Brainerd,Minnesota,America/Chicago,46.40422,-94.13381
BRL,Southeast Iowa Regional Airport,Burlington,Iowa,America/Chicago,40.78297,-91.12558
BRO,Brownsville/South Padre Island International Airport,Brownsville,Texas,America/Chicago,25.90614,-97.426
BRW,Wiley Post-Will Rogers Memorial Airport,Utqiagvik,Alaska,America/Anchorage,71.28486,-156.76858
BRY,Samuels Field,Bardstown,Kentucky,America/New_York,37.81432,-85.49964
BSF,Bradshaw Army Airfield,Camp Pohakuloa,Hawaii,Pacific/Honolulu,19.76001,-155.55377
BSQ,Bisbee Municipal Airport,Bisbee,Arizona,America/Phoenix,31.36887,-109.88357
BSW,Boswell Bay Airport,Boswell Bay,Alaska,America/Anchorage,60.42306,-146.14591
BTF,Skypark Airport,Bountiful,Utah,America/Denver,40.86815,-111.9275
BTI,Barter Island Airport,Barter Island,Alaska,America/Anchorage,70.11311,-143.65361
BTL,Battle Creek Executive At Kellogg Field,Battle Creek,Michigan,America/Detroit,42.30647,-85.25009
BTM,Bert Mooney Airport,Butte,Montana,America/Denver,45.95481,-112.49747
BTN,Marlboro County Jetport/H E Avent Field,Bennettsville,South Carolina,America/New_York,34.62171,-79.73436
BTP,Pittsburgh/Butler Regional Airport,Butler,Pennsylvania,America/New_York,40.77658,-79.95108
BTR,"Baton Rouge Metro, Ryan Field",Baton Rouge,Louisiana,America/Chicago,30.53292,-91.14989
BTT,Bettles Airport,Bettles,Alaska,America/Anchorage,66.91394,-151.52906
BTV,Patrick Leahy Burlington International Airport,Burlington,Vermont,America/New_York,44.47196,-73.15328
BTY,Beatty Airport,Beatty,Nevada,America/Los_Angeles,36.86113,-116.7864
BUB,Cram Field,Burwell,Nebraska,America/Chicago,41.77758,-99.15021
BUF,Buffalo Niagara International Airport,Buffalo,New York,America/New_York,42.94043,-78.73057
BUM,Butler Memorial Airport,Butler,Missouri,America/Chicago,38.28977,-94.34013
BUR,Hollywood Burbank Airport,Burbank,California,America/Los_Angeles,34.20069,-118.35867
BVO,Bartlesville Municipal Airport,Bartlesville,Oklahoma,America/Chicago,36.76336,-96.01119
BVU,Beluga Airport,Beluga,Alaska,America/Anchorage,61.17296,-151.04542
BVX,Batesville Regional Airport,Batesville,Arkansas,America/Chicago,35.72622,-91.64744
BVY,Beverly Regional Airport,Beverly,Massachusetts,America/New_York,42.58414,-70.91614
BWC,Brawley Municipal Airport,Brawley,California,America/Los_Angeles,32.99294,-115.51726
BWD,Brownwood Regional Airport,Brownwood,Texas,America/Chicago,31.79361,-98.9565
BWG,Bowling Green-Warren County Regional Airport,Bowling Green,Kentucky,America/Chicago,36.96453,-86.41967
BWI,Baltimore/Washington International Thurgood Marshall Airport,Baltimore,Maryland,America/New_York,39.17573,-76.66899
BWL,Blackwell-Tonkawa Municipal Airport,Blackwell,Oklahoma,America/Chicago,36.74511,-97.34958
BXA,George R Carr Memorial Air Field,Bogalusa,Louisiana,America/Chicago,30.81369,-89.86496
BXK,Buckeye Municipal Airport,Buckeye,Arizona,America/Phoenix,33.42253,-112.68623
BXS,Borrego Valley Airport,Borrego Springs,California,America/Los_Angeles,33.25903,-116.32097
BYA,Boundary Airport,Boundary,Alaska,America/Anchorage,64.0783,-141.11337
BYG,Johnson County Airport,Buffalo,Wyoming,America/Denver,44.38108,-106.72181
BYH,Arkansas International Airport,Blytheville,Arkansas,America/Chicago,35.96433,-89.94394
BYI,Burley Municipal Airport,Burley,Idaho,America/Boise,42.54261,-113.77153
BYS,Bicycle Lake Army Air Field,Fort Irwin/Barstow,California,America/Los_Angeles,35.28053,-116.63003
BYW,Blakely Island Airport,Blakely Island,Washington,America/Los_Angeles,48.57899,-122.82629
BZF,Benton Field,Redding,California,America/Los_Angeles,40.57368,-122.40734
BZN,Bozeman Yellowstone International Airport,Bozeman,Montana,America/Denver,45.77724,-111.15026
BZT,Eagle Air Park,Brazoria,Texas,America/Chicago,28.98219,-95.57967
CAD,Wexford County Airport,Cadillac,Michigan,America/Detroit,44.27535,-85.41894
CAE,Columbia Metro Airport,Columbia,South Carolina,America/New_York,33.93884,-81.11954
CAK,Akron-Canton Regional Airport,Akron,Ohio,America/New_York,40.91506,-81.44364
CAO,Clayton Municipal Airpark,Clayton,New Mexico,America/Denver,36.44629,-103.14993
CAR,Caribou Municipal Airport,Caribou,Maine,America/New_York,46.87164,-68.01819
CBE,Greater Cumberland Regional Airport,Cumberland,Maryland,America/New_York,39.61567,-78.76228
CBF,Council Bluffs Municipal Airport,Council Bluffs,Iowa,America/Chicago,41.26011,-95.75864
CBK,Shalz Field,Colby,Kansas,America/Chicago,39.42746,-101.04662
CBM,Columbus Afb Airport,Columbus,Mississippi,America/Chicago,33.64518,-88.44592
CCB,Cable Airport,Upland,California,America/Los_Angeles,34.11161,-117.68739
CCG,Crane County Airport,Crane,Texas,America/Chicago,31.41157,-102.36047
CCR,Buchanan Field,Concord,California,America/Los_Angeles,37.98966,-122.0569
CCY,Northeast Iowa Regional Airport,Charles City,Iowa,America/Chicago,43.07306,-92.61045
CDB,Cold Bay Airport,Cold Bay,Alaska,America/Anchorage,55.20592,-162.72625
CDC,Cedar City Regional Airport,Cedar City,Utah,America/Denver,37.70097,-113.09885
CDH,Harrell Field,Camden,Arkansas,America/Chicago,33.62281,-92.76339
CDK,George T Lewis Airport,Cedar Key,Florida,America/New_York,29.13425,-83.05058
CDL,Candle 2 Airport,Candle,Alaska,America/Anchorage,65.90766,-161.92631
CDN,Woodward Field,Camden,South Carolina,America/New_York,34.28359,-80.56485
CDR,Chadron Municipal Airport,Chadron,Nebraska,America/Denver,42.83756,-103.0954
CDS,Childress Municipal Airport,Childress,Texas,America/Chicago,34.43378,-100.288
CDV,Merle K (Mudhole) Smith Airport,Cordova,Alaska,America/Anchorage,60.49164,-145.47756
CDW,Essex County Airport,Caldwell,New Jersey,America/New_York,40.87523,-74.28135
CEA,Cessna Acft Field,Wichita,Kansas,America/Chicago,37.6486,-97.2506
CEC,Jack Mc Namara Field,Crescent City,California,America/Los_Angeles,41.78017,-124.23653
CEF,Westover Arb/Metro Airport,Springfield/Chicopee,Massachusetts,America/New_York,42.19402,-72.53479
CEM,Central Airport,Central,Alaska,America/Anchorage,65.57394,-144.78089
CEU,Oconee County Regional Airport,Clemson,South Carolina,America/New_York,34.67223,-82.8859
CEV,Mettel Field,Connersville,Indiana,America/Indiana/Indianapolis,39.69819,-85.13114
CEW,Bob Sikes Airport,Crestview,Florida,America/Chicago,30.77883,-86.52211
CEX,Chena Hot Springs Airport,Chena Hot Springs,Alaska,America/Anchorage,65.05183,-146.04743
CEY,Kyle-Oakley Field,Murray,Kentucky,America/Chicago,36.66458,-88.37278
CEZ,Cortez Municipal Airport,Cortez,Colorado,America/Denver,37.303,-108.62804
CFD,Coulter Field,Bryan,Texas,America/Chicago,30.71569,-96.33136
CFT,Greenlee County Airport,Clifton/Morenci,Arizona,America/Phoenix,32.95704,-109.21116
CFV,Coffeyville Municipal Airport,Coffeyville,Kansas,America/Chicago,37.094,-95.572
CGA,Craig Seaplane Base,Craig,Alaska,America/Anchorage,55.47883,-133.1478
CGE,Cambridge-Dorchester Regional Airport,Cambridge,Maryland,America/New_York,38.53932,-76.03039
CGF,Cuyahoga County Airport,Cleveland,Ohio,America/New_York,41.56458,-81.48722
CGI,Cape Girardeau Regional Airport,Cape Girardeau,Missouri,America/Chicago,37.22532,-89.57076
CGS,College Park Airport,College Park,Maryland,America/New_York,38.98048,-76.92217
CGZ,Casa Grande Municipal Airport,Casa Grande,Arizona,America/Phoenix,32.9549,-111.76682
CHA,Lovell Field,Chattanooga,Tennessee,America/New_York,35.03519,-85.20356
CHK,Chickasha Municipal Airport,Chickasha,Oklahoma,America/Chicago,35.09714,-97.96768
CHL,Challis Airport,Challis,Idaho,America/Boise,44.52361,-114.21794
CHO,Charlottesville-Albemarle Airport,Charlottesville,Virginia,America/New_York,38.13964,-78.45234
CHP,Circle Hot Springs Airport,Circle Hot Springs,Alaska,America/Anchorage,65.48591,-144.61168
CHS,Charleston Afb/International Airport,Charleston,South Carolina,America/New_York,32.89864,-80.04053
CHU,Chuathbaluk Airport,Chuathbaluk,Alaska,America/Anchorage,61.57906,-159.21564
CHZ,Chiloquin State Airport,Chiloquin,Oregon,America/Los_Angeles,42.57932,-121.87901
CIC,Chico Regional Airport,Chico,California,America/Los_Angeles,39.79539,-121.85842
CID,The Eastern Iowa Airport,Cedar Rapids,Iowa,America/Chicago,41.88469,-91.71081
CIG,Craig-Moffat Airport,Craig,Colorado,America/Denver,40.49522,-107.52167
CIK,Chalkyitsik Airport,Chalkyitsik,Alaska,America/Anchorage,66.64503,-143.73989
CIL,Council Airport,Council,Alaska,America/Nome,64.89675,-163.7035
CIN,Arthur N Neu Airport,Carroll,Iowa,America/Chicago,42.04667,-94.78869
CIR,Cairo Regional Airport,Cairo,Illinois,America/Chicago,37.06414,-89.21953
CIU,Chippewa County International Airport,Sault Ste Marie,Michigan,America/New_York,46.25075,-84.47238
CKA,Kegelman Af Aux Field,Cherokee,Oklahoma,America/Chicago,36.73569,-98.12361
CKB,North Central West Virginia Airport,Clarksburg,West Virginia,America/New_York,39.29765,-80.22753
CKD,Crooked Creek Airport,Crooked Creek,Alaska,America/Anchorage,61.87112,-158.13796
CKE,Lampson Field,Lakeport,California,America/Los_Angeles,38.99061,-122.90072
CKK,Sharp County Regional Airport,Ash Flat,Arkansas,America/Chicago,36.26489,-91.56267
CKM,Fletcher Field,Clarksdale,Mississippi,America/Chicago,34.29972,-90.51231
CKN,Crookston Municipal/Kirkwood Field,Crookston,Minnesota,America/Chicago,47.84083,-96.62221
CKU,Cordova Municipal Airport,Cordova,Alaska,America/Anchorage,60.54364,-145.72585
CKV,Outlaw Field,Clarksville,Tennessee,America/Chicago,36.62186,-87.41495
CKX,Chicken Airport,Chicken,Alaska,America/Anchorage,64.06675,-141.95135
CLD,Mc Clellan-Palomar Airport,Carlsbad,California,America/Los_Angeles,33.12825,-117.28008
CLE,Cleveland-Hopkins International Airport,Cleveland,Ohio,America/New_York,41.40941,-81.85469
CLG,New Coalinga Municipal Airport,Coalinga,California,America/Los_Angeles,36.16211,-120.29483
CLI,Clintonville Municipal Airport,Clintonville,Wisconsin,America/Chicago,44.61317,-88.73089
CLK,Clinton Regional Airport,Clinton,Oklahoma,America/Chicago,35.53827,-98.93279
CLL,Easterwood Field,College Station,Texas,America/Chicago,30.58804,-96.36254
CLM,William R Fairchild International Airport,Port Angeles,Washington,America/Los_Angeles,48.12019,-123.49969
CLP,Clarks Point Airport,Clarks Point,Alaska,America/Anchorage,58.83369,-158.52939
CLR,Cliff Hatfield Memorial Airport,Calipatria,California,America/Los_Angeles,33.13133,-115.52139
CLS,Chehalis-Centralia Airport,Chehalis,Washington,America/Los_Angeles,46.67703,-122.98275
CLT,Charlotte/Douglas International Airport,Charlotte,North Carolina,America/New_York,35.21319,-80.95138
CLU,Columbus Municipal Airport,Columbus,Indiana,America/Indiana/Indianapolis,39.26192,-85.89634
CLW,Clearwater Executive Airport,Clearwater,Florida,America/New_York,27.97721,-82.75906
CMH,John Glenn Columbus International Airport,Columbus,Ohio,America/New_York,39.99695,-82.89216
CMI,University Of Illinois/Willard Airport,Champaign/Urbana,Illinois,America/Chicago,40.03856,-88.27654
CMX,Houghton County Memorial Airport,Hancock,Michigan,America/New_York,47.16842,-88.48907
CMY,Sparta/Fort Mc Coy Airport,Sparta,Wisconsin,America/Chicago,43.95872,-90.73784
CNE,Fremont County Airport,Canon City,Colorado,America/Denver,38.42856,-105.10685
CNH,Claremont Municipal Airport,Claremont,New Hampshire,America/New_York,43.3705,-72.36821
CNK,Blosser Municipal Airport,Concordia,Kansas,America/Chicago,39.54987,-97.65204
CNM,Cavern City Air Trml Airport,Carlsbad,New Mexico,America/Denver,32.33744,-104.26336
CNO,Chino Airport,Chino,California,America/Los_Angeles,33.97478,-117.63648
CNU,Chanute Martin Johnson Airport,Chanute,Kansas,America/Chicago,37.66788,-95.48672
CNW,Tstc Waco Airport,Waco,Texas,America/Chicago,31.63781,-97.07414
CNY,Canyonlands Regional Airport,Moab,Utah,America/Denver,38.75763,-109.75346
COA,Columbia Airport,Columbia,California,America/Los_Angeles,38.03042,-120.41456
COD,Yellowstone Regional Airport,Cody,Wyoming,America/Denver,44.52019,-109.02381
COE,Coeur D'Alene Airport,Coeur D'Alene,Idaho,America/Los_Angeles,47.77431,-116.81958
COF,Patrick Space Force Base Airport,Cocoa Beach,Florida,America/New_York,28.23501,-80.60998
COI,Merritt Island Airport,Merritt Island,Florida,America/New_York,28.3416,-80.68548
COM,Coleman Municipal Airport,Coleman,Texas,America/Chicago,31.84114,-99.40361
CON,Concord Municipal Airport,Concord,New Hampshire,America/New_York,43.20272,-71.50228
COP,Cooperstown-Westville Airport,Cooperstown,New York,America/New_York,42.62924,-74.89099
COS,City Of Colorado Springs Municipal Airport,Colorado Springs,Colorado,America/Denver,38.80582,-104.70078
COT,Cotulla-La Salle County Airport,Cotulla,Texas,America/Chicago,28.45572,-99.21722
COU,Columbia Regional Airport,Columbia,Missouri,America/Chicago,38.81774,-92.21779
CPM,Compton/Woodley Airport,Compton,California,America/Los_Angeles,33.88992,-118.24381
CPR,Casper/Natrona County International Airport,Casper,Wyoming,America/Denver,42.90588,-106.46365
CPS,St Louis Downtown Airport,Cahokia/St Louis,Illinois,America/Chicago,38.57036,-90.15508
CPX,Benjamin Rivera Noriega Airport,Isla De Culebra,Puerto Rico,America/Puerto_Rico,18.31297,-65.30389
CRE,Grand Strand Airport,North Myrtle Beach,South Carolina,America/New_York,33.81175,-78.72394
CRG,Jacksonville Executive At Craig Airport,Jacksonville,Florida,America/New_York,30.33633,-81.51444
CRP,Corpus Christi International Airport,Corpus Christi,Texas,America/Chicago,27.77218,-97.50242
CRS,C David Campbell Field-Corsicana Municipal Airport,Corsicana,Texas,America/Chicago,32.02806,-96.40058
CRT,Z M Jack Stell Field,Crossett,Arkansas,America/Chicago,33.17833,-91.88019
CRW,West Virginia International Yeager Airport,Charleston,West Virginia,America/New_York,38.37601,-81.59289
CRX,Roscoe Turner Airport,Corinth,Mississippi,America/Chicago,34.91497,-88.60348
CSE,Crested Butte Airpark,Crested Butte,Colorado,America/Denver,38.85194,-106.93282
CSG,Columbus Airport,Columbus,Georgia,America/New_York,32.51633,-84.93887
CSM,Infinity One Oklahoma Spaceport Airport,Burns Flat,Oklahoma,America/Chicago,35.33984,-99.2005
CSN,Carson City Airport,Carson City,Nevada,America/Los_Angeles,39.1923,-119.73257
CSQ,Creston Municipal Airport,Creston,Iowa,America/Chicago,41.02144,-94.36331
CSV,Crossville Memorial-Whitson Field,Crossville,Tennessee,America/Chicago,35.95129,-85.08498
CTB,Cut Bank International Airport,Cut Bank,Montana,America/Denver,48.60836,-112.37615
CTH,Chester County G O Carlson Airport,Coatesville,Pennsylvania,America/New_York,39.97897,-75.86547
CTK,Ingersoll Airport,Canton,Illinois,America/Chicago,40.56908,-90.07483
CTO,Calverton Executive Airpark,Calverton,New York,America/New_York,40.9148,-72.7804
CTW,Cottonwood Airport,Cottonwood,Arizona,America/Phoenix,34.73006,-112.03514
CTX,Cortland County/Chase Field,Cortland,New York,America/New_York,42.59264,-76.21488
CTY,Cross City Airport,Cross City,Florida,America/New_York,29.63553,-83.10475
CTZ,Clinton-Sampson County Airport,Clinton,North Carolina,America/New_York,34.97494,-78.36563
CUB,Jim Hamilton L B Owens Airport,Columbia,South Carolina,America/New_York,33.97047,-80.99525
CUH,Cushing Municipal Airport,Cushing,Oklahoma,America/Chicago,35.95003,-96.77342
CUS,Columbus Municipal Airport,Columbus,New Mexico,America/Denver,31.82371,-107.62697
CVG,Cincinnati/Northern Kentucky International Airport,Covington,Kentucky,America/New_York,39.04884,-84.66782
CVN,Clovis Regional Airport,Clovis,New Mexico,America/Denver,34.42659,-103.07758
CVO,Corvallis Municipal Airport,Corvallis,Oregon,America/Los_Angeles,44.49688,-123.28946
CVS,Cannon Afb Airport,Clovis,New Mexico,America/Denver,34.38277,-103.32215
CWA,Central Wisconsin Airport,Mosinee,Wisconsin,America/Chicago,44.77778,-89.66591
CWF,Chennault International Airport,Lake Charles,Louisiana,America/Chicago,30.21059,-93.14319
CWI,Clinton Municipal Airport,Clinton,Iowa,America/Chicago,41.83075,-90.32897
CWS,Center Island Airport,Center Island,Washington,America/Los_Angeles,48.4901,-122.83212
CWX,Cochise County Airport,Willcox,Arizona,America/Phoenix,32.24542,-109.89464
CXC,Chitina Airport,Chitina,Alaska,America/Anchorage,61.5832,-144.4298
CXF,Coldfoot Airport,Coldfoot,Alaska,America/Anchorage,67.25217,-150.20391
CXL,Calexico International Airport,Calexico,California,America/Los_Angeles,32.66744,-115.51758
CXO,Conroe/North Houston Regional Airport,Houston,Texas,America/Chicago,30.3534,-95.41508
CYF,Chefornak Airport,Chefornak,Alaska,America/Anchorage,60.1368,-164.27905
CYS,Cheyenne Regional/Jerry Olson Field,Cheyenne,Wyoming,America/Denver,41.15564,-104.81047
CYT,Yakataga Airport,Yakataga,Alaska,America/Anchorage,60.08085,-142.49549
CZC,Copper Center 2 Airport,Copper Center,Alaska,America/Anchorage,61.94119,-145.29408
CZF,Cape Romanzof Lrrs Airport,Cape Romanzof,Alaska,America/Anchorage,61.78101,-166.03958
CZK,Cascade Locks State Airport,Cascade Locks,Oregon,America/Los_Angeles,45.67694,-121.87889
CZN,Chisana Airport,Chisana,Alaska,America/Anchorage,62.07175,-142.04935
CZO,Chistochina Airport,Chistochina,Alaska,America/Anchorage,62.56233,-144.67244
CZT,Dimmit County Airport,Carrizo Springs,Texas,America/Chicago,28.52225,-99.82364
DAA,Davison Army Air Field,Fort Belvoir,Virginia,America/New_York,38.71492,-77.18089
DAB,Daytona Beach International Airport,Daytona Beach,Florida,America/New_York,29.17991,-81.05804
DAG,Barstow-Daggett Airport,Daggett,California,America/Los_Angeles,34.85372,-116.78669
DAL,Dallas Love Field,Dallas,Texas,America/Chicago,32.84595,-96.85088
DAN,Danville Regional Airport,Danville,Virginia,America/New_York,36.57247,-79.33625
DAY,James M Cox Dayton International Airport,Dayton,Ohio,America/New_York,39.90225,-84.21941
DBN,W H 'Bud' Barron Airport,Dublin,Georgia,America/New_York,32.56472,-82.98497
DBQ,Dubuque Regional Airport,Dubuque,Iowa,America/Chicago,42.402,-90.70947
DBS,Dubois Municipal Airport,Dubois,Idaho,America/Boise,44.16236,-112.22067
DCA,Ronald Reagan Washington Ntl Airport,Washington,District of Columbia,America/New_York,38.85144,-77.03772
DCK,Dahl Creek Airport,Dahl Creek,Alaska,America/Anchorage,66.94256,-156.89137
DCU,Pryor Field Regional Airport,Decatur,Alabama,America/Chicago,34.65406,-86.94536
DDC,Dodge City Regional Airport,Dodge City,Kansas,America/Chicago,37.76312,-99.96542
DEC,Decatur Airport,Decatur,Illinois,America/Chicago,39.83456,-88.86569
DEH,Decorah Municipal Airport,Decorah,Iowa,America/Chicago,43.2755,-91.73939
DEN,Denver International Airport,Denver,Colorado,America/Denver,39.86167,-104.67317
DET,Coleman A Young Municipal Airport,Detroit,Michigan,America/Detroit,42.41236,-83.0106
DFI,Defiance Memorial Airport,Defiance,Ohio,America/New_York,41.3375,-84.42881
DFW,Dallas-Fort Worth International Airport,Dallas-Fort Worth,Texas,America/Chicago,32.89723,-97.03769
DGL,Douglas Municipal Airport,Douglas,Arizona,America/Phoenix,31.3426,-109.50645
DGN,Dahlgren Nsf Airport,Dahlgren,Virginia,America/New_York,38.33288,-77.03701
DGW,Converse County Airport,Douglas,Wyoming,America/Denver,42.79719,-105.38583
DHN,Dothan Regional Airport,Dothan,Alabama,America/Chicago,31.32102,-85.44948
DHT,Dalhart Municipal Airport,Dalhart,Texas,America/Chicago,36.02247,-102.54739
DIK,Dickinson/Theodore Roosevelt Regional Airport,Dickinson,North Dakota,America/Denver,46.80047,-102.80443
DJN,Delta Junction Airport,Delta Junction,Alaska,America/Anchorage,64.05012,-145.72246
DKK,Chautauqua County/Dunkirk Airport,Dunkirk,New York,America/New_York,42.49394,-79.27111
DLF,Laughlin Afb Airport,Del Rio,Texas,America/Chicago,29.3594,-100.77792
DLG,Dillingham Airport,Dillingham,Alaska,America/Anchorage,59.04467,-158.5055
DLH,Duluth International Airport,Duluth,Minnesota,America/Chicago,46.84207,-92.19324
DLL,Dillon County Airport,Dillon,South Carolina,America/New_York,34.44906,-79.36858
DLN,Dillon Airport,Dillon,Montana,America/Denver,45.25536,-112.5525
DLS,Columbia Gorge Regional/The Dalles Municipal Airport,The Dalles,Oregon,America/Los_Angeles,45.61935,-121.16828
DMA,Davis Monthan Afb Airport,Tucson,Arizona,America/Phoenix,32.16636,-110.88317
DMN,Deming Municipal Airport,Deming,New Mexico,America/Denver,32.26239,-107.719
DMO,Sedalia Regional Airport,Sedalia,Missouri,America/Chicago,38.70742,-93.17592
DNL,Daniel Field,Augusta,Georgia,America/New_York,33.46658,-82.03939
DNN,Dalton Municipal Airport,Dalton,Georgia,America/New_York,34.72294,-84.87024
DNS,Denison Municipal Airport,Denison,Iowa,America/Chicago,41.98613,-95.38026
DNV,Vermilion Regional Airport,Danville,Illinois,America/Chicago,40.19983,-87.59517
DOV,Dover Afb Airport,Dover,Delaware,America/New_York,39.12954,-75.46596
DPA,Dupage Airport,Chicago/West Chicago,Illinois,America/Chicago,41.90705,-88.248
DPG,Michael Army Air Field (Dugway Proving Ground) Airport,Dugway Proving Ground,Utah,America/Denver,40.19738,-112.93505
DRA,Desert Rock Airport,Mercury,Nevada,America/Los_Angeles,36.61994,-116.03229
DRE,Drummond Island Airport,Drummond Island,Michigan,America/New_York,46.00931,-83.74393
DRF,Drift River Airport,Kenai,Alaska,America/Anchorage,60.58887,-152.16198
DRG,Deering Airport,Deering,Alaska,America/Anchorage,66.06911,-162.76706
DRI,Beauregard Regional Airport,De Ridder,Louisiana,America/Chicago,30.83172,-93.33992
DRO,Durango-La Plata County Airport,Durango,Colorado,America/Denver,37.15153,-107.75378
DRT,Del Rio International Airport,Del Rio,Texas,America/Chicago,29.37421,-100.92716
DRU,Drummond Airport,Drummond,Montana,America/Denver,46.62076,-113.20507
DSI,Destin Executive Airport,Destin,Florida,America/Chicago,30.40005,-86.47147
DSM,Des Moines International Airport,Des Moines,Iowa,America/Chicago,41.53397,-93.66307
DSV,Dansville Municipal Airport,Dansville,New York,America/New_York,42.57053,-77.71327
DTA,Delta Municipal Airport,Delta,Utah,America/Denver,39.38283,-112.50221
DTH,Furnace Creek Airport,Death Valley National Park,California,America/Los_Angeles,36.4605,-116.87981
DTL,Detroit Lakes/Wething Field,Detroit Lakes,Minnesota,America/Chicago,46.82305,-95.88279
DTN,Shreveport Downtown Airport,Shreveport,Louisiana,America/Chicago,32.54082,-93.74384
DTR,Decatur Shores Airport,Anacortes,Washington,America/Los_Angeles,48.49983,-122.81378
DTW,Detroit Metro Wayne County Airport,Detroit,Michigan,America/New_York,42.21243,-83.35339
DUA,Durant Regional/Eaker Field,Durant,Oklahoma,America/Chicago,33.9397,-96.39506
DUC,Halliburton Field,Duncan,Oklahoma,America/Chicago,34.47087,-97.95986
DUF,Pine Island Airport,Corolla,North Carolina,America/New_York,36.2535,-75.78852
DUG,Bisbee Douglas International Airport,Douglas Bisbee,Arizona,America/Phoenix,31.46894,-109.60375
DUJ,Dubois Regional Airport,Dubois,Pennsylvania,America/New_York,41.17828,-78.89869
DUT,Unalaska Airport,Unalaska,Alaska,America/Anchorage,53.89894,-166.54503
DVL,Devils Lake Regional Airport,Devils Lake,North Dakota,America/Chicago,48.11659,-98.90999
DVN,Davenport Municipal Airport,Davenport,Iowa,America/Chicago,41.61028,-90.58836
DVT,Phoenix Deer Valley Airport,Phoenix,Arizona,America/Phoenix,33.68831,-112.08256
DWH,David Wayne Hooks Memorial Airport,Houston,Texas,America/Chicago,30.06178,-95.55279
DXE,Bruce Campbell Field,Madison,Mississippi,America/Chicago,32.43867,-90.10311
DXR,Danbury Municipal Airport,Danbury,Connecticut,America/New_York,41.37153,-73.48219
DYL,Doylestown Airport,Doylestown,Pennsylvania,America/New_York,40.33306,-75.12234
DYS,Dyess Afb Airport,Abilene,Texas,America/Chicago,32.41848,-99.85654
EAA,Eagle Airport,Eagle,Alaska,America/Anchorage,64.77808,-141.14961
EAN,Phifer Airfield,Wheatland,Wyoming,America/Denver,42.05552,-104.92828
EAR,Kearney Regional Airport,Kearney,Nebraska,America/Chicago,40.72704,-99.00677
EAT,Pangborn Memorial Airport,Wenatchee,Washington,America/Los_Angeles,47.39881,-120.20683
EAU,Chippewa Valley Regional Airport,Eau Claire,Wisconsin,America/Chicago,44.86581,-91.48425
EBS,Webster City Municipal Airport,Webster City,Iowa,America/Chicago,42.43641,-93.86897
ECA,Iosco County Airport,East Tawas,Michigan,America/New_York,44.31283,-83.42231
ECG,Elizabeth City Cg Air Station/Regional Airport,Elizabeth City,North Carolina,America/New_York,36.26058,-76.17457
ECP,Northwest Florida Beaches International Airport,Panama City,Florida,America/Chicago,30.35824,-85.7956
ECS,Mondell Field,Newcastle,Wyoming,America/Denver,43.88425,-104.3145
EDC,Austin Executive Airport,Austin,Texas,America/Chicago,30.39749,-97.56639
EDE,Northeastern Regional Airport,Edenton,North Carolina,America/New_York,36.02859,-76.56977
EDF,Elmendorf Afb Airport,Anchorage,Alaska,America/Anchorage,61.25135,-149.80653
EDK,El Dorado/Capt Jack Thomas Memorial Airport,El Dorado,Kansas,America/Chicago,37.77411,-96.81772
EDW,Edwards Afb Airport,Edwards,California,America/Los_Angeles,34.90809,-117.88553
EED,Needles Airport,Needles,California,America/Los_Angeles,34.76635,-114.62328
EEK,Eek Airport,Eek,Alaska,America/Anchorage,60.21369,-162.04389
EEN,Dillant/Hopkins Airport,Keene,New Hampshire,America/New_York,42.89839,-72.27078
EFD,Ellington Airport,Houston,Texas,America/Chicago,29.60733,-95.15875
EFK,Northeast Kingdom International Airport,Newport,Vermont,America/New_York,44.88818,-72.22863
EFW,Jefferson Municipal Airport,Jefferson,Iowa,America/Chicago,42.00983,-94.34181
EGE,Eagle County Regional Airport,Eagle,Colorado,America/Denver,39.64275,-106.91594
EGI,"Duke Field,(Eglin Af Aux Nr 3) Airport",Crestview,Florida,America/Chicago,30.64859,-86.52196
EGP,Maverick County Memorial International Airport,Eagle Pass,Texas,America/Chicago,28.85709,-100.51347
EGV,Eagle River Union Airport,Eagle River,Wisconsin,America/Chicago,45.93233,-89.26828
EGX,Egegik Airport,Egegik,Alaska,America/Anchorage,58.18549,-157.37543
EHM,Cape Newenham Lrrs Airport,Cape Newenham,Alaska,America/Anchorage,58.64815,-162.0638
EIL,Eielson Afb Airport,Fairbanks,Alaska,America/Anchorage,64.66564,-147.10143
EKA,Murray Field,Eureka,California,America/Los_Angeles,40.8034,-124.11279
EKI,Elkhart Municipal Airport,Elkhart,Indiana,America/Indiana/Indianapolis,41.71941,-86.00322
EKN,Elkins/Randolph County (Jennings Randolph Field) Airport,Elkins,West Virginia,America/New_York,38.88944,-79.85714
EKO,Elko Regional Airport,Elko,Nevada,America/Los_Angeles,40.825,-115.79134
EKX,Addington Field,Elizabethtown,Kentucky,America/New_York,37.686,-85.92503
ELA,Eagle Lake Airport,Eagle Lake,Texas,America/Chicago,29.60003,-96.32194
ELD,South Arkansas Regional At Goodwin Field,El Dorado,Arkansas,America/Chicago,33.22124,-92.81175
ELI,Elim Airport,Elim,Alaska,America/Anchorage,64.61497,-162.27053
ELK,Elk City Regional Business Airport,Elk City,Oklahoma,America/Chicago,35.43078,-99.39428
ELM,Elmira/Corning Regional Airport,Elmira/Corning,New York,America/New_York,42.15986,-76.89175
ELN,Bowers Field,Ellensburg,Washington,America/Los_Angeles,47.03485,-120.52886
ELP,El Paso International Airport,El Paso,Texas,America/Denver,31.80733,-106.37636
ELY,Ely/Yelland Field,Ely,Nevada,America/Los_Angeles,39.29969,-114.84188
ELZ,Wellsville Municipal/Tarantine Field,Wellsville,New York,America/New_York,42.10952,-77.98998
EMK,Emmonak Airport,Emmonak,Alaska,America/Anchorage,62.78614,-164.49075
EMM,Kemmerer Municipal Airport,Kemmerer,Wyoming,America/Denver,41.82408,-110.55694
EMP,Emporia Municipal Airport,Emporia,Kansas,America/Chicago,38.33056,-96.18993
EMT,San Gabriel Valley Airport,El Monte,California,America/Los_Angeles,34.08601,-118.03485
ENA,Kenai Municipal Airport,Kenai,Alaska,America/Anchorage,60.57328,-151.24483
END,Vance Afb Airport,Enid,Oklahoma,America/Chicago,36.33981,-97.91724
ENL,Centralia Municipal Airport,Centralia,Illinois,America/Chicago,38.51508,-89.09114
ENN,Nenana Municipal Airport,Nenana,Alaska,America/Anchorage,64.5473,-149.07393
ENV,Wendover Airport,Wendover,Utah,America/Denver,40.71872,-114.02867
ENW,Kenosha Regional Airport,Kenosha,Wisconsin,America/Chicago,42.59606,-87.92732
EOK,Keokuk Municipal Airport,Keokuk,Iowa,America/Chicago,40.45991,-91.4285
EOS,Neosho Hugh Robinson Airport,Neosho,Missouri,America/Chicago,36.81081,-94.39169
EPG,Browns Airport,Weeping Water,Nebraska,America/Chicago,40.86865,-96.10879
EPH,Ephrata Municipal Airport,Ephrata,Washington,America/Los_Angeles,47.30807,-119.51691
ERI,Erie International/Tom Ridge Field,Erie,Pennsylvania,America/New_York,42.08308,-80.17394
ERR,Errol Airport,Errol,New Hampshire,America/New_York,44.79217,-71.16452
ERV,Kerrville Municipal/Louis Schreiner Field,Kerrville,Texas,America/Chicago,29.97667,-99.08547
ESC,Delta County Airport,Escanaba,Michigan,America/New_York,45.72267,-87.09372
ESD,Orcas Island Airport,Eastsound,Washington,America/Los_Angeles,48.70834,-122.9106
ESF,Esler Regional Airport,Alexandria,Louisiana,America/Chicago,31.3949,-92.29577
ESN,Easton/Newnam Field,Easton,Maryland,America/New_York,38.80416,-76.06899
ESO,Ohkay Owingeh Airport,Espanola,New Mexico,America/Denver,36.02612,-106.04542
EST,Estherville Municipal Airport,Estherville,Iowa,America/Chicago,43.40747,-94.74639
ESW,Easton State Airport,Easton,Washington,America/Los_Angeles,47.25418,-121.18553
ETB,West Bend Municipal Airport,West Bend,Wisconsin,America/Chicago,43.42217,-88.12793
ETN,Eastland Municipal Airport,Eastland,Texas,America/Chicago,32.41489,-98.80969
ETS,Enterprise Municipal Airport,Enterprise,Alabama,America/Chicago,31.29972,-85.89983
EUE,Eureka Airport,Eureka,Nevada,America/Los_Angeles,39.60375,-116.00361
EUF,Weedon Field,Eufaula,Alabama,America/Chicago,31.95131,-85.12892
EUG,Mahlon Sweet Field,Eugene,Oregon,America/Los_Angeles,44.12458,-123.21197
EVM,Eveleth/Virginia Municipal Airport,Eveleth,Minnesota,America/Chicago,47.42417,-92.49656
EVV,Evansville Regional Airport,Evansville,Indiana,America/Chicago,38.0408,-87.52849
EVW,Evanston-Uinta County Burns Field,Evanston,Wyoming,America/Denver,41.27479,-111.03463
EWB,New Bedford Regional Airport,New Bedford,Massachusetts,America/New_York,41.67657,-70.95784
EWK,Newton-City-County Airport,Newton,Kansas,America/Chicago,38.05708,-97.27521
EWN,Coastal Carolina Regional Airport,New Bern,North Carolina,America/New_York,35.07285,-77.04302
EWR,Newark Liberty International Airport,Newark,New Jersey,America/New_York,40.69248,-74.16869
EYR,Yerington Municipal Airport,Yerington,Nevada,America/Los_Angeles,39.0054,-119.15654
EYW,Key West International Airport,Key West,Florida,America/New_York,24.55612,-81.75996
FAF,Felker Army Air Field,Fort Eustis,Virginia,America/New_York,37.13261,-76.60894
FAI,Fairbanks International Airport,Fairbanks,Alaska,America/Anchorage,64.81536,-147.85667
FAM,Farmington Regional Airport,Farmington,Missouri,America/Chicago,37.76089,-90.42867
FAR,Hector International Airport,Fargo,North Dakota,America/Chicago,46.92064,-96.81575
FAT,Fresno Yosemite International Airport,Fresno,California,America/Los_Angeles,36.77656,-119.71883
FAY,Fayetteville Regional/Grannis Field,Fayetteville,North Carolina,America/New_York,34.99121,-78.88027
FBG,Simmons Army Air Field,Fort Bragg,North Carolina,America/New_York,35.1321,-78.93535
FBK,Ladd Army Air Field,Fairbanks/Ft Wainwright,Alaska,America/Anchorage,64.83761,-147.61449
FBL,Faribault Municipal-Liz Wall Strohfus Field,Faribault,Minnesota,America/Chicago,44.32897,-93.31307
FBR,Fort Bridger Airport,Fort Bridger,Wyoming,America/Denver,41.39333,-110.40597
FBY,Fairbury Municipal Airport,Fairbury,Nebraska,America/Chicago,40.18197,-97.16789
FCA,Glacier Park International Airport,Kalispell,Montana,America/Denver,48.3105,-114.256
FCH,Fresno Chandler Executive Airport,Fresno,California,America/Los_Angeles,36.73212,-119.82033
FCM,Flying Cloud Airport,Minneapolis,Minnesota,America/Chicago,44.82751,-93.45857
FCS,Butts Army Air Field (Fort Carson) Airport,Fort Carson,Colorado,America/Denver,38.6783,-104.75648
FCY,Hutfly Airport,Forrest City,Arkansas,America/Chicago,34.942,-90.77497
FDK,Frederick Municipal Airport,Frederick,Maryland,America/New_York,39.41702,-77.37473
FDR,Frederick Regional Airport,Frederick,Oklahoma,America/Chicago,34.3521,-98.98391
FDY,Findlay Airport,Findlay,Ohio,America/New_York,41.01203,-83.66861
FEP,Albertus Airport,Freeport,Illinois,America/Chicago,42.24612,-89.58198
FET,Fremont Municipal Airport,Fremont,Nebraska,America/Chicago,41.44994,-96.52119
FFA,First Flight Airport,Kill Devil Hills,North Carolina,America/New_York,36.01758,-75.67158
FFL,Fairfield Municipal Airport,Fairfield,Iowa,America/Chicago,41.05572,-91.98082
FFM,Fergus Falls Regional Airport,Fergus Falls,Minnesota,America/Chicago,46.2844,-96.15669
FFO,Wright-Patterson Afb Airport,Dayton,Ohio,America/New_York,39.82597,-84.0461
FFT,Capital City Airport,Frankfort,Kentucky,America/New_York,38.18173,-84.90675
FHU,Sierra Vista Municipal-Libby Army Air Field,Fort Huachuca Sierra Vista,Arizona,America/Phoenix,31.58846,-110.34437
FID,Elizabeth Field,Fishers Island,New York,America/New_York,41.25214,-72.03164
FIL,Fillmore Municipal Airport,Fillmore,Utah,America/Denver,38.95814,-112.36314
FKL,Venango Regional Airport,Franklin,Pennsylvania,America/New_York,41.37742,-79.86064
FKN,Franklin Regional Airport,Franklin,Virginia,America/New_York,36.7003,-76.90214
FLD,Fond Du Lac County Airport,Fond Du Lac,Wisconsin,America/Chicago,43.77117,-88.48842
FLG,Flagstaff Pulliam Airport,Flagstaff,Arizona,America/Phoenix,35.14032,-111.66924
FLL,Fort Lauderdale/Hollywood International Airport,Fort Lauderdale,Florida,America/New_York,26.07167,-80.14969
FLO,Florence Regional Airport,Florence,South Carolina,America/New_York,34.18536,-79.72388
FLP,Marion County Regional Airport,Flippin,Arkansas,America/Chicago,36.29089,-92.59025
FLT,Flat Airport,Flat,Alaska,America/Anchorage,62.45278,-157.98675
FLV,Sherman Army Air Field,Fort Leavenworth,Kansas,America/Chicago,39.36758,-94.91434
FLX,Fallon Municipal Airport,Fallon,Nevada,America/Los_Angeles,39.49917,-118.74879
FME,Fort Meade Executive Airport,Fort Meade (Odenton),Maryland,America/New_York,39.08533,-76.75946
FMH,Cape Cod Coast Guard Air Station,Falmouth,Massachusetts,America/New_York,41.65914,-70.52281
FMN,Four Corners Regional Airport,Farmington,New Mexico,America/Denver,36.74125,-108.22994
FMS,Fort Madison Municipal Airport,Fort Madison,Iowa,America/Chicago,40.65911,-91.32775
FMU,Florence Municipal Airport,Florence,Oregon,America/Los_Angeles,43.98282,-124.11137
FMY,Page Field,Fort Myers,Florida,America/New_York,26.58661,-81.86325
FNL,Northern Colorado Regional Airport,Fort Collins/Loveland,Colorado,America/Denver,40.45182,-105.01133
FNT,Bishop International Airport,Flint,Michigan,America/New_York,42.96546,-83.74474
FOB,Fort Bragg Airport,Fort Bragg,California,America/Los_Angeles,39.47433,-123.79557
FOD,Fort Dodge Regional Airport,Fort Dodge,Iowa,America/Chicago,42.55119,-94.19183
FOE,Topeka Regional Airport,Topeka,Kansas,America/Chicago,38.95095,-95.66361
FOK,Francis S Gabreski Airport,Westhampton Beach,New York,America/New_York,40.84362,-72.63181
FPR,Treasure Coast International Airport,Fort Pierce,Florida,America/New_York,27.49747,-80.37264
FPY,Perry-Foley Airport,Perry,Florida,America/New_York,30.07081,-83.58154
FRD,Friday Harbor Airport,Friday Harbor,Washington,America/Los_Angeles,48.52197,-123.02436
FRG,Republic Airport,Farmingdale,New York,America/New_York,40.72927,-73.41342
FRH,French Lick Municipal Airport,French Lick,Indiana,America/Indiana/Indianapolis,38.50622,-86.63694
FRI,Marshall Army Air Field,Fort Riley (Junction City),Kansas,America/Chicago,39.05264,-96.76451
FRM,Fairmont Municipal Airport,Fairmont,Minnesota,America/Chicago,43.64394,-94.41562
FRN,Bryant Army Air Field,Fort Richardson (Anchorage),Alaska,America/Anchorage,61.2659,-149.65331
FRR,Front Royal-Warren County Airport,Front Royal,Virginia,America/New_York,38.91751,-78.25337
FRY,White Mountain Regional Airport,Fryeburg,Maine,America/New_York,43.99114,-70.94789
FSD,Joe Foss Field,Sioux Falls,South Dakota,America/Chicago,43.58202,-96.74192
FSI,Henry Post Army Air Field (Fort Sill) Airport,Fort Sill,Oklahoma,America/Chicago,34.64983,-98.40219
FSK,Fort Scott Municipal Airport,Fort Scott,Kansas,America/Chicago,37.79836,-94.76936
FSM,Fort Smith Regional Airport,Fort Smith,Arkansas,America/Chicago,35.33665,-94.36611
FST,Fort Stockton-Pecos County Airport,Fort Stockton,Texas,America/Chicago,30.91525,-102.91278
FSU,Fort Sumner Municipal Airport,Fort Sumner,New Mexico,America/Denver,34.48875,-104.21642
FTI,Fitiuta Airport,Fitiuta Village,,Pacific/Pago_Pago,-14.21611,-169.42355
FTK,Godman Army Air Field,Fort Knox,Kentucky,America/New_York,37.90707,-85.97204
FTW,Fort Worth Meacham International Airport,Fort Worth,Texas,America/Chicago,32.81977,-97.36245
FTY,Fulton County Executive/Charlie Brown Field,Atlanta,Georgia,America/New_York,33.78012,-84.52071
FUL,Fullerton Municipal Airport,Fullerton,California,America/Los_Angeles,33.87201,-117.97978
FWA,Fort Wayne International Airport,Fort Wayne,Indiana,America/New_York,40.97847,-85.19517
FWH,Fort Worth Nas Jrb (Carswell Field) Airport,Fort Worth,Texas,America/Chicago,32.76919,-97.44154
FWL,Farewell Airport,Farewell,Alaska,America/Anchorage,62.50918,-153.89063
FXE,Fort Lauderdale Executive Airport,Fort Lauderdale,Florida,America/New_York,26.19728,-80.17071
FXY,Forest City Municipal/Trimble Field,Forest City,Iowa,America/Chicago,43.23476,-93.6241
FYM,Fayetteville Municipal Airport,Fayetteville,Tennessee,America/Chicago,35.05969,-86.564
FYU,Fort Yukon Airport,Fort Yukon,Alaska,America/Anchorage,66.57242,-145.24633
FYV,Drake Field,Fayetteville,Arkansas,America/Chicago,36.0051,-94.17006
GAB,Gabbs Airport,Gabbs,Nevada,America/Los_Angeles,38.92226,-117.95856
GAD,Northeast Alabama Regional Airport,Gadsden,Alabama,America/Chicago,33.9704,-86.09129
GAG,Gage Airport,Gage,Oklahoma,America/Chicago,36.29577,-99.7765
GAI,Montgomery County Airpark,Gaithersburg,Maryland,America/New_York,39.16833,-77.166
GAL,Edward G Pitka Sr Airport,Galena,Alaska,America/Anchorage,64.73619,-156.93455
GAM,Gambell Airport,Gambell,Alaska,America/Anchorage,63.76662,-171.73278
GBD,Great Bend Municipal Airport,Great Bend,Kansas,America/Chicago,38.34425,-98.8592
GBG,Harrel W Timmons Galesburg Regional Airport,Galesburg,Illinois,America/Chicago,40.938,-90.43112
GBH,Galbraith Lake Airport,Galbraith Lake,Alaska,America/Anchorage,68.47967,-149.48992
GBR,Great Barrington Airport,Great Barrington,Massachusetts,America/New_York,42.18421,-73.40324
GCC,Northeast Wyoming Regional Airport,Gillette,Wyoming,America/Denver,44.34891,-105.53937
GCD,Grand Coulee Dam Airport,Electric City,Washington,America/Los_Angeles,47.92206,-119.083
GCK,Garden City Regional Airport,Garden City,Kansas,America/Chicago,37.92753,-100.72442
GCN,Grand Canyon Ntl Park Airport,Grand Canyon,Arizona,America/Phoenix,35.95236,-112.14697
GCT,Grand Canyon Bar Ten Airstrip,Whitmore,Arizona,America/Phoenix,36.2565,-113.23089
GCW,Grand Canyon West Airport,Peach Springs,Arizona,America/Phoenix,35.98611,-113.81692
GCY,Greeneville Municipal Airport,Greeneville,Tennessee,America/New_York,36.19573,-82.81137
GDC,Donaldson Field,Greenville,South Carolina,America/New_York,34.75831,-82.37641
GDM,Gardner Municipal Airport,Gardner,Massachusetts,America/New_York,42.54988,-72.01602
GDV,Dawson Community Airport,Glendive,Montana,America/Denver,47.13872,-104.80722
GDW,Gladwin Zettel Memorial Airport,Gladwin,Michigan,America/New_York,43.97059,-84.47502
GED,Delaware Coastal Airport,Georgetown,Delaware,America/New_York,38.68763,-75.3593
GEG,Spokane International Airport,Spokane,Washington,America/Los_Angeles,47.61903,-117.53522
GEY,South Big Horn County Airport,Greybull,Wyoming,America/Denver,44.51794,-108.083
GFD,Pope Field,Greenfield,Indiana,America/Indiana/Indianapolis,39.79032,-85.73609
GFK,Grand Forks International Airport,Grand Forks,North Dakota,America/Chicago,47.94787,-97.17569
GFL,Floyd Bennett Memorial Airport,Glens Falls,New York,America/New_York,43.34122,-73.61031
GGE,Georgetown County Airport,Georgetown,South Carolina,America/New_York,33.31142,-79.32031
GGG,East Texas Regional Airport,Longview,Texas,America/Chicago,32.384,-94.7115
GGW,Wokal Field/Glasgow-Valley County Airport,Glasgow,Montana,America/Denver,48.21244,-106.61481
GHM,Centerville Municipal Airport,Centerville,Tennessee,America/Chicago,35.83742,-87.44538
GIF,Winter Haven Regional Airport,Winter Haven,Florida,America/New_York,28.06292,-81.75331
GJT,Grand Junction Regional Airport,Grand Junction,Colorado,America/Denver,39.1215,-108.52549
GKN,Gulkana Airport,Gulkana,Alaska,America/Anchorage,62.15434,-145.45529
GKT,Gatlinburg-Pigeon Forge Airport,Sevierville,Tennessee,America/New_York,35.85776,-83.5287
GLB,San Carlos Apache Airport,Globe,Arizona,America/Phoenix,33.35314,-110.66736
GLD,Renner Field/Goodland Municipal Airport,Goodland,Kansas,America/Denver,39.37074,-101.69873
GLE,Gainesville Municipal Airport,Gainesville,Texas,America/Chicago,33.65219,-97.19728
GLH,Greenville Mid-Delta Airport,Greenville,Mississippi,America/Chicago,33.48525,-90.98449
GLR,Gaylord Regional Airport,Gaylord,Michigan,America/Detroit,45.01303,-84.70344
GLS,Scholes International At Galveston Airport,Galveston,Texas,America/Chicago,29.26533,-94.86042
GLV,Golovin Airport,Golovin,Alaska,America/Anchorage,64.55046,-163.00717
GLW,Glasgow Municipal Airport,Glasgow,Kentucky,America/Chicago,37.03178,-85.95376
GMT,Granite Mountain Air Station,Granite Mountain,Alaska,America/Anchorage,65.40213,-161.28148
GMU,Greenville Downtown Airport,Greenville,South Carolina,America/New_York,34.84793,-82.35
GMV,Monument Valley Airport,Monument Valley,Utah,America/Denver,37.01667,-110.20068
GNF,Gansner Field,Quincy,California,America/Los_Angeles,39.94392,-120.94539
GNG,Gooding Municipal Airport,Gooding,Idaho,America/Boise,42.91708,-114.76634
GNT,Grants-Milan Municipal Airport,Grants,New Mexico,America/Denver,35.16728,-107.90206
GNU,Goodnews Airport,Goodnews,Alaska,America/Anchorage,59.11786,-161.57367
GNV,Gainesville Regional Airport,Gainesville,Florida,America/New_York,29.69006,-82.27178
GOK,Guthrie/Edmond Regional Airport,Guthrie,Oklahoma,America/Chicago,35.85126,-97.41609
GOL,Gold Beach Municipal Airport,Gold Beach,Oregon,America/Los_Angeles,42.41536,-124.42492
GON,Groton-New London Airport,Groton (New London),Connecticut,America/New_York,41.33006,-72.04514
GPT,Gulfport-Biloxi International Airport,Gulfport,Mississippi,America/Chicago,30.40727,-89.0701
GPZ,Grand Rapids/Itasca County-Gordon Newstrom Field,Grand Rapids,Minnesota,America/Chicago,47.20928,-93.50995
GQQ,Galion Municipal Airport,Galion,Ohio,America/New_York,40.75339,-82.72381
GRB,Green Bay/Austin Straubel International Airport,Green Bay,Wisconsin,America/Chicago,44.48463,-88.12971
GRD,Greenwood County Airport,Greenwood,South Carolina,America/New_York,34.25039,-82.15781
GRE,Greenville Airport,Greenville,Illinois,America/Chicago,38.83622,-89.37889
GRF,Gray Army Air Field (Joint Base Lewis-Mcchord) Airport,Fort Lewis/Tacoma,Washington,America/Los_Angeles,47.07922,-122.58078
GRI,Central Nebraska Regional Airport,Grand Island,Nebraska,America/Chicago,40.96754,-98.30964
GRK,Robert Gray Army Air Field,Fort Hood (Killeen),Texas,America/Chicago,31.06725,-97.82892
GRM,Grand Marais/Cook County Airport,Grand Marais,Minnesota,America/Chicago,47.83843,-90.38458
GRN,Gordon Municipal Airport,Gordon,Nebraska,America/Denver,42.80598,-102.17525
GRR,Gerald R Ford International Airport,Grand Rapids,Michigan,America/New_York,42.88083,-85.52281
GSB,Seymour Johnson Afb Airport,Goldsboro,North Carolina,America/New_York,35.33939,-77.96059
GSH,Goshen Municipal Airport,Goshen,Indiana,America/Indiana/Indianapolis,41.52613,-85.79433
GSO,Piedmont Triad International Airport,Greensboro,North Carolina,America/New_York,36.10133,-79.94112
GSP,Greenville Spartanburg International Airport,Greer,South Carolina,America/New_York,34.89567,-82.21886
GST,Gustavus Airport,Gustavus,Alaska,America/Anchorage,58.42528,-135.70742
GTF,Great Falls International Airport,Great Falls,Montana,America/Denver,47.4823,-111.37028
GTG,Grantsburg Municipal Airport,Grantsburg,Wisconsin,America/Chicago,45.79838,-92.66433
GTP,Grants Pass Airport,Grants Pass,Oregon,America/Los_Angeles,42.51012,-123.38799
GTR,Golden Triangle Regional Airport,Columbus/W Point/Starkville,Mississippi,America/Chicago,33.44828,-88.59139
GTY,Gettysburg Regional Airport,Gettysburg,Pennsylvania,America/New_York,39.84131,-77.27465
GUC,Gunnison-Crested Butte Regional Airport,Gunnison,Colorado,America/Denver,38.53433,-106.93175
GUF,Gulf Shores International/Jack Edwards Field,Gulf Shores,Alabama,America/Chicago,30.28964,-87.67178
GUM,Guam International Airport,Tamuning,,Pacific/Guam,13.48395,144.79713
GUP,Gallup Municipal Airport,Gallup,New Mexico,America/Denver,35.51106,-108.78931
GUS,Grissom Arb Airport,Peru,Indiana,America/Indiana/Indianapolis,40.64809,-86.15212
GUY,Guymon Municipal Airport,Guymon,Oklahoma,America/Chicago,36.68415,-101.50697
GVE,Gordonsville Municipal Airport,Gordonsville,Virginia,America/New_York,38.15598,-78.16578
GVL,Lee Gilmer Memorial Airport,Gainesville,Georgia,America/New_York,34.27263,-83.83023
GVT,Majors Airport,Greenville,Texas,America/Chicago,33.06783,-96.06533
GWO,Greenwood-Leflore Airport,Greenwood,Mississippi,America/Chicago,33.49331,-90.08668
GWS,Kgws Sumers Airpark,Glenwood Springs,Colorado,America/Denver,39.506,-107.30908
GWV,Fokker Field,Bush,Louisiana,America/Chicago,30.59317,-89.87348
GXY,Greeley-Weld County Airport,Greeley,Colorado,America/Denver,40.43742,-104.63322
GYR,Phoenix Goodyear Airport,Goodyear,Arizona,America/Phoenix,33.42328,-112.37536
GYY,Gary/Chicago International Airport,Gary/Chicago,Indiana,America/Chicago,41.61725,-87.41453
HAB,Marion County-Rankin Fite Airport,Hamilton,Alabama,America/Chicago,34.11694,-87.99822
HAF,Half Moon Bay Airport,Half Moon Bay,California,America/Los_Angeles,37.51344,-122.50117
HAI,Three Rivers Municipal/Dr Haines Airport,Three Rivers,Michigan,America/Detroit,41.95974,-85.59306
HAO,Butler County Regional/Hogan Field,Hamilton,Ohio,America/New_York,39.36375,-84.52194
HAR,Capital City Airport,Harrisburg,Pennsylvania,America/New_York,40.21714,-76.85136
HBB,Industrial Airpark,Hobbs,New Mexico,America/Denver,32.76678,-103.20882
HBG,Hattiesburg Bobby L Chain Municipal Airport,Hattiesburg,Mississippi,America/Chicago,31.26494,-89.25289
HBK,Holbrook Municipal Airport,Holbrook,Arizona,America/Phoenix,34.94072,-110.1385
HBR,Hobart Regional Airport,Hobart,Oklahoma,America/Chicago,34.98992,-99.05306
HCA,Big Spring/Mc Mahon-Wrinkle Airport,Big Spring,Texas,America/Chicago,32.21262,-101.52165
HCC,Columbia County Airport,Hudson,New York,America/New_York,42.29129,-73.71032
HCR,Holy Cross Airport,Holy Cross,Alaska,America/Anchorage,62.18831,-159.77494
HCW,Cheraw Municipal/Lynch Bellinger Field,Cheraw,South Carolina,America/New_York,34.71286,-79.957
HDE,Brewster Field,Holdrege,Nebraska,America/Chicago,40.45181,-99.33603
HDH,Kawaihapai Airfield,Mokuleia,Hawaii,Pacific/Honolulu,21.57947,-158.19728
HDN,Yampa Valley Airport,Hayden,Colorado,America/Denver,40.48119,-107.21767
HED,Herendeen Bay Airport,Herendeen Bay,Alaska,America/Anchorage,55.80139,-160.89925
HEE,Thompson-Robbins Airport,Helena/West Helena,Arkansas,America/Chicago,34.57649,-90.67589
HES,Hermiston Municipal Airport,Hermiston,Oregon,America/Los_Angeles,45.82822,-119.25917
HEZ,Hardy-Anders Field/Natchez-Adams County Airport,Natchez,Mississippi,America/Chicago,31.61366,-91.29734
HFD,Hartford-Brainard Airport,Hartford,Connecticut,America/New_York,41.73671,-72.64943
HFF,Mackall Army Air Field,Camp Mackall,North Carolina,America/New_York,35.0363,-79.49751
HGR,Hagerstown Regional/Richard A Henson Field,Hagerstown,Maryland,America/New_York,39.7085,-77.7265
HGZ,Hog River Airport,Hogatza,Alaska,America/Anchorage,66.17613,-155.68482
HHH,Hilton Head Airport,Hilton Head Island,South Carolina,America/New_York,32.22449,-80.6974
HHI,Wheeler Army Air Field,Wahiawa,Hawaii,Pacific/Honolulu,21.48144,-158.03783
HHR,Jack Northrop Field/Hawthorne Municipal Airport,Hawthorne,California,America/Los_Angeles,33.92286,-118.33508
HIB,Range Regional Airport,Hibbing,Minnesota,America/Chicago,47.38658,-92.83898
HIE,Mount Washington Regional Airport,Whitefield,New Hampshire,America/New_York,44.36756,-71.54581
HIF,Hill Afb Airport,Ogden,Utah,America/Denver,41.12394,-111.97306
HII,Lake Havasu City Airport,Lake Havasu City,Arizona,America/Phoenix,34.57112,-114.35828
HIO,Portland-Hillsboro Airport,Portland,Oregon,America/Los_Angeles,45.54212,-122.95072
HKA,Blytheville Municipal Airport,Blytheville,Arkansas,America/Chicago,35.94041,-89.8308
HKS,Hawkins Field,Jackson,Mississippi,America/Chicago,32.33478,-90.22253
HKY,Hickory Regional Airport,Hickory,North Carolina,America/New_York,35.74115,-81.38955
HLB,Batesville Airport,Batesville,Indiana,America/Indiana/Indianapolis,39.34311,-85.25842
HLC,Hill City Municipal Airport,Hill City,Kansas,America/Chicago,39.38019,-99.83147
HLG,Wheeling Ohio County Airport,Wheeling,West Virginia,America/New_York,40.17501,-80.64627
HLI,Hollister Municipal Airport,Hollister,California,America/Los_Angeles,36.89335,-121.41027
HLN,Helena Regional Airport,Helena,Montana,America/Denver,46.60672,-111.98328
HLR,Yoakum-Defrenn Army Heliport,Fort Hood (Killeen),Texas,America/Chicago,31.13759,-97.71409
HMN,Holloman Afb Airport,Alamogordo,New Mexico,America/Denver,32.85186,-106.10854
HMT,Hemet-Ryan Airport,Hemet,California,America/Los_Angeles,33.73403,-117.02231
HNB,Huntingburg Airport,Huntingburg,Indiana,America/Indiana/Vincennes,38.24902,-86.95282
HNC,Billy Mitchell Airport,Hatteras,North Carolina,America/New_York,35.23281,-75.61781
HNH,Hoonah Airport,Hoonah,Alaska,America/Anchorage,58.0962,-135.40876
HNL,Daniel K Inouye International Airport,Honolulu,Hawaii,Pacific/Honolulu,21.31782,-157.92025
HNM,Hana Airport,Hana,Hawaii,Pacific/Honolulu,20.79564,-156.01444
HNS,Haines Airport,Haines,Alaska,America/Anchorage,59.24383,-135.52354
HOB,Lea County Regional Airport,Hobbs,New Mexico,America/Denver,32.68735,-103.21753
HOM,Homer Airport,Homer,Alaska,America/Anchorage,59.64555,-151.4766
HON,Huron Regional Airport,Huron,South Dakota,America/Chicago,44.38519,-98.22856
HOP,Campbell Army Air Field (Fort Campbell) Airport,Fort Campbell/Hopkinsville,Kentucky,America/Chicago,36.67296,-87.49182
HOT,Memorial Field,Hot Springs,Arkansas,America/Chicago,34.47803,-93.09622
HOU,William P Hobby Airport,Houston,Texas,America/Chicago,29.6458,-95.27723
HPB,Hooper Bay Airport,Hooper Bay,Alaska,America/Anchorage,61.52387,-166.14662
HPN,Westchester County Airport,White Plains,New York,America/New_York,41.06695,-73.70757
HPT,Hampton Municipal Airport,Hampton,Iowa,America/Chicago,42.72369,-93.22633
HPV,Princeville Airport,Hanalei,Hawaii,Pacific/Honolulu,22.20919,-159.44553
HPY,Baytown Airport,Baytown,Texas,America/Chicago,29.78608,-94.95267
HQM,Bowerman Field,Hoquiam,Washington,America/Los_Angeles,46.97119,-123.93656
HRL,Valley International Airport,Harlingen,Texas,America/Chicago,26.22656,-97.65531
HRO,Boone County Airport,Harrison,Arkansas,America/Chicago,36.26152,-93.15473
HSB,Harrisburg-Raleigh Airport,Harrisburg,Illinois,America/Chicago,37.81126,-88.55026
HSH,Henderson Executive Airport,Las Vegas,Nevada,America/Los_Angeles,35.97286,-115.13438
HSI,Hastings Municipal Airport,Hastings,Nebraska,America/Chicago,40.60525,-98.42789
HSL,Huslia Airport,Huslia,Alaska,America/Anchorage,65.69786,-156.35139
HSP,Ingalls Field,Hot Springs,Virginia,America/New_York,37.95145,-79.83389
HST,Homestead Arb Airport,Homestead,Florida,America/New_York,25.48855,-80.38357
HSV,Huntsville International-Carl T Jones Field,Huntsville,Alabama,America/Chicago,34.6372,-86.77505
HTH,Hawthorne Industrial Airport,Hawthorne,Nevada,America/Los_Angeles,38.54508,-118.6324
HTL,Roscommon County/Blodgett Memorial Airport,Houghton Lake,Michigan,America/Detroit,44.35987,-84.66948
HTO,East Hampton Town Airport,East Hampton,New York,America/New_York,40.95942,-72.25167
HTS,Tri-State/Milton J Ferguson Field,Huntington,West Virginia,America/New_York,38.36851,-82.56036
HTV,Huntsville Municipal Airport,Huntsville,Texas,America/Chicago,30.74689,-95.58717
HTW,Lawrence County Airpark,Chesapeake/Huntington Wva,Ohio,America/New_York,38.41911,-82.49483
HUA,Redstone Army Air Field,Redstone Arsnl Huntsville,Alabama,America/Chicago,34.67866,-86.68479
HUC,Dr Hermenegildo Ortiz Quinones Airport,Humacao,Puerto Rico,America/Puerto_Rico,18.13806,-65.80069
HUD,Humboldt Municipal Airport,Humboldt,Iowa,America/Chicago,42.73486,-94.24547
HUF,Terre Haute Regional Airport,Terre Haute,Indiana,America/Indiana/Indianapolis,39.45063,-87.30699
HUJ,Stan Stamper Municipal Airport,Hugo,Oklahoma,America/Chicago,34.03364,-95.54206
HUL,Houlton International Airport,Houlton,Maine,America/New_York,46.12461,-67.79236
HUM,Houma-Terrebonne Airport,Houma,Louisiana,America/Chicago,29.5665,-90.66043
HUS,Hughes Airport,Hughes,Alaska,America/Anchorage,66.03908,-154.26469
HUT,Hutchinson Regional Airport,Hutchinson,Kansas,America/Chicago,38.06616,-97.86049
HVE,Hanksville Airport,Hanksville,Utah,America/Denver,38.41942,-110.70292
HVN,Tweed/New Haven Airport,New Haven,Connecticut,America/New_York,41.26373,-72.88773
HVR,Havre City-County Airport,Havre,Montana,America/Denver,48.54299,-109.76234
HVS,Hartsville Regional Airport,Hartsville,South Carolina,America/New_York,34.40308,-80.11922
HWD,Hayward Executive Airport,Hayward,California,America/Los_Angeles,37.65893,-122.12174
HWO,North Perry Airport,Hollywood,Florida,America/New_York,26.00126,-80.24069
HYA,Cape Cod Gateway Airport,Hyannis,Massachusetts,America/New_York,41.66934,-70.28036
HYL,Clark Bay Seaplane Base,Hollis,Alaska,America/Anchorage,55.49042,-132.62356
HYR,Sawyer County Airport,Hayward,Wisconsin,America/Chicago,46.02527,-91.44426
HYS,Hays Regional Airport,Hays,Kansas,America/Chicago,38.84222,-99.27317
HZL,Hazleton Regional Airport,Hazleton,Pennsylvania,America/New_York,40.98677,-75.9947
IAB,Mc Connell Afb Airport,Wichita,Kansas,America/Chicago,37.62312,-97.26763
IAD,Washington Dulles International Airport,Washington,District of Columbia,America/New_York,38.94746,-77.45993
IAG,Niagara Falls International Airport,Niagara Falls,New York,America/New_York,43.10841,-78.9462
IAH,George Bush Intcntl/Houston Airport,Houston,Texas,America/Chicago,29.98444,-95.34144
IAN,Bob Baker Memorial Airport,Kiana,Alaska,America/Anchorage,66.97618,-160.4386
ICL,Schenck Field,Clarinda,Iowa,America/Chicago,40.72219,-95.02661
ICS,Cascade Airport,Cascade,Idaho,America/Boise,44.49233,-116.01478
ICT,Wichita Dwight D Eisenhower Ntl Airport,Wichita,Kansas,America/Chicago,37.64995,-97.43304
ICY,Icy Bay Airport,Icy Bay,Alaska,America/Anchorage,59.96902,-141.66177
IDA,Idaho Falls Regional Airport,Idaho Falls,Idaho,America/Boise,43.51367,-112.07082
IDG,Ida Grove Municipal Airport,Ida Grove,Iowa,America/Chicago,42.3326,-95.44489
IDH,Idaho County Airport,Grangeville,Idaho,America/Los_Angeles,45.94267,-116.12303
IDI,Indiana County/Jimmy Stewart Field,Indiana,Pennsylvania,America/New_York,40.63106,-79.10153
IDP,Independence Municipal Airport,Independence,Kansas,America/Chicago,37.15793,-95.77895
IFA,Iowa Falls Municipal Airport,Iowa Falls,Iowa,America/Chicago,42.47136,-93.27072
IFP,Laughlin/Bullhead International Airport,Bullhead City,Arizona,America/Phoenix,35.15461,-114.55933
IGG,Igiugig Airport,Igiugig,Alaska,America/Anchorage,59.32404,-155.90177
IGM,Kingman Airport,Kingman,Arizona,America/Phoenix,35.25948,-113.93805
IJX,Jacksonville Municipal Airport,Jacksonville,Illinois,America/Chicago,39.77461,-90.23828
IKB,Wilkes County Airport,North Wilkesboro,North Carolina,America/New_York,36.2236,-81.09861
IKK,Greater Kankakee Airport,Kankakee,Illinois,America/Chicago,41.07139,-87.84628
IKO,Nikolski Air Station,Nikolski,Alaska,America/Adak,52.94156,-168.84903
ILE,Skylark Field,Killeen,Texas,America/Chicago,31.08583,-97.6865
ILG,New Castle Airport,Wilmington,Delaware,America/New_York,39.67871,-75.60663
ILI,Iliamna Airport,Iliamna,Alaska,America/Anchorage,59.75558,-154.91775
ILL,Willmar Municipal/John L Rice Field,Willmar,Minnesota,America/Chicago,45.11703,-95.12933
ILM,Wilmington International Airport,Wilmington,North Carolina,America/New_York,34.27115,-77.90289
ILN,Wilmington Air Park,Wilmington,Ohio,America/New_York,39.42792,-83.79211
IML,Imperial Municipal Airport,Imperial,Nebraska,America/Denver,40.51033,-101.62015
IMM,Immokalee Regional Airport,Immokalee,Florida,America/New_York,26.43371,-81.40048
IMT,Ford Airport,Iron Mountain Kingsford,Michigan,America/Chicago,45.81836,-88.11454
IND,Indianapolis International Airport,Indianapolis,Indiana,America/New_York,39.71731,-86.29464
INK,Winkler County Airport,Wink,Texas,America/Chicago,31.77981,-103.20169
INL,Falls International/Einarson Field,International Falls,Minnesota,America/Chicago,48.56559,-93.40218
INS,Creech Afb Airport,Indian Springs,Nevada,America/Los_Angeles,36.58634,-115.67737
INT,Smith Reynolds Airport,Winston Salem,North Carolina,America/New_York,36.13371,-80.22199
INW,Winslow-Lindbergh Regional Airport,Winslow,Arizona,America/Phoenix,35.02191,-110.72252
IOW,Iowa City Municipal Airport,Iowa City,Iowa,America/Chicago,41.63963,-91.54789
IPL,Imperial County Airport,Imperial,California,America/Los_Angeles,32.83422,-115.57875
IPT,Williamsport Regional Airport,Williamsport,Pennsylvania,America/New_York,41.24167,-76.92181
IRB,Iraan Municipal Airport,Iraan,Texas,America/Chicago,30.90622,-101.88981
IRC,Circle City Airport,Circle,Alaska,America/Anchorage,65.82792,-144.0762
IRK,Kirksville Regional Airport,Kirksville,Missouri,America/Chicago,40.09347,-92.54492
IRS,Kirsch Municipal Airport,Sturgis,Michigan,America/Detroit,41.81329,-85.43896
ISM,Kissimmee Gateway Airport,Orlando,Florida,America/New_York,28.28981,-81.43708
ISO,Kinston Regional Jetport At Stallings Field,Kinston,North Carolina,America/New_York,35.33143,-77.60883
ISP,Long Island Mac Arthur Airport,New York,New York,America/New_York,40.79614,-73.10067
ISQ,Schoolcraft County Airport,Manistique,Michigan,America/Detroit,45.97464,-86.17183
ISS,Wiscasset Airport,Wiscasset,Maine,America/New_York,43.96142,-69.71256
ISW,Alexander Field South Wood County Airport,Wisconsin Rapids,Wisconsin,America/Chicago,44.36036,-89.83904
ITH,Ithaca Tompkins International Airport,Ithaca,New York,America/New_York,42.49137,-76.45873
ITO,Hilo International Airport,Hilo,Hawaii,Pacific/Honolulu,19.72026,-155.04847
IWD,Gogebic/Iron County Airport,Ironwood,Michigan,America/Menominee,46.52748,-90.13139
IWS,West Houston Airport,Houston,Texas,America/Chicago,29.81819,-95.67261
IYK,Inyokern Airport,Inyokern,California,America/Los_Angeles,35.65874,-117.82953
JAC,Jackson Hole Airport,Jackson,Wyoming,America/Denver,43.60734,-110.73775
JAN,Jackson-Medgar Wiley Evers International Airport,Jackson,Mississippi,America/Chicago,32.31117,-90.07589
JAS,Jasper County/Bell Field,Jasper,Texas,America/Chicago,30.88569,-94.03494
JAX,Jacksonville International Airport,Jacksonville,Florida,America/New_York,30.49405,-81.68785
JBR,Jonesboro Municipal Airport,Jonesboro,Arkansas,America/Chicago,35.83171,-90.64642
JCI,New Century Aircenter Airport,Olathe,Kansas,America/Chicago,38.83092,-94.89031
JCT,Kimble County Airport,Junction,Texas,America/Chicago,30.51111,-99.76289
JCY,Lbj Ranch Airport,Johnson City,Texas,America/Chicago,30.25181,-98.62253
JDA,Grant County Regional/Ogilvie Field,John Day,Oregon,America/Los_Angeles,44.40298,-118.96765
JDN,Jordan Airport,Jordan,Montana,America/Denver,47.32875,-106.95269
JEF,Jefferson City Memorial Airport,Jefferson City,Missouri,America/Chicago,38.59117,-92.15614
JFK,John F Kennedy International Airport,New York,New York,America/New_York,40.63993,-73.77869
JFN,Northeast Ohio Regional Airport,Ashtabula,Ohio,America/New_York,41.77778,-80.69678
JHM,Kapalua Airport,Lahaina,Hawaii,Pacific/Honolulu,20.96294,-156.67303
JHW,Chautauqua County/Jamestown Airport,Jamestown,New York,America/New_York,42.15339,-79.25802
JKV,Cherokee County Airport,Jacksonville,Texas,America/Chicago,31.86933,-95.2174
JLA,Quartz Creek Airport,Cooper Landing,Alaska,America/Anchorage,60.48426,-149.7229
JLN,Joplin Regional Airport,Joplin,Missouri,America/Chicago,37.15317,-94.49881
JMS,Jamestown Regional Airport,Jamestown,North Dakota,America/Chicago,46.92972,-98.67819
JNU,Juneau International Airport,Juneau,Alaska,America/Anchorage,58.35471,-134.57847
JOT,Joliet Regional Airport,Joliet,Illinois,America/Chicago,41.51774,-88.1754
JRF,Kalaeloa (John Rodgers Field) Airport,Kapolei,Hawaii,Pacific/Honolulu,21.30713,-158.07044
JST,John Murtha Johnstown/Cambria County Airport,Johnstown,Pennsylvania,America/New_York,40.31556,-78.83467
JVI,Central Jersey Regional Airport,Manville,New Jersey,America/New_York,40.52444,-74.59831
JVL,Southern Wisconsin Regional Airport,Janesville,Wisconsin,America/Chicago,42.62025,-89.04157
JXN,Jackson County/Reynolds Field,Jackson,Michigan,America/Detroit,42.26044,-84.46214
KAE,Kake Seaplane Base,Kake,Alaska,America/Anchorage,56.973,-133.94562
KAL,Kaltag Airport,Kaltag,Alaska,America/Anchorage,64.31898,-158.74131
KBC,Birch Creek Airport,Birch Creek,Alaska,America/Anchorage,66.27447,-145.81819
KCG,Chignik Airport,Chignik,Alaska,America/Anchorage,56.31146,-158.37324
KCL,Chignik Lagoon Airport,Chignik Lagoon,Alaska,America/Anchorage,56.31097,-158.53449
KCQ,Chignik Lake Airport,Chignik Lake,Alaska,America/Anchorage,56.25546,-158.77783
KCR,Colorado Creek Airport,Colorado Creek,Alaska,America/Anchorage,63.56772,-155.98904
KDK,Kodiak Municipal Airport,Kodiak,Alaska,America/Anchorage,57.80592,-152.37384
KEB,Nanwalek Airport,Nanwalek,Alaska,America/Anchorage,59.35215,-151.92516
KEK,Ekwok Airport,Ekwok,Alaska,America/Anchorage,59.35684,-157.47114
KFP,False Pass Airport,False Pass,Alaska,America/Anchorage,54.84786,-163.40711
KGK,Koliganek Airport,Koliganek,Alaska,America/Anchorage,59.72675,-157.26025
KGX,Grayling Airport,Grayling,Alaska,America/Anchorage,62.89209,-160.0664
KGZ,Glacier Creek Airport,Glacier Creek,Alaska,America/Anchorage,61.45513,-142.38095
KIC,Mesa Del Rey Airport,King City,California,America/Los_Angeles,36.22856,-121.12131
KIP,Kickapoo Downtown Airport,Wichita Falls,Texas,America/Chicago,33.86062,-98.4904
KKA,Koyuk Alfred Adams Airport,Koyuk,Alaska,America/Anchorage,64.93953,-161.15428
KKH,Kongiganak Airport,Kongiganak,Alaska,America/Anchorage,59.96163,-162.88059
KKI,Akiachak Airport,Akiachak,Alaska,America/Anchorage,60.91381,-161.49333
KKK,Kalakaket Creek Air Station,Kalakaket Creek,Alaska,America/Anchorage,64.42445,-156.84334
KKT,Kentland Municipal Airport,Kentland,Indiana,America/Chicago,40.75874,-87.42912
KKU,Ekuk Airport,Ekuk,Alaska,America/Anchorage,58.81119,-158.55884
KLG,Kalskag Airport,Kalskag,Alaska,America/Anchorage,61.53597,-160.34558
KLN,Larsen Bay Airport,Larsen Bay,Alaska,America/Anchorage,57.53508,-153.97667
KLS,Southwest Washington Regional Airport,Kelso,Washington,America/Los_Angeles,46.118,-122.89836
KLW,Klawock Airport,Klawock,Alaska,America/Anchorage,55.57922,-133.076
KMO,Manokotak Airport,Manokotak,Alaska,America/Anchorage,58.93206,-158.90189
KNB,Kanab Municipal Airport,Kanab,Utah,America/Denver,37.01051,-112.53148
KNK,Kokhanok Airport,Kokhanok,Alaska,America/Anchorage,59.43329,-154.80259
KNT,Kennett Memorial Airport,Kennett,Missouri,America/Chicago,36.22586,-90.03664
KNW,New Stuyahok Airport,New Stuyahok,Alaska,America/Anchorage,59.45153,-157.37317
KOA,Ellison Onizuka Kona International At Keahole Airport,Kailua-Kona,Hawaii,Pacific/Honolulu,19.73877,-156.04563
KOT,Kotlik Airport,Kotlik,Alaska,America/Anchorage,63.03058,-163.53264
KOZ,Ouzinkie Airport,Ouzinkie,Alaska,America/Anchorage,57.94215,-152.46499
KPC,Port Clarence Cgs Airport,Port Clarence,Alaska,America/Nome,65.25346,-166.85763
KPN,Kipnuk Airport,Kipnuk,Alaska,America/Anchorage,59.93161,-164.02811
KPT,Jackpot/Hayden Field,Jackpot,Nevada,America/Los_Angeles,41.97583,-114.65802
KPV,Perryville Airport,Perryville,Alaska,America/Anchorage,55.90672,-159.16083
KQA,Akutan Airport,Akutan,Alaska,America/Nome,54.14461,-165.60411
KSM,St Mary's Airport,St Mary'S,Alaska,America/Nome,62.06081,-163.30184
KTN,Ketchikan International Airport,Ketchikan,Alaska,America/Anchorage,55.35408,-131.71122
KTS,Brevig Mission Airport,Brevig Mission,Alaska,America/Anchorage,65.33133,-166.46572
KUK,Kasigluk Airport,Kasigluk,Alaska,America/Anchorage,60.87333,-162.52431
KVC,King Cove Airport,King Cove,Alaska,America/Anchorage,55.11638,-162.26654
KVL,Kivalina Airport,Kivalina,Alaska,America/Anchorage,67.73614,-164.5635
KWK,Kwigillingok Airport,Kwigillingok,Alaska,America/Anchorage,59.87569,-163.16809
KWN,Quinhagak Airport,Quinhagak,Alaska,America/Anchorage,59.75509,-161.84537
KWP,West Point Village Seaplane Base,West Point,Alaska,America/Anchorage,57.77011,-153.54895
KWT,Kwethluk Airport,Kwethluk,Alaska,America/Anchorage,60.79033,-161.44369
KYK,Karluk Airport,Karluk,Alaska,America/Anchorage,57.56606,-154.45381
KYO,Tampa North Aero Park Airport,Tampa,Florida,America/New_York,28.22128,-82.37456
KYU,Koyukuk Airport,Koyukuk,Alaska,America/Anchorage,64.87581,-157.73044
LAA,Southeast Colorado Regional Airport,Lamar,Colorado,America/Denver,38.0697,-102.68849
LAF,Purdue University Airport,Lafayette,Indiana,America/New_York,40.4123,-86.9369
LAL,Lakeland Linder International Airport,Lakeland,Florida,America/New_York,27.98764,-82.019
LAM,Los Alamos Airport,Los Alamos,New Mexico,America/Denver,35.87969,-106.26869
LAN,Capital Region International Airport,Lansing,Michigan,America/Detroit,42.77865,-84.58621
LAR,Laramie Regional Airport,Laramie,Wyoming,America/Denver,41.31206,-105.67499
LAS,Harry Reid International Airport,Las Vegas,Nevada,America/Los_Angeles,36.08034,-115.15245
LAW,Lawton-Fort Sill Regional Airport,Lawton,Oklahoma,America/Chicago,34.56771,-98.41664
LAX,Los Angeles International Airport,Los Angeles,California,America/Los_Angeles,33.9425,-118.40805
LBB,Lubbock Preston Smith International Airport,Lubbock,Texas,America/Chicago,33.66367,-101.82056
LBE,Arnold Palmer Regional Airport,Latrobe,Pennsylvania,America/New_York,40.2731,-79.41033
LBF,North Platte Regional/Lee Bird Field,North Platte,Nebraska,America/Chicago,41.12621,-100.68365
LBL,Liberal Mid-America Regional Airport,Liberal,Kansas,America/Chicago,37.04392,-100.95997
LBT,Lumberton Regional Airport,Lumberton,North Carolina,America/New_York,34.60981,-79.05955
LCH,Lake Charles Regional Airport,Lake Charles,Louisiana,America/Chicago,30.12609,-93.22341
LCI,Laconia Municipal Airport,Laconia,New Hampshire,America/New_York,43.57304,-71.41784
LCK,Rickenbacker International Airport,Columbus,Ohio,America/New_York,39.81379,-82.92781
LCQ,Lake City Gateway Airport,Lake City,Florida,America/New_York,30.18206,-82.57686
LDJ,Linden Airport,Linden,New Jersey,America/New_York,40.61745,-74.24459
LDM,Mason County Airport,Ludington,Michigan,America/Detroit,43.96253,-86.40792
LEB,Lebanon Municipal Airport,Lebanon,New Hampshire,America/New_York,43.62611,-72.30419
LEE,Leesburg International Airport,Leesburg,Florida,America/New_York,28.8229,-81.80842
LEM,Lemmon Municipal Airport,Lemmon,South Dakota,America/Denver,45.91838,-102.10554
LEW,Auburn/Lewiston Municipal Airport,Auburn/Lewiston,Maine,America/New_York,44.04847,-70.28351
LEX,Blue Grass Airport,Lexington,Kentucky,America/New_York,38.03674,-84.60862
LFI,Langley Afb Airport,Hampton,Virginia,America/New_York,37.08289,-76.36054
LFK,Angelina County Airport,Lufkin,Texas,America/Chicago,31.23403,-94.75
LFN,Triangle North Executive Airport,Louisburg,North Carolina,America/New_York,36.02335,-78.33026
LFT,Lafayette Regional/Paul Fournet Field,Lafayette,Louisiana,America/Chicago,30.20503,-91.98775
LGA,Laguardia Airport,New York,New York,America/New_York,40.77724,-73.87261
LGB,Long Beach (Daugherty Field) Airport,Long Beach,California,America/Los_Angeles,33.81793,-118.15189
LGC,Lagrange/Callaway Airport,Lagrange,Georgia,America/New_York,33.00915,-85.0732
LGD,La Grande/Union County Airport,La Grande,Oregon,America/Los_Angeles,45.28908,-118.00612
LGF,Laguna Army Air Field (Yuma Proving Ground) Airport,Yuma Proving Ground (Yuma),Arizona,America/Phoenix,32.86458,-114.39298
LGU,Logan-Cache Airport,Logan,Utah,America/Denver,41.79177,-111.85165
LHV,William T Piper Memorial Airport,Lock Haven,Pennsylvania,America/New_York,41.13578,-77.42231
LIC,Limon Municipal Airport,Limon,Colorado,America/Denver,39.27478,-103.66586
LIH,Lihue Airport,Lihue,Hawaii,Pacific/Honolulu,21.97598,-159.33896
LIT,Bill And Hillary Clinton Ntl/Adams Field,Little Rock,Arkansas,America/Chicago,34.72944,-92.22478
LIV,Livengood Camp Airport,Livengood,Alaska,America/Anchorage,65.46727,-148.65375
LIY,Wright Army Air Field (Fort Stewart)/Midcoast Regional Airport,Fort Stewart (Hinesville),Georgia,America/New_York,31.88782,-81.56266
LIZ,Loring International Airport,Limestone,Maine,America/New_York,46.95043,-67.88586
LJN,Texas Gulf Coast Regional Airport,Angleton/Lake Jackson,Texas,America/Chicago,29.10864,-95.46208
LKK,Kulik Lake Airport,Kulik Lake,Alaska,America/Anchorage,58.96501,-155.09561
LKP,Lake Placid Airport,Lake Placid,New York,America/New_York,44.26448,-73.96187
LKV,Lake County Airport,Lakeview,Oregon,America/Los_Angeles,42.16111,-120.39908
LLX,Caledonia County Airport,Lyndonville,Vermont,America/New_York,44.56911,-72.01798
LLY,South Jersey Regional Airport,Mount Holly,New Jersey,America/New_York,39.94289,-74.84575
LMA,Minchumina Airport,Minchumina,Alaska,America/Anchorage,63.88597,-152.30183
LMS,Louisville/Winston County Airport,Louisville,Mississippi,America/Chicago,33.14599,-89.06245
LMT,Crater Lake/Klamath Regional Airport,Klamath Falls,Oregon,America/Los_Angeles,42.15614,-121.73337
LNA,Palm Beach County Park Airport,West Palm Beach,Florida,America/New_York,26.59305,-80.08506
LND,Hunt Field,Lander,Wyoming,America/Denver,42.81538,-108.72856
LNI,Lonely Air Station,Lonely,Alaska,America/Anchorage,70.91075,-153.24221
LNK,Lincoln Airport,Lincoln,Nebraska,America/Chicago,40.85089,-96.75912
LNN,Lake County Executive Airport,Willoughby,Ohio,America/New_York,41.68403,-81.38975
LNP,Lonesome Pine Airport,Wise,Virginia,America/New_York,36.98763,-82.52978
LNR,Tri-County Regional Airport,Lone Rock,Wisconsin,America/Chicago,43.21186,-90.17983
LNS,Lancaster Airport,Lancaster,Pennsylvania,America/New_York,40.12236,-76.29436
LNY,Lanai Airport,Lanai City,Hawaii,Pacific/Honolulu,20.78561,-156.95142
LOL,Derby Field,Lovelock,Nevada,America/Los_Angeles,40.06647,-118.56509
LOT,Lewis University Airport,Chicago/Romeoville,Illinois,America/Chicago,41.6081,-88.09639
LOU,Bowman Field,Louisville,Kentucky,America/New_York,38.22798,-85.66375
LOW,Louisa County/Freeman Field,Louisa,Virginia,America/New_York,38.00982,-77.97013
LOZ,London/Corbin/Magee Airport,London,Kentucky,America/New_York,37.08689,-84.07739
LPC,Lompoc Airport,Lompoc,California,America/Los_Angeles,34.66562,-120.4675
LPO,La Porte Municipal Airport,La Porte,Indiana,America/Chicago,41.57247,-86.73453
LPS,Lopez Island Airport,Lopez,Washington,America/Los_Angeles,48.48392,-122.93767
LQK,Pickens County Airport,Pickens,South Carolina,America/New_York,34.80997,-82.70289
LRD,Laredo International Airport,Laredo,Texas,America/Chicago,27.54419,-99.46158
LRF,Little Rock Afb Airport,Jacksonville,Arkansas,America/Chicago,34.91751,-92.145
LRJ,Le Mars Municipal Airport,Le Mars,Iowa,America/Chicago,42.77856,-96.19358
LRU,Las Cruces International Airport,Las Cruces,New Mexico,America/Denver,32.28941,-106.92196
LSB,Lordsburg Municipal Airport,Lordsburg,New Mexico,America/Denver,32.33366,-108.69186
LSE,La Crosse Regional Airport,La Crosse,Wisconsin,America/Chicago,43.87927,-91.25663
LSF,Lawson Army Air Field (Fort Benning) Airport,Fort Benning (Columbus),Georgia,America/New_York,32.33178,-84.98715
LSK,Lusk Municipal Airport,Lusk,Wyoming,America/Denver,42.75381,-104.40456
LSN,Los Banos Municipal Airport,Los Banos,California,America/Los_Angeles,37.06389,-120.86986
LSV,Nellis Afb Airport,Las Vegas,Nevada,America/Los_Angeles,36.2362,-115.03426
LTS,Altus Afb Airport,Altus,Oklahoma,America/Chicago,34.66797,-99.26775
LTW,St Mary's County Regional Airport,Leonardtown,Maryland,America/New_York,38.31571,-76.55216
LUF,Luke Afb Airport,Glendale,Arizona,America/Phoenix,33.53496,-112.38321
LUK,Cincinnati Municipal/Lunken Field,Cincinnati,Ohio,America/New_York,39.10298,-84.41761
LUL,Hesler/Noble Field,Laurel,Mississippi,America/Chicago,31.67303,-89.17281
LUP,Kalaupapa Airport,Kalaupapa,Hawaii,Pacific/Honolulu,21.21104,-156.9736
LUR,Cape Lisburne Lrrs Airport,Cape Lisburne,Alaska,America/Anchorage,68.87513,-166.11108
LVD,Lime Village Airport,Lime Village,Alaska,America/Anchorage,61.35913,-155.44039
LVK,Livermore Municipal Airport,Livermore,California,America/Los_Angeles,37.69339,-121.82036
LVL,Brunswick County Airport,Lawrenceville,Virginia,America/New_York,36.77463,-77.79378
LVM,Mission Field,Livingston,Montana,America/Denver,45.69942,-110.44803
LVS,Las Vegas Municipal Airport,Las Vegas,New Mexico,America/Denver,35.65422,-105.14239
LWB,Greenbrier Valley Airport,Lewisburg,West Virginia,America/New_York,37.85831,-80.39948
LWC,Lawrence Regional Airport,Lawrence,Kansas,America/Chicago,39.01111,-95.21647
LWL,Wells Municipal/Harriet Field,Wells,Nevada,America/Los_Angeles,41.11711,-114.92214
LWM,Lawrence Municipal Airport,Lawrence,Massachusetts,America/New_York,42.71704,-71.12353
LWS,Lewiston/Nez Perce County Airport,Lewiston,Idaho,America/Los_Angeles,46.3745,-117.0154
LWT,Lewistown Municipal Airport,Lewistown,Montana,America/Denver,47.04925,-109.46669
LWV,Lawrenceville-Vincennes International Airport,Lawrenceville,Illinois,America/Chicago,38.76428,-87.6055
LXN,Jim Kelly Field,Lexington,Nebraska,America/Chicago,40.79042,-99.77591
LXV,Lake County Airport,Leadville,Colorado,America/Denver,39.21947,-106.31642
LYH,Lynchburg Regional/Preston Glenn Field,Lynchburg,Virginia,America/New_York,37.32539,-79.20122
LYO,Lyons-Rice County Municipal Airport,Lyons,Kansas,America/Chicago,38.34025,-98.22856
LYU,Ely Municipal Airport,Ely,Minnesota,America/Chicago,47.82401,-91.82932
LZU,Gwinnett County/Briscoe Field,Lawrenceville,Georgia,America/New_York,33.97809,-83.96236
MAC,Macon Downtown Airport,Macon,Georgia,America/New_York,32.82176,-83.56194
MAE,Madera Municipal Airport,Madera,California,America/Los_Angeles,36.9886,-120.11245
MAF,Midland International Air And Space Port Airport,Midland,Texas,America/Chicago,31.94253,-102.20192
MAW,Malden Regional Airport,Malden,Missouri,America/Chicago,36.5982,-89.99255
MAZ,Eugenio Maria De Hostos Airport,Mayaguez,Puerto Rico,America/Puerto_Rico,18.25569,-67.14847
MBG,Mobridge Municipal Airport,Mobridge,South Dakota,America/Chicago,45.54628,-100.40627
MBL,Manistee County/Blacker Airport,Manistee,Michigan,America/Detroit,44.27246,-86.2469
MBS,Mbs International Airport,Saginaw,Michigan,America/New_York,43.53293,-84.07964
MBY,Omar N Bradley Airport,Moberly,Missouri,America/Chicago,39.46317,-92.42589
MCB,Mc Comb/Pike County/John E Lewis Field,Mc Comb,Mississippi,America/Chicago,31.17844,-90.47186
MCC,Mc Clellan Airfield,Sacramento,California,America/Los_Angeles,38.66764,-121.40061
MCD,Mackinac Island Airport,Mackinac Island,Michigan,America/Detroit,45.86498,-84.63709
MCE,Merced Yosemite Regional Airport,Merced,California,America/Los_Angeles,37.28475,-120.51392
MCF,Macdill Afb Airport,Tampa,Florida,America/New_York,27.84934,-82.52122
MCG,Mc Grath Airport,Mc Grath,Alaska,America/Anchorage,62.95278,-155.60705
MCI,Kansas City International Airport,Kansas City,Missouri,America/Chicago,39.2976,-94.71391
MCK,Mc Cook Ben Nelson Regional Airport,Mc Cook,Nebraska,America/Chicago,40.20629,-100.59209
MCL,Mc Kinley Ntl Park Airport,Mckinley Park,Alaska,America/Anchorage,63.7326,-148.91064
MCN,Middle Georgia Regional Airport,Macon,Georgia,America/New_York,32.69283,-83.64922
MCO,Orlando International Airport,Orlando,Florida,America/New_York,28.42939,-81.30899
MCW,Mason City Municipal Airport,Mason City,Iowa,America/Chicago,43.15781,-93.33125
MDD,Midland Airpark,Midland,Texas,America/Chicago,32.03654,-102.10151
MDF,Taylor County Airport,Medford,Wisconsin,America/Chicago,45.10132,-90.30017
MDH,Southern Illinois Airport,Carbondale/Murphysboro,Illinois,America/Chicago,37.77808,-89.25203
MDJ,Madras Municipal Airport,Madras,Oregon,America/Los_Angeles,44.67016,-121.15515
MDN,Madison Regional Airport,Madison,Indiana,America/Indiana/Indianapolis,38.75992,-85.46469
MDO,Middleton Island Airport,Middleton Island,Alaska,America/Anchorage,59.44994,-146.30724
MDT,Harrisburg International Airport,Harrisburg,Pennsylvania,America/New_York,40.19319,-76.76262
MDW,Chicago Midway International Airport,Chicago,Illinois,America/Chicago,41.78564,-87.75273
MEI,Key Field,Meridian,Mississippi,America/Chicago,32.33286,-88.75157
MEJ,Port Meadville Airport,Meadville,Pennsylvania,America/New_York,41.62653,-80.21472
MEM,Frederick W Smith International/Memphis Airport,Memphis,Tennessee,America/Chicago,35.04241,-89.97668
MEO,Dare County Regional Airport,Manteo,North Carolina,America/New_York,35.91898,-75.69554
MER,Castle Airport,Atwater,California,America/Los_Angeles,37.38048,-120.56819
MEV,Minden-Tahoe Airport,Minden,Nevada,America/Los_Angeles,39.0005,-119.75111
MFD,Mansfield Lahm Regional Airport,Mansfield,Ohio,America/New_York,40.82142,-82.51664
MFE,Mc Allen International Airport,Mc Allen,Texas,America/Chicago,26.17583,-98.23861
MFH,Mesquite Airport,Mesquite,Nevada,America/Los_Angeles,36.83314,-114.05589
MFI,Marshfield Municipal Airport,Marshfield,Wisconsin,America/Chicago,44.63689,-90.18932
MFR,Rogue Valley International/Medford Airport,Medford,Oregon,America/Los_Angeles,42.37497,-122.87329
MFV,Accomack County Airport,Melfa,Virginia,America/New_York,37.64688,-75.76104
MGC,Michigan City Municipal-Phillips Field,Michigan City,Indiana,America/Chicago,41.70332,-86.82124
MGE,Dobbins Arb Airport,Marietta,Georgia,America/New_York,33.91444,-84.51425
MGJ,Orange County Airport,Montgomery,New York,America/New_York,41.51181,-74.26354
MGM,Montgomery Regional (Dannelly Field) Airport,Montgomery,Alabama,America/Chicago,32.30064,-86.39397
MGR,Moultrie Municipal Airport,Moultrie,Georgia,America/New_York,31.08558,-83.80281
MGW,Morgantown Municipal/Walter L Bill Hart Field,Morgantown,West Virginia,America/New_York,39.64359,-79.91755
MGY,Dayton/Wright Brothers Airport,Dayton,Ohio,America/New_York,39.58897,-84.22486
MHE,Mitchell Municipal Airport,Mitchell,South Dakota,America/Chicago,43.77482,-98.03861
MHK,Manhattan Regional Airport,Manhattan,Kansas,America/Chicago,39.14142,-96.67156
MHL,Marshall Memorial Municipal Airport,Marshall,Missouri,America/Chicago,39.09548,-93.203
MHN,Hooker County Airport,Mullen,Nebraska,America/Chicago,42.04216,-101.05966
MHR,Sacramento Mather Airport,Sacramento,California,America/Los_Angeles,38.55531,-121.29721
MHS,Dunsmuir Municipal-Mott Airport,Dunsmuir,California,America/Los_Angeles,41.26292,-122.27204
MHT,Manchester Boston Regional Airport,Manchester,New Hampshire,America/New_York,42.93281,-71.43575
MHV,Mojave Air & Space Port/Rutan Field,Mojave,California,America/Los_Angeles,35.05894,-118.15061
MIA,Miami International Airport,Miami,Florida,America/New_York,25.79536,-80.29012
MIB,Minot Afb Airport,Minot,North Dakota,America/Chicago,48.41577,-101.35804
MIC,Crystal Airport,Minneapolis,Minnesota,America/Chicago,45.06247,-93.35397
MIE,Delaware County Regional Airport,Muncie,Indiana,America/Indiana/Indianapolis,40.24247,-85.39575
MIF,Roy Hurd Memorial Airport,Monahans,Texas,America/Chicago,31.58247,-102.90903
MIO,Miami Regional Airport,Miami,Oklahoma,America/Chicago,36.90922,-94.8875
MIQ,Millard Airport,Omaha,Nebraska,America/Chicago,41.19599,-96.11226
MIT,Shafter-Minter Field,Shafter,California,America/Los_Angeles,35.50748,-119.19213
MIV,Millville Municipal Airport,Millville,New Jersey,America/New_York,39.36781,-75.07222
MIW,Marshalltown Municipal Airport,Marshalltown,Iowa,America/Chicago,42.11275,-92.91778
MJQ,Jackson Municipal Airport,Jackson,Minnesota,America/Chicago,43.65078,-94.98658
MJX,Ocean County Airport,Toms River,New Jersey,America/New_York,39.92604,-74.29554
MKC,Kansas City Downtown/Wheeler Field,Kansas City,Missouri,America/Chicago,39.12293,-94.59282
MKE,General Mitchell International Airport,Milwaukee,Wisconsin,America/Chicago,42.94693,-87.89706
MKG,Muskegon County Airport,Muskegon,Michigan,America/New_York,43.16767,-86.23544
MKK,Molokai Airport,Kaunakakai,Hawaii,Pacific/Honolulu,21.15289,-157.09626
MKL,Jackson Regional Airport,Jackson,Tennessee,America/Chicago,35.59988,-88.91561
MKO,Muskogee-Davis Regional Airport,Muskogee,Oklahoma,America/Chicago,35.65775,-95.36164
MKT,Mankato Regional Airport,Mankato,Minnesota,America/Chicago,44.22278,-93.91931
MLB,Melbourne Orlando International Airport,Melbourne,Florida,America/New_York,28.10275,-80.64525
MLC,Mc Alester Regional Airport,Mc Alester,Oklahoma,America/Chicago,34.88239,-95.78347
MLD,Malad City Airport,Malad City,Idaho,America/Denver,42.17013,-112.29268
MLF,Milford Municipal/Ben And Judy Briscoe Field,Milford,Utah,America/Denver,38.42664,-113.01327
MLI,Quad Cities International Airport,Moline,Illinois,America/Chicago,41.44821,-90.50777
MLJ,Baldwin County Regional Airport,Milledgeville,Georgia,America/New_York,33.15423,-83.24141
MLK,Malta Airport,Malta,Montana,America/Denver,48.36694,-107.91933
MLL,Marshall Don Hunter Sr Airport,Marshall,Alaska,America/Nome,61.86417,-162.02611
MLS,Frank Wiley Field,Miles City,Montana,America/Denver,46.42689,-105.88823
MLT,Millinocket Municipal Airport,Millinocket,Maine,America/New_York,45.64783,-68.68556
MLU,Monroe Regional Airport,Monroe,Louisiana,America/Chicago,32.51056,-92.03613
MLY,Manley Hot Springs Airport,Manley Hot Springs,Alaska,America/Anchorage,64.98794,-150.64758
MMH,Mammoth Yosemite Airport,Mammoth Lakes,California,America/Los_Angeles,37.62406,-118.83875
MMI,Mcminn County Airport,Athens,Tennessee,America/New_York,35.39919,-84.56178
MML,Southwest Minnesota Regional Marshall/Ryan Field,Marshall,Minnesota,America/Chicago,44.45172,-95.82442
MMN,Minute Man Air Field,Stow,Massachusetts,America/New_York,42.46039,-71.51801
MMS,Selfs Airport,Marks,Mississippi,America/Chicago,34.23144,-90.28956
MMT,Mc Entire Jngb Airport,Eastover,South Carolina,America/New_York,33.92076,-80.80113
MMU,Morristown Municipal Airport,Morristown,New Jersey,America/New_York,40.79934,-74.41489
MNM,Menominee Regional Airport,Menominee,Michigan,America/Menominee,45.12669,-87.63854
MNN,Marion Municipal Airport,Marion,Ohio,America/New_York,40.61625,-83.06347
MNT,Minto Al Wright Airport,Minto,Alaska,America/Anchorage,65.14817,-149.36858
MNZ,Washington Manassas/Harry P Davis Field,Washington,District of Columbia,America/New_York,38.72102,-77.51511
MOB,Mobile Regional Airport,Mobile,Alabama,America/Chicago,30.69142,-88.24283
MOD,Modesto City-County-Harry Sham Field,Modesto,California,America/Los_Angeles,37.62582,-120.95443
MOP,Mount Pleasant Municipal Airport,Mount Pleasant,Michigan,America/Detroit,43.62164,-84.73731
MOR,Moore-Murrell Airport,Morristown,Tennessee,America/New_York,36.17938,-83.37545
MOS,Moses Point Airport,Elim,Alaska,America/Nome,64.69818,-162.0573
MOT,Minot International Airport,Minot,North Dakota,America/Chicago,48.25764,-101.27803
MOU,Mountain Village Airport,Mountain Village,Alaska,America/Anchorage,62.09478,-163.68286
MOX,Morris Municipal/Charlie Schmidt Field,Morris,Minnesota,America/Chicago,45.56359,-95.96503
MPJ,Petit Jean Park Airport,Morrilton,Arkansas,America/Chicago,35.13883,-92.90919
MPO,Pocono Mountains Regional Airport,Mount Pocono,Pennsylvania,America/New_York,41.13769,-75.38006
MPR,Mc Pherson Airport,Mc Pherson,Kansas,America/Chicago,38.35239,-97.6913
MPS,Mount Pleasant Regional Airport,Mount Pleasant,Texas,America/Chicago,33.09689,-94.96175
MPV,Edward F Knapp State Airport,Barre/Montpelier,Vermont,America/New_York,44.20349,-72.5621
MPZ,Mount Pleasant Municipal Airport,Mount Pleasant,Iowa,America/Chicago,40.94661,-91.51117
MQB,Macomb Municipal Airport,Macomb,Illinois,America/Chicago,40.52008,-90.65239
MQT,Marquette/Sawyer Regional Airport,Marquette,Michigan,America/New_York,46.34916,-87.39637
MQW,Telfair-Wheeler Airport,Mc Rae,Georgia,America/New_York,32.097,-82.87941
MQY,Smyrna Airport,Smyrna,Tennessee,America/Chicago,36.00897,-86.52009
MRB,Eastern Wv Regional/Shepherd Field,Martinsburg,West Virginia,America/New_York,39.40236,-77.983
MRC,Maury County Regional Airport,Columbia/Mount Pleasant,Tennessee,America/Chicago,35.55434,-87.17914
MRF,Marfa Municipal Airport,Marfa,Texas,America/Chicago,30.37111,-104.01753
MRI,Merrill Field,Anchorage,Alaska,America/Anchorage,61.21355,-149.84471
MRK,Marco Island Executive Airport,Marco Island,Florida,America/New_York,25.99503,-81.67253
MRN,Foothills Regional Airport,Morganton,North Carolina,America/New_York,35.82022,-81.61142
MRY,Monterey Regional Airport,Monterey,California,America/Los_Angeles,36.58695,-121.84278
MSC,Falcon Field,Mesa,Arizona,America/Phoenix,33.46084,-111.72832
MSL,Northwest Alabama Regional Airport,Muscle Shoals,Alabama,America/Chicago,34.74531,-87.61022
MSN,Dane County Regional/Truax Field,Madison,Wisconsin,America/Chicago,43.13988,-89.3375
MSO,Missoula Montana Airport,Missoula,Montana,America/Denver,46.91631,-114.09056
MSP,Minneapolis-St Paul International/Wold-Chamberlain Airport,Minneapolis,Minnesota,America/Chicago,44.88197,-93.22178
MSS,Massena International-Richards Field,Massena,New York,America/New_York,44.93624,-74.84512
MSV,Sullivan County International Airport,Monticello,New York,America/New_York,41.70164,-74.79503
MSY,Louis Armstrong New Orleans International Airport,New Orleans,Louisiana,America/Chicago,29.99327,-90.25903
MTC,Selfridge Angb Airport,Mount Clemens,Michigan,America/Detroit,42.61251,-82.83696
MTH,The Florida Keys Marathon International Airport,Marathon,Florida,America/New_York,24.72629,-81.05142
MTJ,Montrose Regional Airport,Montrose,Colorado,America/Denver,38.50981,-107.89425
MTN,Martin State Airport,Baltimore,Maryland,America/New_York,39.32566,-76.41376
MTO,Coles County Memorial Airport,Mattoon/Charleston,Illinois,America/Chicago,39.47789,-88.27997
MTP,Montauk Airport,Montauk,New York,America/New_York,41.07667,-71.92047
MTW,Manitowoc County Airport,Manitowoc,Wisconsin,America/Chicago,44.12878,-87.68058
MTX,Metro Field,Fairbanks,Alaska,America/Anchorage,64.80679,-147.76242
MUE,Waimea-Kohala Airport,Kamuela,Hawaii,Pacific/Honolulu,20.00133,-155.66811
MUI,Muir Army Heliport (Fort Indiantown Gap) Heliport,Fort Indiantown Gap (Annville),Pennsylvania,America/New_York,40.43523,-76.56863
MUL,Spence Airport,Moultrie,Georgia,America/New_York,31.13769,-83.70406
MUO,Mountain Home Afb Airport,Mountain Home,Idaho,America/Denver,43.04359,-115.87244
MUT,Muscatine Municipal Airport,Muscatine,Iowa,America/Chicago,41.36789,-91.14822
MVC,Monroe County Aeroplex Airport,Monroeville,Alabama,America/Chicago,31.45806,-87.35103
MVE,Montevideo-Chippewa County Airport,Montevideo,Minnesota,America/Chicago,44.96919,-95.71039
MVL,Morrisville-Stowe State Airport,Morrisville,Vermont,America/New_York,44.53435,-72.61399
MVM,Kayenta Airport,Kayenta,Arizona,America/Denver,36.71644,-110.22844
MVN,Mount Vernon Airport,Mount Vernon,Illinois,America/Chicago,38.32336,-88.8585
MVW,Skagit Regional Airport,Burlington/Mount Vernon,Washington,America/Los_Angeles,48.47053,-122.42169
MVY,Martha's Vineyard Airport,Vineyard Haven,Massachusetts,America/New_York,41.39342,-70.61387
MWA,Veterans Airport Of Southern Illinois Airport,Marion,Illinois,America/Chicago,37.75497,-89.01108
MWC,Lawrence J Timmerman Airport,Milwaukee,Wisconsin,America/Chicago,43.11038,-88.03442
MWH,Grant County International Airport,Moses Lake,Washington,America/Los_Angeles,47.20858,-119.31914
MWL,Mineral Wells Regional Airport,Mineral Wells,Texas,America/Chicago,32.78161,-98.06018
MWM,Windom Municipal Airport,Windom,Minnesota,America/Chicago,43.91341,-95.1094
MWO,Middletown Regional/Hook Field,Middletown,Ohio,America/New_York,39.53175,-84.39644
MXA,Manila Municipal Airport,Manila,Arkansas,America/Chicago,35.89445,-90.15457
MXC,Monticello Airport,Monticello,Utah,America/Denver,37.93243,-109.34122
MXE,Laurinburg/Maxton Airport,Maxton,North Carolina,America/New_York,34.79217,-79.3659
MXF,Maxwell Afb Airport,Montgomery,Alabama,America/Chicago,32.38294,-86.36578
MXO,Monticello Regional Airport,Monticello,Iowa,America/Chicago,42.22036,-91.1633
MXY,Mccarthy Airport,Mccarthy,Alaska,America/Anchorage,61.43782,-142.9025
MYF,Montgomery-Gibbs Executive Airport,San Diego,California,America/Los_Angeles,32.81572,-117.13956
MYH,Marble Canyon Airport,Marble Canyon,Arizona,America/Phoenix,36.81081,-111.64444
MYK,May Creek Airport,May Creek,Alaska,America/Anchorage,61.33616,-142.68589
MYL,Mc Call Municipal Airport,Mc Call,Idaho,America/Boise,44.88874,-116.10175
MYR,Myrtle Beach International Airport,Myrtle Beach,South Carolina,America/New_York,33.67974,-78.92832
MYU,Mekoryuk Airport,Mekoryuk,Alaska,America/Anchorage,60.37239,-166.27019
MYV,Yuba County Airport,Marysville,California,America/Los_Angeles,39.09778,-121.56983
MZJ,Pinal Airpark,Marana,Arizona,America/Phoenix,32.50983,-111.32533
MZZ,Marion Municipal - Mckinney Field,Marion,Indiana,America/Indiana/Indianapolis,40.48992,-85.67978
NBG,New Orleans Nas Jrb (Alvin Callender Field) Airport,New Orleans,Louisiana,America/Chicago,29.82721,-90.02659
NCN,Chenega Bay Airport,Chenega,Alaska,America/Anchorage,60.07856,-147.99473
NCO,Quonset State Airport,North Kingstown,Rhode Island,America/New_York,41.59741,-71.41241
NEL,Lakehurst Maxfield Field,Lakehurst,New Jersey,America/New_York,40.03579,-74.35137
NEN,Whitehouse Nolf Airport,Jacksonville,Florida,America/New_York,30.3495,-81.86699
NEW,Lakefront Airport,New Orleans,Louisiana,America/Chicago,30.04242,-90.02825
NFL,Fallon Nas (Van Voorhis Field) Airport,Fallon,Nevada,America/Los_Angeles,39.41783,-118.69859
NGF,Kaneohe Bay Mcas (Marion E Carl Field) Airport,Kaneohe,Hawaii,Pacific/Honolulu,21.45046,-157.76795
NGP,Corpus Christi Nas (Truax Field) Airport,Corpus Christi,Texas,America/Chicago,27.6927,-97.29038
NGU,Norfolk Ns (Chambers Field) Airport,Norfolk,Virginia,America/New_York,36.93747,-76.28928
NGW,Cabaniss Field Nolf Airport,Corpus Christi,Texas,America/Chicago,27.70242,-97.43882
NHK,Patuxent River Nas (Trapnell Field) Airport,Patuxent River,Maryland,America/New_York,38.28633,-76.40997
NHX,Barin Nolf Airport,Foley,Alabama,America/Chicago,30.39031,-87.63156
NHZ,Brunswick Executive Airport,Brunswick,Maine,America/New_York,43.89236,-69.93883
NIB,Nikolai Airport,Nikolai,Alaska,America/Anchorage,63.01856,-154.35844
NIN,Ninilchik Airport,Ninilchik,Alaska,America/Anchorage,60.02023,-151.58942
NIP,Jacksonville Nas (Towers Field) Airport,Jacksonville,Florida,America/New_York,30.23371,-81.67606
NIR,Chase Field Industrial Airport,Beeville,Texas,America/Chicago,28.36244,-97.66192
NJK,El Centro Naf (Vraciu Field) Airport,El Centro,California,America/Los_Angeles,32.82663,-115.66856
NKX,Miramar Mcas (Joe Foss Field) Airport,San Diego,California,America/Los_Angeles,32.86853,-117.14319
NLC,Lemoore Nas (Reeves Field) Airport,Lemoore,California,America/Los_Angeles,36.33313,-119.95216
NLE,Jerry Tyler Memorial Airport,Niles,Michigan,America/Detroit,41.83589,-86.22517
NLG,Nelson Lagoon Airport,Nelson Lagoon,Alaska,America/Anchorage,56.00754,-161.16037
NLN,Kneeland Airport,Eureka,California,America/Los_Angeles,40.71895,-123.92722
NME,Nightmute Airport,Nightmute,Alaska,America/Anchorage,60.46917,-164.70404
NNK,Naknek Airport,Naknek,Alaska,America/Anchorage,58.73466,-157.02521
NNL,Nondalton Airport,Nondalton,Alaska,America/Anchorage,59.98023,-154.83918
NOT,Gnoss Field,Novato,California,America/Los_Angeles,38.14358,-122.55709
NPA,Pensacola Nas (Forrest Sherman Field) Airport,Pensacola,Florida,America/Chicago,30.35327,-87.31797
NPH,Nephi Municipal Airport,Nephi,Utah,America/Denver,39.73658,-111.87006
NPT,Newport State Airport,Newport,Rhode Island,America/New_York,41.53244,-71.28154
NQA,Millington/Memphis Airport,Millington,Tennessee,America/Chicago,35.35664,-89.87043
NQI,Kingsville Nas Airport,Kingsville,Texas,America/Chicago,27.50451,-97.80829
NQX,Key West Nas (Boca Chica Field) Airport,Key West,Florida,America/New_York,24.57464,-81.68664
NRB,Mayport Ns (Adm David L Mcdonald Field) Airport,Mayport,Florida,America/New_York,30.39137,-81.42452
NRI,Grand Lake Regional Airport,Afton,Oklahoma,America/Chicago,36.57758,-94.8619
NRR,Jose Aponte De La Torre Airport,Ceiba,Puerto Rico,America/Puerto_Rico,18.24511,-65.64342
NRS,Imperial Beach Nolf (Ream Field) Airport,Imperial Beach,California,America/Los_Angeles,32.56616,-117.11352
NSE,Whiting Field Nas North Airport,Milton,Florida,America/Chicago,30.72247,-87.0239
NSL,Slayton Municipal Airport,Slayton,Minnesota,America/Chicago,43.9868,-95.78261
NTD,Point Mugu Nas (Naval Base Ventura Co) Airport,Oxnard,California,America/Los_Angeles,34.11928,-119.11959
NTJ,Sanpete County Regional Airport,Manti,Utah,America/Denver,39.33142,-111.61261
NTU,Oceana Nas (Apollo Soucek Field) Airport,Virginia Beach,Virginia,America/New_York,36.82275,-76.0319
NUI,Nuiqsut Airport,Nuiqsut,Alaska,America/Anchorage,70.20983,-151.00647
NUL,Nulato Airport,Nulato,Alaska,America/Anchorage,64.72933,-158.07422
NUP,Nunapitchuk Airport,Nunapitchuk,Alaska,America/Nome,60.906,-162.44058
NUQ,Moffett Federal Airfield,Mountain View,California,America/Los_Angeles,37.41614,-122.04913
NUW,Whidbey Island Nas (Ault Field) Airport,Oak Harbor,Washington,America/Los_Angeles,48.35184,-122.65596
NVD,Nevada Municipal Airport,Nevada,Missouri,America/Chicago,37.85248,-94.30461
NVN,Nervino Airport,Beckwourth,California,America/Los_Angeles,39.81853,-120.35281
NWH,Parlin Field,Newport,New Hampshire,America/New_York,43.38714,-72.18761
NYG,Quantico Mcaf (Turner Field) Airport,Quantico,Virginia,America/New_York,38.50362,-77.30503
NYS,New York Skyports Inc Seaplane Base,New York,New York,America/New_York,40.73399,-73.97292
NZY,North Island Nas (Halsey Field) Airport,San Diego,California,America/Los_Angeles,32.6982,-117.21312
OAJ,Albert J Ellis Airport,Jacksonville,North Carolina,America/New_York,34.82917,-77.61214
OAK,Oakland San Francisco Bay Airport,Oakland,California,America/Los_Angeles,37.72126,-122.22115
OAR,Marina Municipal Airport,Marina,California,America/Los_Angeles,36.68153,-121.76167
OBE,Okeechobee County Airport,Okeechobee,Florida,America/New_York,27.26657,-80.85039
OBU,Kobuk Airport,Kobuk,Alaska,America/Anchorage,66.91233,-156.89733
OCA,Ocean Reef Club Airport,Key Largo,Florida,America/New_York,25.32431,-80.27573
OCE,Ocean City Municipal Airport,Ocean City,Maryland,America/New_York,38.31048,-75.12403
OCF,Ocala International-Jim Taylor Field,Ocala,Florida,America/New_York,29.17188,-82.22411
OCH,Nacogdoches A L Mangham Jr Regional Airport,Nacogdoches,Texas,America/Chicago,31.57777,-94.71013
OCN,Bob Maxwell Memorial Airfield,Oceanside,California,America/Los_Angeles,33.21798,-117.35151
OCW,Washington-Warren Airport,Washington,North Carolina,America/New_York,35.57194,-77.04976
ODC,Oakdale Airport,Oakdale,California,America/Los_Angeles,37.75634,-120.80021
ODM,Garrett County Airport,Oakland,Maryland,America/New_York,39.58081,-79.33594
ODT,Odessa-Schlemeyer Field,Odessa,Texas,America/Chicago,31.92141,-102.38713
ODW,Delaurentis Airport,Oak Harbor,Washington,America/Los_Angeles,48.25153,-122.67367
OEO,L O Simenstad Municipal Airport,Osceola,Wisconsin,America/Chicago,45.30939,-92.68991
OFF,Offutt Afb Airport,Omaha,Nebraska,America/Chicago,41.11933,-95.90852
OFK,Norfolk Regional/Karl Stefan Memorial Field,Norfolk,Nebraska,America/Chicago,41.98546,-97.43511
OGA,Searle Field,Ogallala,Nebraska,America/Denver,41.11947,-101.7697
OGB,Orangeburg Municipal Airport,Orangeburg,South Carolina,America/New_York,33.45692,-80.85941
OGD,Ogden-Hinckley Airport,Ogden,Utah,America/Denver,41.19507,-112.0122
OGG,Kahului Airport,Kahului,Hawaii,Pacific/Honolulu,20.89865,-156.43046
OGS,Ogdensburg International Airport,Ogdensburg,New York,America/New_York,44.68225,-75.46325
OIC,Lt Warren Eaton Airport,Norwich,New York,America/New_York,42.56656,-75.52411
OJC,Johnson County Executive Airport,Olathe,Kansas,America/Chicago,38.8476,-94.73758
OKC,Okc Will Rogers International Airport,Oklahoma City,Oklahoma,America/Chicago,35.39307,-97.60077
OKK,Kokomo Municipal Airport,Kokomo,Indiana,America/Indiana/Indianapolis,40.52766,-86.05974
OKM,Okmulgee Regional/Paul And Betty Abbott Field,Okmulgee,Oklahoma,America/Chicago,35.66811,-95.94853
OKS,Garden County/King Rhiley Field,Oshkosh,Nebraska,America/Denver,41.40191,-102.35635
OLD,Dewitt Field/Old Town Municipal Airport,Old Town,Maine,America/New_York,44.95233,-68.6745
OLE,Cattaraugus County-Olean Airport,Olean,New York,America/New_York,42.24119,-78.37136
OLF,L M Clayton Airport,Wolf Point,Montana,America/Denver,48.0945,-105.57506
OLH,Old Harbor Airport,Old Harbor,Alaska,America/Anchorage,57.21831,-153.26983
OLM,Olympia Regional Airport,Olympia,Washington,America/Los_Angeles,46.9694,-122.90255
OLS,Nogales International Airport,Nogales,Arizona,America/Phoenix,31.41772,-110.84789
OLU,Columbus Municipal Airport,Columbus,Nebraska,America/Chicago,41.44872,-97.34094
OLV,Olive Branch/Taylor Field,Olive Branch,Mississippi,America/Chicago,34.97875,-89.78686
OLY,Olney-Noble Airport,Olney-Noble,Illinois,America/Chicago,38.72183,-88.17643
OMA,Eppley Airfield,Omaha,Nebraska,America/Chicago,41.30317,-95.89406
OME,Nome Airport,Nome,Alaska,America/Anchorage,64.51256,-165.44439
OMK,Omak Airport,Omak,Washington,America/Los_Angeles,48.46441,-119.51805
ONA,Winona Municipal/Max Conrad Field,Winona,Minnesota,America/Chicago,44.07961,-91.71163
ONH,Albert S Nader Regional Airport,Oneonta,New York,America/New_York,42.52478,-75.06447
ONL,The O'Neill Municipal-John L Baker Field,O'Neill,Nebraska,America/Chicago,42.46936,-98.68778
ONM,Socorro Municipal Airport,Socorro,New Mexico,America/Denver,34.02247,-106.90314
ONO,Ontario Municipal Airport,Ontario,Oregon,America/Denver,44.01936,-117.01303
ONP,Newport Municipal Airport,Newport,Oregon,America/Los_Angeles,44.58036,-124.05792
ONT,Ontario International Airport,Ontario,California,America/Los_Angeles,34.05601,-117.60119
ONY,Olney Municipal Airport,Olney,Texas,America/Chicago,33.35089,-98.81917
OOA,Oskaloosa Municipal Airport,Oskaloosa,Iowa,America/Chicago,41.22611,-92.49383
OOK,Toksook Bay Airport,Toksook Bay,Alaska,America/Anchorage,60.54134,-165.08718
OPF,Miami-Opa Locka Executive Airport,Miami,Florida,America/New_York,25.90742,-80.27822
OPL,St Landry Parish Airport,Opelousas,Louisiana,America/Chicago,30.5584,-92.09938
ORD,Chicago O'Hare International Airport,Chicago,Illinois,America/Chicago,41.97694,-87.90815
ORF,Norfolk International Airport,Norfolk,Virginia,America/New_York,36.89563,-76.19886
ORH,Worcester Regional Airport,Worcester,Massachusetts,America/New_York,42.26714,-71.87561
ORI,Port Lions Airport,Port Lions,Alaska,America/Anchorage,57.88493,-152.84757
ORL,Orlando Executive Airport,Orlando,Florida,America/New_York,28.54546,-81.33293
ORT,Northway Airport,Northway,Alaska,America/Anchorage,62.96117,-141.92808
ORV,Robert/Bob/Curtis Memorial Airport,Noorvik,Alaska,America/Anchorage,66.81753,-161.02225
OSC,Oscoda/Wurtsmith Airport,Oscoda,Michigan,America/Detroit,44.45152,-83.39417
OSH,Wittman Regional Airport,Oshkosh,Wisconsin,America/Chicago,43.98437,-88.55704
OSU,Ohio State University Airport,Columbus,Ohio,America/New_York,40.07952,-83.07321
OSX,Kosciusko-Attala County Airport,Kosciusko,Mississippi,America/Chicago,33.09025,-89.54203
OTG,Worthington Municipal Airport,Worthington,Minnesota,America/Chicago,43.65506,-95.57919
OTH,Southwest Oregon Regional Airport,North Bend,Oregon,America/Los_Angeles,43.41694,-124.24703
OTK,Tillamook Airport,Tillamook,Oregon,America/Los_Angeles,45.41825,-123.81439
OTM,Ottumwa Regional Airport,Ottumwa,Iowa,America/Chicago,41.10722,-92.44717
OTN,Ed-Air Airport,Oaktown,Indiana,America/Indiana/Vincennes,38.84979,-87.49978
OTS,Anacortes Airport,Anacortes,Washington,America/Los_Angeles,48.49851,-122.66247
OTZ,Ralph Wien Memorial Airport,Kotzebue,Alaska,America/Anchorage,66.88481,-162.59814
OUN,University Of Oklahoma Westheimer Airport,Norman,Oklahoma,America/Chicago,35.24556,-97.47214
OVE,Oroville Municipal Airport,Oroville,California,America/Los_Angeles,39.48782,-121.62199
OWA,Owatonna Degner Regional Airport,Owatonna,Minnesota,America/Chicago,44.12295,-93.25883
OWB,Owensboro/Daviess County Regional Airport,Owensboro,Kentucky,America/Chicago,37.73883,-87.16683
OWD,Norwood Memorial Airport,Norwood,Massachusetts,America/New_York,42.19052,-71.17293
OWK,Central Maine/Norridgewock Airport,Norridgewock,Maine,America/New_York,44.7155,-69.86647
OXC,Waterbury-Oxford Airport,Oxford,Connecticut,America/New_York,41.47828,-73.13518
OXD,Miami University Airport,Oxford,Ohio,America/New_York,39.50226,-84.78438
OXR,Oxnard Airport,Oxnard,California,America/Los_Angeles,34.20081,-119.20723
OZA,Ozona Municipal Airport,Ozona,Texas,America/Chicago,30.73519,-101.20219
OZR,Cairns Army Air Field (Fort Rucker) Airport,Fort Rucker,Alabama,America/Chicago,31.27578,-85.71335
PAE,Seattle Paine Field International Airport,Everett,Washington,America/Los_Angeles,47.90505,-122.28135
PAH,Barkley Regional Airport,Paducah,Kentucky,America/Chicago,37.06029,-88.77296
PAK,Port Allen Airport,Hanapepe,Hawaii,Pacific/Honolulu,21.89694,-159.60317
PAM,Tyndall Afb Airport,Panama City,Florida,America/New_York,30.06905,-85.57499
PAO,Palo Alto Airport,Palo Alto,California,America/Los_Angeles,37.46112,-122.11505
PAQ,"Warren ""Bud"" Woods Palmer Municipal Airport",Palmer,Alaska,America/Anchorage,61.59492,-149.08872
PBF,Pinebluff Regional/Grider Field,Pine Bluff,Arkansas,America/Chicago,34.17451,-91.9356
PBG,Plattsburgh International Airport,Plattsburgh,New York,America/New_York,44.65094,-73.46814
PBI,President Donald J Trump International Airport,West Palm Beach,Florida,America/New_York,26.68316,-80.09559
PCA,Portage Creek Airport,Portage Creek,Alaska,America/Anchorage,58.90653,-157.71117
PCD,Prairie Du Chien Municipal Airport,Prairie Du Chien,Wisconsin,America/Chicago,43.01929,-91.12373
PCT,Princeton Airport,Princeton/Rocky Hill,New Jersey,America/New_York,40.39909,-74.65901
PCU,Poplarville/Pearl River County Airport,Poplarville,Mississippi,America/Chicago,30.78658,-89.50454
PDB,Pedro Bay Airport,Pedro Bay,Alaska,America/Anchorage,59.79694,-154.12997
PDK,Dekalb-Peachtree Airport,Atlanta,Georgia,America/New_York,33.876,-84.30203
PDT,Eastern Oregon Regional At Pendleton Airport,Pendleton,Oregon,America/Los_Angeles,45.6951,-118.84337
PDX,Portland International Airport,Portland,Oregon,America/Los_Angeles,45.58871,-122.59687
PEQ,Pecos Municipal Airport,Pecos,Texas,America/Chicago,31.38239,-103.51072
PFC,Pacific City State Airport,Pacific City,Oregon,America/Los_Angeles,45.19936,-123.96189
PGA,Page Municipal Airport,Page,Arizona,America/Phoenix,36.92607,-111.44835
PGC,Grant County Airport,Hyannis,Nebraska,America/Denver,42.00999,-101.77006
PGD,Punta Gorda Airport,Punta Gorda,Florida,America/New_York,26.91859,-81.99089
PGL,Trent Lott International Airport,Pascagoula,Mississippi,America/Chicago,30.46277,-88.52923
PGM,Port Graham Airport,Port Graham,Alaska,America/Anchorage,59.34848,-151.83032
PGO,Stevens Field,Pagosa Springs,Colorado,America/Denver,37.28625,-107.05601
PGR,Kirk Field,Paragould,Arkansas,America/Chicago,36.06381,-90.50919
PGS,Grand Canyon Caverns Airport,Peach Springs,Arizona,America/Phoenix,35.52723,-113.2475
PGV,Pitt-Greenville Airport,Greenville,North Carolina,America/New_York,35.63569,-77.38408
PHD,Harry Clever Field,New Philadelphia,Ohio,America/New_York,40.47017,-81.41994
PHF,Newport News/Williamsburg International Airport,Newport News,Virginia,America/New_York,37.13189,-76.49297
PHK,Palm Beach County Glades Airport,Pahokee,Florida,America/New_York,26.78503,-80.69336
PHL,Philadelphia International Airport,Philadelphia,Pennsylvania,America/New_York,39.87208,-75.24066
PHN,St Clair County International Airport,Port Huron,Michigan,America/New_York,42.91096,-82.52885
PHO,Point Hope Airport,Point Hope,Alaska,America/Nome,68.34813,-166.79913
PHP,Philip Airport,Philip,South Dakota,America/Denver,44.04873,-101.59884
PHT,Henry County Airport,Paris,Tennessee,America/Chicago,36.33595,-88.38444
PHX,Phoenix Sky Harbor International Airport,Phoenix,Arizona,America/Phoenix,33.43428,-112.01158
PIA,General Downing - Peoria International Airport,Peoria,Illinois,America/Chicago,40.66419,-89.69325
PIB,Hattiesburg/Laurel Regional Airport,Hattiesburg-Laurel,Mississippi,America/Chicago,31.46715,-89.33706
PIE,St Pete-Clearwater International Airport,St Petersburg-Clearwater,Florida,America/New_York,27.90863,-82.68651
PIH,Pocatello Regional Airport,Pocatello,Idaho,America/Denver,42.90979,-112.59592
PIM,Harris County Airport,Pine Mountain,Georgia,America/New_York,32.84069,-84.88244
PIP,Pilot Point Airport,Pilot Point,Alaska,America/Anchorage,57.58038,-157.57196
PIR,Pierre Regional Airport,Pierre,South Dakota,America/Chicago,44.38269,-100.28597
PIT,Pittsburgh International Airport,Pittsburgh,Pennsylvania,America/New_York,40.49142,-80.23269
PIZ,Point Lay Lrrs Airport,Point Lay,Alaska,America/Anchorage,69.73289,-163.00533
PJB,Payson Airport,Payson,Arizona,America/Phoenix,34.25684,-111.33926
PKA,Napaskiak Airport,Napaskiak,Alaska,America/Anchorage,60.70291,-161.77831
PKB,Mid-Ohio Valley Regional Airport,Parkersburg,West Virginia,America/New_York,39.34496,-81.43929
PKD,Park Rapids Municipal/Konshok Field,Park Rapids,Minnesota,America/Chicago,46.9012,-95.07311
PKF,Park Falls Municipal Airport,Park Falls,Wisconsin,America/Chicago,45.95509,-90.42443
PLK,M Graham Clark Downtown Airport,Branson,Missouri,America/Chicago,36.62593,-93.22892
PLN,Pellston Regional/Emmet County Airport,Pellston,Michigan,America/Detroit,45.57092,-84.79672
PLR,St Clair County Airport,Pell City,Alabama,America/Chicago,33.55883,-86.24906
PLY,Plymouth Municipal Airport,Plymouth,New Hampshire,America/New_York,43.77825,-71.75385
PMB,Pembina Municipal Airport,Pembina,North Dakota,America/Chicago,48.94242,-97.24067
PMD,Palmdale Usaf Plant 42 Airport,Palmdale,California,America/Los_Angeles,34.62939,-118.08455
PMH,Greater Portsmouth Regional Airport,Portsmouth,Ohio,America/New_York,38.84047,-82.84731
PML,Port Moller Airport,Cold Bay,Alaska,America/Anchorage,56.00599,-160.56079
PNC,Ponca City Regional Airport,Ponca City,Oklahoma,America/Chicago,36.73195,-97.09978
PNE,Northeast Philadelphia Airport,Philadelphia,Pennsylvania,America/New_York,40.08194,-75.01058
PNN,Princeton Municipal Airport,Princeton,Maine,America/New_York,45.20066,-67.5644
PNS,Pensacola International Airport,Pensacola,Florida,America/Chicago,30.47342,-87.18661
PNU,Panguitch Municipal Airport,Panguitch,Utah,America/Denver,37.84522,-112.39194
PNX,North Texas Regional/Perrin Field,Sherman/Denison,Texas,America/Chicago,33.71409,-96.67404
POB,Pope Army Air Field,Fayetteville,North Carolina,America/New_York,35.17089,-79.0145
POC,Brackett Field,La Verne,California,America/Los_Angeles,34.09167,-117.78178
POE,Maks Army Air Field,Fort Polk,Louisiana,America/Chicago,31.04478,-93.19164
POF,Poplar Bluff Regional Business Airport,Poplar Bluff,Missouri,America/Chicago,36.77394,-90.32485
POH,Pocahontas Municipal Airport,Pocahontas,Iowa,America/Chicago,42.74289,-94.64736
POU,Hudson Valley Regional Airport,Poughkeepsie,New York,America/New_York,41.62658,-73.88419
POY,Powell Municipal Airport,Powell,Wyoming,America/Denver,44.86722,-108.79337
PPA,Perry Lefors Field,Pampa,Texas,America/Chicago,35.613,-100.99625
PPC,Prospect Creek Airport,Prospect Creek,Alaska,America/Anchorage,66.81406,-150.64361
PPF,Tri-City Airport,Parsons,Kansas,America/Chicago,37.33081,-95.50617
PPG,Pago Pago International Airport,Pago Pago,,Pacific/Pago_Pago,-14.33166,-170.7115
PPM,Pompano Beach Airpark,Pompano Beach,Florida,America/New_York,26.24736,-80.11113
PQI,Presque Isle International Airport,Presque Isle,Maine,America/New_York,46.68896,-68.04479
PQS,Pilot Station Airport,Pilot Station,Alaska,America/Nome,61.96148,-162.94235
PRB,Paso Robles Municipal Airport,Paso Robles,California,America/Los_Angeles,35.67288,-120.62708
PRC,Prescott Regional/Ernest A Love Field,Prescott,Arizona,America/Phoenix,34.65476,-112.41919
PRO,Perry Municipal Airport,Perry,Iowa,America/Chicago,41.82644,-94.15956
PRW,Prentice Airport,Prentice,Wisconsin,America/Chicago,45.53833,-90.27634
PRX,Cox Field,Paris,Texas,America/Chicago,33.63661,-95.45075
PRZ,Prineville Airport,Prineville,Oregon,America/Los_Angeles,44.28828,-120.90558
PSB,Mid-State Airport,Philipsburg,Pennsylvania,America/New_York,40.88439,-78.08734
PSC,Tri-Cities Airport,Pasco,Washington,America/Los_Angeles,46.26495,-119.1194
PSE,Mercedita Airport,Ponce,Puerto Rico,America/Puerto_Rico,18.00878,-66.56453
PSF,Pittsfield Municipal Airport,Pittsfield,Massachusetts,America/New_York,42.42763,-73.29079
PSG,Petersburg James A Johnson Airport,Petersburg,Alaska,America/Juneau,56.80147,-132.94622
PSK,New River Valley Airport,Dublin,Virginia,America/New_York,37.13734,-80.67848
PSM,Portsmouth International At Pease Airport,Portsmouth,New Hampshire,America/New_York,43.07794,-70.82328
PSN,Palestine Municipal Airport,Palestine,Texas,America/Chicago,31.77969,-95.70631
PSP,Palm Springs International Airport,Palm Springs,California,America/Los_Angeles,33.82967,-116.50669
PSX,Palacios Municipal Airport,Palacios,Texas,America/Chicago,28.7275,-96.25094
PTA,Port Alsworth Airport,Port Alsworth,Alaska,America/Anchorage,60.20433,-154.31887
PTB,Tri Cities Executive/Dinwiddie County Airport,Petersburg,Virginia,America/New_York,37.1843,-77.50617
PTH,Port Heiden Airport,Port Heiden,Alaska,America/Anchorage,56.9591,-158.63336
PTK,Oakland County International Airport,Pontiac,Michigan,America/New_York,42.66564,-83.42051
PTN,Harry P Williams Memorial Airport,Patterson,Louisiana,America/Chicago,29.70955,-91.33898
PTS,Atkinson Municipal Airport,Pittsburg,Kansas,America/Chicago,37.45006,-94.73122
PTT,Pratt Regional Airport,Pratt,Kansas,America/Chicago,37.70253,-98.747
PTU,Platinum Airport,Platinum,Alaska,America/Anchorage,59.01783,-161.82719
PTV,Porterville Municipal Airport,Porterville,California,America/Los_Angeles,36.02958,-119.06272
PTW,Heritage Field,Pottstown,Pennsylvania,America/New_York,40.23956,-75.55672
PUB,Pueblo Memorial Airport,Pueblo,Colorado,America/Denver,38.28995,-104.49803
PUC,Carbon County Regional/Buck Davis Field,Price,Utah,America/Denver,39.61389,-110.75161
PUW,Pullman/Moscow Regional Airport,Pullman/Moscow,Washington,America/Los_Angeles,46.74169,-117.11162
PVC,Provincetown Municipal Airport,Provincetown,Massachusetts,America/New_York,42.07228,-70.22072
PVD,Rhode Island Tf Green International Airport,Providence,Rhode Island,America/New_York,41.72233,-71.42772
PVF,Placerville Airport,Placerville,California,America/Los_Angeles,38.72423,-120.75331
PVL,Pike County/Hatcher Field,Pikeville,Kentucky,America/New_York,37.56181,-82.56643
PVU,Provo Municipal Airport,Provo,Utah,America/Denver,40.21917,-111.72336
PVW,Hale County Airport,Plainview,Texas,America/Chicago,34.16815,-101.71734
PWA,Wiley Post Airport,Oklahoma City,Oklahoma,America/Chicago,35.53401,-97.64695
PWD,Sher-Wood Airport,Plentywood,Montana,America/Denver,48.79052,-104.52374
PWK,Chicago Executive Airport,Chicago/Prospect Heights/Wheeling,Illinois,America/Chicago,42.11488,-87.90199
PWM,Portland International Jetport Airport,Portland,Maine,America/New_York,43.64564,-70.30862
PWT,Bremerton Ntl Airport,Bremerton,Washington,America/Los_Angeles,47.49025,-122.76481
PWY,Ralph Wenz Field,Pinedale,Wyoming,America/Denver,42.79739,-109.81103
PXL,Polacca Airport,Polacca,Arizona,America/Phoenix,35.79161,-110.42339
PYM,Plymouth Municipal Airport,Plymouth,Massachusetts,America/New_York,41.90879,-70.72763
PYS,Paradise Skypark Airport,Paradise,California,America/Los_Angeles,39.71056,-121.6165
RAC,Batten International Airport,Racine,Wisconsin,America/Chicago,42.76118,-87.81391
RAL,Riverside Airport,Riverside,California,America/Los_Angeles,33.95189,-117.44511
RAP,Rapid City Regional Airport,Rapid City,South Dakota,America/Denver,44.04533,-103.05736
RBD,Dallas Executive Airport,Dallas,Texas,America/Chicago,32.68131,-96.86878
RBF,Big Bear City Airport,Big Bear City,California,America/Los_Angeles,34.26378,-116.85603
RBG,Roseburg Regional Airport,Roseburg,Oregon,America/Los_Angeles,43.23933,-123.35585
RBK,French Valley Airport,Murrieta/Temecula,California,America/Los_Angeles,33.57418,-117.12847
RBL,Red Bluff Municipal Airport,Red Bluff,California,America/Los_Angeles,40.15031,-122.25219
RBW,Lowcountry Regional Airport,Walterboro,South Carolina,America/New_York,32.92104,-80.64059
RBY,Ruby Airport,Ruby,Alaska,America/Anchorage,64.72722,-155.46989
RCA,Ellsworth Afb Airport,Rapid City,South Dakota,America/Denver,44.14509,-103.10357
RCE,Roche Harbor Seaplane Base,Roche Harbor,Washington,America/Los_Angeles,48.60815,-123.15963
RCK,H H Coffield Regional Airport,Rockdale,Texas,America/Chicago,30.63138,-96.98949
RCR,Fulton County Airport,Rochester,Indiana,America/Indiana/Indianapolis,41.06555,-86.1817
RCT,Nartron Field,Reed City,Michigan,America/Detroit,43.90002,-85.51672
RDB,Red Dog Airport,Red Dog,Alaska,America/Nome,68.03211,-162.89919
RDD,Redding Regional Airport,Redding,California,America/Los_Angeles,40.50899,-122.29339
RDG,Reading Regional/Carl A Spaatz Field,Reading,Pennsylvania,America/New_York,40.3785,-75.96525
RDM,Roberts Field/Redmond Municipal Airport,Redmond,Oregon,America/Los_Angeles,44.25407,-121.14997
RDR,Grand Forks Afb Airport,Grand Forks,North Dakota,America/Chicago,47.96128,-97.40081
RDU,Raleigh-Durham International Airport,Raleigh/Durham,North Carolina,America/New_York,35.87764,-78.78747
RDV,Red Devil Airport,Red Devil,Alaska,America/Anchorage,61.78806,-157.35025
RED,Mifflin County Airport,Reedsville,Pennsylvania,America/New_York,40.67739,-77.62683
REE,Reese Airpark,Lubbock,Texas,America/Chicago,33.59476,-102.04342
REO,Rome State Airport,Rome,Oregon,America/Boise,42.57766,-117.88543
RFD,Chicago/Rockford International Airport,Chicago/Rockford,Illinois,America/Chicago,42.19536,-89.09722
RFG,Rooke Field,Refugio,Texas,America/Chicago,28.29582,-97.32597
RFK,Rollang Field,Rolling Fork,Mississippi,America/Chicago,32.95429,-90.84593
RGR,Ranger Municipal Airport,Ranger,Texas,America/Chicago,32.45148,-98.68151
RHI,Rhinelander/Oneida County Airport,Rhinelander,Wisconsin,America/Chicago,45.6309,-89.46663
RHV,Reid-Hillview Of Santa Clara County Airport,San Jose,California,America/Los_Angeles,37.33286,-121.81981
RIC,Richmond International Airport,Richmond,Virginia,America/New_York,37.50518,-77.31974
RID,Richmond Municipal Airport,Richmond,Indiana,America/New_York,39.75608,-84.84269
RIE,Rice Lake Regional/Carl's Field,Rice Lake,Wisconsin,America/Chicago,45.42011,-91.77333
RIF,Richfield Municipal Airport,Richfield,Utah,America/Denver,38.73411,-112.10158
RIL,Rifle Garfield County Airport,Rifle,Colorado,America/Denver,39.52661,-107.72799
RIR,Flabob Airport,Riverside/Rubidoux/,California,America/Los_Angeles,33.98879,-117.40991
RIV,March Arb Airport,Riverside,California,America/Los_Angeles,33.88194,-117.25902
RIW,Central Wyoming Regional Airport,Riverton,Wyoming,America/Denver,43.06424,-108.45984
RKD,Knox County Regional Airport,Rockland,Maine,America/New_York,44.06014,-69.09967
RKH,Rock Hill/York County/Bryant Field,Rock Hill,South Carolina,America/New_York,34.98783,-81.05717
RKP,Aransas County Airport,Rockport,Texas,America/Chicago,28.08622,-97.04369
RKR,Robert S Kerr Airport,Poteau,Oklahoma,America/Chicago,35.02164,-94.62125
RKS,Southwest Wyoming Regional Airport,Rock Springs,Wyoming,America/Denver,41.59422,-109.0652
RKW,Rockwood Municipal Airport,Rockwood,Tennessee,America/Chicago,35.92233,-84.68978
RLD,Richland Airport,Richland,Washington,America/Los_Angeles,46.30564,-119.30419
RME,Griffiss International Airport,Rome,New York,America/New_York,43.2338,-75.40703
RMG,Richard B Russell Regional - J H Towers Field,Rome,Georgia,America/New_York,34.35164,-85.15858
RMP,Rampart Airport,Rampart,Alaska,America/Anchorage,65.5079,-150.14083
RMY,Mariposa-Yosemite Airport,Mariposa,California,America/Los_Angeles,37.51086,-120.03953
RNC,Warren County Memorial Airport,Mc Minnville,Tennessee,America/Chicago,35.6987,-85.84382
RND,Randolph Afb Airport,Universal City,Texas,America/Chicago,29.52891,-98.27803
RNG,Rangely Airport,Rangely,Colorado,America/Denver,40.09397,-108.76306
RNH,New Richmond Regional Airport,New Richmond,Wisconsin,America/Chicago,45.14779,-92.53918
RNO,Reno/Tahoe International Airport,Reno,Nevada,America/Los_Angeles,39.49911,-119.76811
RNT,Renton Municipal Airport,Renton,Washington,America/Los_Angeles,47.49314,-122.21575
RNZ,Jasper County Airport,Rensselaer,Indiana,America/Chicago,40.94782,-87.18265
ROA,Roanoke/Blacksburg Regional (Woodrum Field) Airport,Roanoke,Virginia,America/New_York,37.32547,-79.97542
ROC,Frederick Douglass/Greater Rochester International Airport,Rochester,New York,America/New_York,43.11914,-77.67187
ROF,Montague-Yreka Rohrer Field,Montague,California,America/Los_Angeles,41.72998,-122.54448
ROG,Rogers Executive - Carter Field,Rogers,Arkansas,America/Chicago,36.37242,-94.10697
ROL,Roosevelt Municipal Airport,Roosevelt,Utah,America/Denver,40.27841,-110.05138
ROP,Benjamin Taisacan Manglona International Airport,Rota Island,,Pacific/Saipan,14.17435,145.24112
ROW,Roswell Air Center Airport,Roswell,New Mexico,America/Denver,33.29988,-104.5294
ROX,Roseau Municipal/Rudy Billberg Field,Roseau,Minnesota,America/Chicago,48.85625,-95.69694
RPX,Roundup Airport,Roundup,Montana,America/Denver,46.475,-108.54342
RRL,Merrill Municipal Airport,Merrill,Wisconsin,America/Chicago,45.19892,-89.71285
RRT,Warroad International Memorial Airport,Warroad,Minnesota,America/Chicago,48.94147,-95.34847
RSH,Russian Mission Airport,Russian Mission,Alaska,America/Anchorage,61.77489,-161.3194
RSL,Russell Municipal Airport,Russell,Kansas,America/Chicago,38.87136,-98.8116
RSN,Ruston Regional Airport,Ruston,Louisiana,America/Chicago,32.51322,-92.58844
RST,Rochester International Airport,Rochester,Minnesota,America/Chicago,43.90828,-92.50003
RSW,Southwest Florida International Airport,Fort Myers,Florida,America/New_York,26.53616,-81.75516
RTL,Spirit Lake Municipal Airport,Spirit Lake,Iowa,America/Chicago,43.38742,-95.13947
RTN,Raton Municipal/Crews Field,Raton,New Mexico,America/Denver,36.74244,-104.50173
RUI,Sierra Blanca Regional Airport,Ruidoso,New Mexico,America/Denver,33.46094,-105.53014
RUT,Rutland/Southern Vermont Regional Airport,Rutland,Vermont,America/New_York,43.52973,-72.94963
RVR,Green River Municipal Airport,Green River,Utah,America/Denver,38.96169,-110.22729
RVS,Tulsa Riverside Airport,Tulsa,Oklahoma,America/Chicago,36.03958,-95.98459
RWF,Redwood Falls Municipal Airport,Redwood Falls,Minnesota,America/Chicago,44.54689,-95.082
RWI,Rocky Mount/Wilson Regional Airport,Rocky Mount,North Carolina,America/New_York,35.85625,-77.89193
RWL,Rawlins Municipal/Harvey Field,Rawlins,Wyoming,America/Denver,41.80572,-107.20033
RXE,Rexburg-Madison County Airport,Rexburg,Idaho,America/Boise,43.83392,-111.80511
RZZ,Halifax/Northampton Regional Airport,Roanoke Rapids,North Carolina,America/New_York,36.32979,-77.63523
SAA,Shively Field,Saratoga,Wyoming,America/Denver,41.44353,-106.82753
SAC,Sacramento Executive Airport,Sacramento,California,America/Los_Angeles,38.51286,-121.4933
SAD,Safford Regional/1Lt Duane Spalsbury Field,Safford,Arizona,America/Phoenix,32.85334,-109.63508
SAF,Santa Fe Regional Airport,Santa Fe,New Mexico,America/Denver,35.61711,-106.08942
SAN,San Diego International Airport,San Diego,California,America/Los_Angeles,32.73356,-117.18966
SAR,Sparta Community-Hunter Field,Sparta,Illinois,America/Chicago,38.14886,-89.6985
SAS,Salton Sea Airport,Salton City,California,America/Los_Angeles,33.24119,-115.95258
SAT,San Antonio International Airport,San Antonio,Texas,America/Chicago,29.53396,-98.46906
SAV,Savannah/Hilton Head International Airport,Savannah,Georgia,America/New_York,32.12758,-81.20214
SBA,Santa Barbara Municipal Airport,Santa Barbara,California,America/Los_Angeles,34.42619,-119.84149
SBD,San Bernardino International Airport,San Bernardino,California,America/Los_Angeles,34.09536,-117.23489
SBM,Sheboygan County Memorial International Airport,Sheboygan,Wisconsin,America/Chicago,43.76977,-87.85172
SBN,South Bend International Airport,South Bend,Indiana,America/Indiana/Indianapolis,41.70822,-86.31734
SBO,Salina-Gunnison Airport,Salina,Utah,America/Denver,39.02913,-111.83826
SBP,San Luis Obispo County Regional Airport,San Luis Obispo,California,America/Los_Angeles,35.23727,-120.6426
SBS,Steamboat Springs/Bob Adams Field,Steamboat Springs,Colorado,America/Denver,40.51626,-106.8663
SBX,Shelby Airport,Shelby,Montana,America/Denver,48.54069,-111.87125
SBY,Salisbury-Ocean City Wicomico Regional Airport,Salisbury,Maryland,America/New_York,38.34019,-75.50948
SCB,Scribner State Airport,Scribner,Nebraska,America/Chicago,41.61071,-96.62978
SCC,Deadhorse Airport,Deadhorse,Alaska,America/Anchorage,70.19475,-148.46517
SCE,State College Regional Airport,State College,Pennsylvania,America/New_York,40.85,-77.84758
SCF,Scottsdale Airport,Scottsdale,Arizona,America/Phoenix,33.62288,-111.91053
SCH,Schenectady County Airport,Schenectady,New York,America/New_York,42.85272,-73.92956
SCK,Stockton Metro Airport,Stockton,California,America/Los_Angeles,37.89441,-121.23874
SCM,Scammon Bay Airport,Scammon Bay,Alaska,America/Anchorage,61.84454,-165.57375
SDF,Louisville Muhammad Ali International Airport,Louisville,Kentucky,America/Kentucky/Louisville,38.17408,-85.73649
SDM,Brown Field Municipal Airport,San Diego,California,America/Los_Angeles,32.57228,-116.98017
SDP,Sand Point Airport,Sand Point,Alaska,America/Anchorage,55.3137,-160.52142
SDX,Sedona Airport,Sedona,Arizona,America/Phoenix,34.84859,-111.78845
SDY,Sidney-Richland Regional Airport,Sidney,Montana,America/Denver,47.70686,-104.19255
SEA,Seattle-Tacoma International Airport,Seattle,Washington,America/Los_Angeles,47.44989,-122.31178
SEE,Gillespie Field,San Diego/El Cajon,California,America/Los_Angeles,32.82622,-116.97244
SEF,Sebring Regional Airport,Sebring,Florida,America/New_York,27.45639,-81.34239
SEG,Penn Valley Airport,Selinsgrove,Pennsylvania,America/New_York,40.82124,-76.86417
SEM,Craig Field,Selma,Alabama,America/Chicago,32.34395,-86.98781
SEP,Stephenville Clark Regional Airport,Stephenville,Texas,America/Chicago,32.21532,-98.17768
SER,Freeman Municipal Airport,Seymour,Indiana,America/Indiana/Indianapolis,38.92426,-85.90972
SFB,Orlando Sanford International Airport,Orlando,Florida,America/New_York,28.77718,-81.23491
SFF,Felts Field,Spokane,Washington,America/Los_Angeles,47.68294,-117.32243
SFM,Sanford Seacoast Regional Airport,Sanford,Maine,America/New_York,43.39381,-70.708
SFO,San Francisco International Airport,San Francisco,California,America/Los_Angeles,37.61881,-122.37542
SFZ,North Central State Airport,Pawtucket,Rhode Island,America/New_York,41.92075,-71.49142
SGF,Springfield-Branson Ntl Airport,Springfield,Missouri,America/Chicago,37.24566,-93.38863
SGH,Springfield/Beckley Municipal Airport,Springfield,Ohio,America/New_York,39.84028,-83.84017
SGR,Sugar Land Regional Airport,Houston,Texas,America/Chicago,29.62225,-95.65653
SGT,Stuttgart Municipal Carl Humphrey Field,Stuttgart,Arkansas,America/Chicago,34.59948,-91.575
SGU,St George Regional Airport,St George,Utah,America/Denver,37.03638,-113.5103
SGY,Skagway Airport,Skagway,Alaska,America/Anchorage,59.4602,-135.31686
SHD,Shenandoah Valley Regional Airport,Staunton/Waynesboro/Harrisonburg,Virginia,America/New_York,38.26383,-78.89644
SHG,Shungnak Airport,Shungnak,Alaska,America/Anchorage,66.88808,-157.16242
SHH,Shishmaref Airport,Shishmaref,Alaska,America/Anchorage,66.24958,-166.08936
SHN,Sanderson Field,Shelton,Washington,America/Los_Angeles,47.23356,-123.14756
SHR,Sheridan County Airport,Sheridan,Wyoming,America/Denver,44.76919,-106.98028
SHV,Shreveport Regional Airport,Shreveport,Louisiana,America/Chicago,32.44651,-93.82604
SHX,Shageluk Airport,Shageluk,Alaska,America/Anchorage,62.69231,-159.56922
SIG,Fernando Luis Ribas Dominicci Airport,San Juan,Puerto Rico,America/Puerto_Rico,18.45678,-66.09847
SIK,Sikeston Memorial Municipal Airport,Sikeston,Missouri,America/Chicago,36.89889,-89.56175
SIT,Sitka Rocky Gutierrez Airport,Sitka,Alaska,America/Anchorage,57.04683,-135.36107
SIV,Sullivan County Airport,Sullivan,Indiana,America/Indiana/Indianapolis,39.11471,-87.44833
SIY,Siskiyou County Airport,Montague,California,America/Los_Angeles,41.78144,-122.46811
SJC,Mineta San Jose International Airport,San Jose,California,America/Los_Angeles,37.36299,-121.92862
SJN,St Johns Industrial Air Park,St Johns,Arizona,America/Phoenix,34.51856,-109.37875
SJT,San Angelo Regional/Mathis Field,San Angelo,Texas,America/Chicago,31.35775,-100.4963
SJU,Luis Munoz Marin International Airport,San Juan,Puerto Rico,America/Puerto_Rico,18.4394,-66.00213
SKA,Fairchild Afb Airport,Spokane,Washington,America/Los_Angeles,47.61506,-117.65581
SKF,Kelly Field,San Antonio,Texas,America/Chicago,29.38423,-98.58112
SKK,Shaktoolik Airport,Shaktoolik,Alaska,America/Anchorage,64.37108,-161.22397
SKW,Skwentna Airport,Skwentna,Alaska,America/Anchorage,61.96611,-151.19539
SLB,Storm Lake Municipal Airport,Storm Lake,Iowa,America/Chicago,42.59723,-95.24067
SLC,Salt Lake City International Airport,Salt Lake City,Utah,America/Denver,40.78839,-111.97777
SLE,Mcnary Field,Salem,Oregon,America/Los_Angeles,44.90953,-123.0025
SLG,Smith Field,Siloam Springs,Arkansas,America/Chicago,36.19185,-94.48999
SLK,Adirondack Regional Airport,Saranac Lake,New York,America/New_York,44.38531,-74.20618
SLN,Salina Regional Airport,Salina,Kansas,America/Chicago,38.79061,-97.65222
SLO,Salem-Leckrone Airport,Salem,Illinois,America/Chicago,38.64287,-88.96419
SLQ,Sleetmute Airport,Sleetmute,Alaska,America/Anchorage,61.70051,-157.16585
SLR,Sulphur Springs Municipal Airport,Sulphur Springs,Texas,America/Chicago,33.15983,-95.62114
SLT,Salida/Harriett Alexander Field,Salida,Colorado,America/Denver,38.53828,-106.04864
SMD,Smith Field,Fort Wayne,Indiana,America/New_York,41.14336,-85.15278
SME,Lake Cumberland Regional Airport,Somerset,Kentucky,America/New_York,37.05358,-84.61564
SMF,Sacramento International Airport,Sacramento,California,America/Los_Angeles,38.69544,-121.59078
SMK,St Michael Airport,St Michael,Alaska,America/Nome,63.49006,-162.11039
SMN,Lemhi County Airport,Salmon,Idaho,America/Denver,45.12328,-113.88144
SMO,Santa Monica Municipal Airport,Santa Monica,California,America/Los_Angeles,34.01582,-118.45131
SMU,Sheep Mountain Airport,Sheep Mountain,Alaska,America/Anchorage,61.81128,-147.50905
SMX,Santa Maria Pub/Capt G Allan Hancock Field,Santa Maria,California,America/Los_Angeles,34.89994,-120.45808
SNA,John Wayne/Orange County Airport,Santa Ana,California,America/Los_Angeles,33.67566,-117.86823
SNK,Winston Field,Snyder,Texas,America/Chicago,32.69339,-100.95047
SNL,Shawnee Regional Airport,Shawnee,Oklahoma,America/Chicago,35.35731,-96.94283
SNP,St Paul Island Airport,St Paul Island,Alaska,America/Adak,57.16631,-170.22256
SNS,Salinas Municipal Airport,Salinas,California,America/Los_Angeles,36.66241,-121.60715
SNY,Sidney Municipal/Lloyd W Carr Field,Sidney,Nebraska,America/Denver,41.09976,-102.98499
SOL,Solomon State Field,Solomon,Alaska,America/Nome,64.56064,-164.44233
SOP,Moore County Airport,Pinehurst/Southern Pines,North Carolina,America/New_York,35.23742,-79.38903
SOV,Seldovia Airport,Seldovia,Alaska,America/Anchorage,59.44391,-151.70504
SOW,Show Low Regional Airport,Show Low,Arizona,America/Phoenix,34.26547,-110.00566
SPA,Spartanburg Downtown Memorial/Simpson Field,Spartanburg,South Carolina,America/New_York,34.9164,-81.95577
SPF,Black Hills-Clyde Ice Field,Spearfish,South Dakota,America/Denver,44.48106,-103.786
SPG,Albert Whitted Airport,St Petersburg,Florida,America/New_York,27.76511,-82.62694
SPI,Abraham Lincoln Capital Airport,Springfield,Illinois,America/Chicago,39.84461,-89.67756
SPN,Francisco C Ada/Saipan International Airport,Saipan Island,,Pacific/Saipan,15.12025,145.72999
SPS,Sheppard Afb/Wichita Falls Municipal Airport,Wichita Falls,Texas,America/Chicago,33.9888,-98.49191
SPW,Spencer Municipal Airport,Spencer,Iowa,America/Chicago,43.16565,-95.20279
SPZ,Springdale Municipal Airport,Springdale,Arkansas,America/Chicago,36.17639,-94.11925
SQA,Santa Ynez/Kunkle Field,Santa Ynez,California,America/Los_Angeles,34.60681,-120.07555
SQI,Whiteside County/Jos H Bittorf Field,Sterling/Rockfalls,Illinois,America/Chicago,41.74283,-89.67628
SQL,San Carlos Airport,San Carlos,California,America/Los_Angeles,37.51186,-122.24953
SQV,Sequim Valley Airport,Sequim,Washington,America/Los_Angeles,48.09792,-123.18792
SRC,Searcy Regional Airport,Searcy,Arkansas,America/Chicago,35.21061,-91.73754
SRF,San Rafael Airport,San Rafael,California,America/Los_Angeles,38.01687,-122.52081
SRQ,Sarasota/Bradenton International Airport,Sarasota/Bradenton,Florida,America/New_York,27.39544,-82.55439
SRV,Stony River 2 Airport,Stony River,Alaska,America/Anchorage,61.78975,-156.58853
SRW,Mid-Carolina Regional Airport,Salisbury,North Carolina,America/New_York,35.64588,-80.52029
SSC,Shaw Afb Airport,Sumter,South Carolina,America/New_York,33.97272,-80.47056
SSF,Stinson Municipal Airport,San Antonio,Texas,America/Chicago,29.33698,-98.47104
SSI,St Simons Island Airport,St Simons Island,Georgia,America/New_York,31.15197,-81.39106
SSM,Sault Ste Marie Municipal/Sanderson Field,Sault Ste Marie,Michigan,America/Detroit,46.47922,-84.36839
SSW,Stuart Island Airpark,Stuart Island,Washington,America/Los_Angeles,48.67288,-123.17575
STC,St Cloud Sky Central Airport,St Cloud,Minnesota,America/Chicago,45.54622,-94.05939
STE,Stevens Point Municipal Airport,Stevens Point,Wisconsin,America/Chicago,44.54514,-89.53028
STG,St George Airport,St George,Alaska,America/Anchorage,56.57736,-169.66372
STJ,Rosecrans Memorial Airport,St Joseph,Missouri,America/Chicago,39.77194,-94.90971
STK,Sterling Municipal Airport,Sterling,Colorado,America/Denver,40.6143,-103.26426
STL,St Louis Lambert International Airport,St Louis,Missouri,America/Chicago,38.7487,-90.37003
STP,St Paul Downtown Holman Field,St Paul,Minnesota,America/Chicago,44.93462,-93.06035
STQ,St Marys Municipal Airport,St Marys,Pennsylvania,America/New_York,41.41248,-78.50263
STS,Charles M Schulz/Sonoma County Airport,Santa Rosa,California,America/Los_Angeles,38.50969,-122.81289
STT,Cyril E King Airport,Charlotte Amalie,Virgin Islands,America/St_Thomas,18.33731,-64.97333
STX,Henry E Rohlsen Airport,Christiansted,Virgin Islands,America/St_Thomas,17.70154,-64.80198
SUA,Witham Field,Stuart,Florida,America/New_York,27.1817,-80.22129
SUD,Stroud Municipal Airport,Stroud,Oklahoma,America/Chicago,35.78958,-96.65567
SUE,Door County Cherryland Airport,Sturgeon Bay,Wisconsin,America/Chicago,44.84367,-87.42153
SUM,Sumter Airport,Sumter,South Carolina,America/New_York,33.99503,-80.36133
SUN,Friedman Memorial Airport,Hailey,Idaho,America/Denver,43.50378,-114.29556
SUO,Sunriver Airport,Sunriver,Oregon,America/Los_Angeles,43.87631,-121.45305
SUS,Spirit Of St Louis Airport,St Louis,Missouri,America/Chicago,38.66212,-90.65205
SUU,Travis Afb Airport,Fairfield,California,America/Los_Angeles,38.26454,-121.92413
SUW,Richard I Bong Airport,Superior,Wisconsin,America/Chicago,46.68968,-92.09464
SUX,Sioux Gateway/Brig General Bud Day Field,Sioux City,Iowa,America/Chicago,42.40131,-96.38442
SVA,Savoonga Airport,Savoonga,Alaska,America/Anchorage,63.68628,-170.49317
SVC,Grant County Airport,Silver City,New Mexico,America/Denver,32.63655,-108.15639
SVE,Susanville Municipal Airport,Susanville,California,America/Los_Angeles,40.37569,-120.57269
SVH,Statesville Regional Airport,Statesville,North Carolina,America/New_York,35.765,-80.9539
SVN,Hunter Army Air Field,Savannah,Georgia,America/New_York,32.01002,-81.14599
SVS,Stevens Village Airport,Stevens Village,Alaska,America/Anchorage,66.01717,-149.05436
SVW,Sparrevohn Lrrs Airport,Sparrevohn,Alaska,America/Anchorage,61.09711,-155.57481
SWD,Seward Airport,Seward,Alaska,America/Anchorage,60.12989,-149.41663
SWF,New York Stewart International Airport,New York,New York,America/New_York,41.50411,-74.10483
SWO,Stillwater Regional Airport,Stillwater,Oklahoma,America/Chicago,36.16139,-97.08589
SWW,Avenger Field,Sweetwater,Texas,America/Chicago,32.46736,-100.46656
SXP,Nunam Iqua Airport,Nunam Iqua,Alaska,America/Nome,62.52042,-164.84765
SXQ,Soldotna Airport,Soldotna,Alaska,America/Anchorage,60.47514,-151.03964
SXY,Sidney Municipal Airport,Sidney,New York,America/New_York,42.30258,-75.41597
SYA,Eareckson Air Station,Shemya,Alaska,America/Adak,52.71226,174.11359
SYI,Bomar Field/Shelbyville Municipal Airport,Shelbyville,Tennessee,America/Chicago,35.5594,-86.44247
SYN,Stanton Airfield,Stanton,Minnesota,America/Chicago,44.47552,-93.01632
SYR,Syracuse Hancock International Airport,Syracuse,New York,America/New_York,43.11118,-76.10632
SYV,Sylvester Airport,Sylvester,Georgia,America/New_York,31.55716,-83.89404
SZL,Whiteman Afb Airport,Knob Noster,Missouri,America/Chicago,38.73031,-93.54786
SZP,Santa Paula Airport,Santa Paula,California,America/Los_Angeles,34.34702,-119.06162
TAD,Perry Stokes Airport,Trinidad,Colorado,America/Denver,37.25922,-104.34086
TAL,Ralph M Calhoun Memorial Airport,Tanana,Alaska,America/Anchorage,65.17439,-152.10811
TBC,Tuba City Airport,Tuba City,Arizona,America/Denver,36.09264,-111.38308
TBN,Waynesville-St Robert Regional Forney Field,Fort Leonard Wood,Missouri,America/Chicago,37.74164,-92.14072
TBR,Statesboro-Bulloch County Airport,Statesboro,Georgia,America/New_York,32.48275,-81.73694
TCC,Tucumcari Municipal Airport,Tucumcari,New Mexico,America/Denver,35.18278,-103.60319
TCL,Tuscaloosa Ntl Airport,Tuscaloosa,Alabama,America/Chicago,33.22063,-87.6114
TCM,Mcchord Field (Joint Base Lewis-Mcchord) Airport,Tacoma,Washington,America/Los_Angeles,47.13768,-122.47647
TCS,Truth Or Consequences Municipal Airport,Truth Or Consequences,New Mexico,America/Denver,33.23536,-107.26989
TCT,Takotna Airport,Takotna,Alaska,America/Anchorage,62.99294,-156.02972
TDO,Ed Carlson Memorial Field/South Lewis County Airport,Toledo,Washington,America/Los_Angeles,46.47717,-122.80648
TDW,Tradewind Airport,Amarillo,Texas,America/Chicago,35.16989,-101.82586
TDZ,Toledo Executive Airport,Toledo,Ohio,America/New_York,41.56494,-83.48222
TEB,Teterboro Airport,Teterboro,New Jersey,America/New_York,40.8501,-74.06083
TEH,Tetlin Airport,Tetlin,Alaska,America/Anchorage,63.12469,-142.51856
TEK,Tatitlek Airport,Tatitlek,Alaska,America/Anchorage,60.87239,-146.69117
TEX,Telluride Regional Airport,Telluride,Colorado,America/Denver,37.95381,-107.90875
THA,Tullahoma Regional/Wm Northern Field,Tullahoma,Tennessee,America/Chicago,35.38012,-86.24678
THM,Thompson Falls Airport,Thompson Falls,Montana,America/Denver,47.5735,-115.28066
THP,Hot Springs County Airport,Thermopolis,Wyoming,America/Denver,43.71361,-108.38969
THV,York Airport,York,Pennsylvania,America/New_York,39.917,-76.87303
TIK,Tinker Afb Airport,Oklahoma City,Oklahoma,America/Chicago,35.41475,-97.38664
TIQ,Francisco Manglona Borja/Tinian International Airport,Tinian Island,,Pacific/Saipan,14.99923,145.61935
TIW,Tacoma Narrows Airport,Tacoma,Washington,America/Los_Angeles,47.26794,-122.57811
TIX,Space Coast Regional Airport,Titusville,Florida,America/New_York,28.5148,-80.79923
TKA,Talkeetna Airport,Talkeetna,Alaska,America/Anchorage,62.32137,-150.09272
TKF,Truckee-Tahoe Airport,Truckee,California,America/Los_Angeles,39.32006,-120.13958
TKJ,Tok Junction Airport,Tok,Alaska,America/Anchorage,63.32951,-142.95368
TLA,Teller Airport,Teller,Alaska,America/Anchorage,65.24039,-166.33939
TLF,Telida Airport,Telida,Alaska,America/Anchorage,63.37899,-153.28421
TLH,Tallahassee International Airport,Tallahassee,Florida,America/New_York,30.39675,-84.35087
TLJ,Tatalina Lrrs Airport,Takotna,Alaska,America/Anchorage,62.89491,-155.97801
TLR,Mefford Field,Tulare,California,America/Los_Angeles,36.15658,-119.32656
TLT,Tuluksak Airport,Tuluksak,Alaska,America/Anchorage,61.08773,-160.92335
TMA,Henry Tift Myers Airport,Tifton,Georgia,America/New_York,31.42956,-83.48922
TMB,Miami Executive Airport,Miami,Florida,America/New_York,25.64756,-80.43322
TNC,Tin City Lrrs Airport,Tin City,Alaska,America/Nome,65.56403,-167.92246
TNK,Tununak Airport,Tununak,Alaska,America/Nome,60.56953,-165.24628
TNP,Twentynine Palms Airport,Twentynine Palms,California,America/Los_Angeles,34.13158,-115.94581
TNT,Dade-Collier Training And Transition Airport,Miami,Florida,America/New_York,25.86181,-80.897
TNU,Newton Municipal-Earl Johnson Field,Newton,Iowa,America/Chicago,41.67443,-93.02173
TOA,Zamperini Field,Torrance,California,America/Los_Angeles,33.80338,-118.33961
TOC,Toccoa Rg Letourneau Field,Toccoa,Georgia,America/New_York,34.59281,-83.29637
TOG,Togiak Airport,Togiak Village,Alaska,America/Anchorage,59.05356,-160.39678
TOI,Troy Municipal At N Kenneth Campbell Field,Troy,Alabama,America/Chicago,31.86,-86.01389
TOL,Eugene F Kranz Toledo Express Airport,Toledo,Ohio,America/New_York,41.58682,-83.80783
TOP,Philip Billard Municipal Airport,Topeka,Kansas,America/Chicago,39.06882,-95.62238
TOR,Torrington Municipal Airport,Torrington,Wyoming,America/Denver,42.06442,-104.15268
TPA,Tampa International Airport,Tampa,Florida,America/New_York,27.97547,-82.53325
TPF,Peter O Knight Airport,Tampa,Florida,America/New_York,27.91544,-82.44939
TPH,Tonopah Airport,Tonopah,Nevada,America/Los_Angeles,38.05989,-117.0866
TPL,Draughon-Miller Central Texas Regional Airport,Temple,Texas,America/Chicago,31.1519,-97.40766
TRH,Trona Airport,Trona,California,America/Los_Angeles,35.81267,-117.32692
TRI,Tri-Cities Airport,Bristol/Johnson/Kingsport,Tennessee,America/New_York,36.47521,-82.40742
TRL,Terrell Municipal Airport,Terrell,Texas,America/Chicago,32.70849,-96.26709
TRM,Jacqueline Cochran Regional Airport,Palm Springs,California,America/Los_Angeles,33.62667,-116.15965
TRX,Trenton Municipal Airport,Trenton,Missouri,America/Chicago,40.08353,-93.59064
TSG,Tanacross Airport,Tanacross,Alaska,America/Anchorage,63.37406,-143.32899
TSM,Taos Regional Airport,Taos,New Mexico,America/Denver,36.45169,-105.67308
TSP,Tehachapi Municipal Airport,Tehachapi,California,America/Los_Angeles,35.13499,-118.4393
TTD,Portland-Troutdale Airport,Portland,Oregon,America/Los_Angeles,45.54936,-122.40125
TTN,Trenton Mercer Airport,Trenton,New Jersey,America/New_York,40.27669,-74.81347
TTO,Britton Municipal Airport,Britton,South Dakota,America/Chicago,45.81503,-97.74281
TUL,Tulsa International Airport,Tulsa,Oklahoma,America/Chicago,36.19839,-95.8881
TUP,Tupelo Regional Airport,Tupelo,Mississippi,America/Chicago,34.269,-88.76989
TUS,Tucson International Airport,Tucson,Arizona,America/Phoenix,32.11707,-110.94146
TVC,Cherry Capital Airport,Traverse City,Michigan,America/New_York,44.74158,-85.58187
TVF,Thief River Falls Regional Airport,Thief River Falls,Minnesota,America/Chicago,48.06568,-96.185
TVI,Thomasville Regional Airport,Thomasville,Georgia,America/New_York,30.90147,-83.88144
TVL,Lake Tahoe Airport,South Lake Tahoe,California,America/Los_Angeles,38.89389,-119.99533
TWA,Twin Hills Airport,Twin Hills,Alaska,America/Anchorage,59.07453,-160.27504
TWD,Jefferson County International Airport,Port Townsend,Washington,America/Los_Angeles,48.05381,-122.81064
TWE,Taylor Airport,Taylor,Alaska,America/Nome,65.67928,-164.79881
TWF,Joslin Field/Magic Valley Regional Airport,Twin Falls,Idaho,America/Boise,42.48181,-114.48774
TXK,Texarkana Regional-Webb Field,Texarkana,Arkansas,America/Chicago,33.45372,-93.99103
TYE,Tyonek Airport,Tyonek,Alaska,America/Anchorage,61.07666,-151.13807
TYR,Tyler Pounds Regional Airport,Tyler,Texas,America/Chicago,32.35355,-95.40298
TYS,Mc Ghee Tyson Airport,Knoxville,Tennessee,America/New_York,35.81109,-83.99407
TYZ,Taylor Airport,Taylor,Arizona,America/Phoenix,34.45273,-110.11504
TZC,Tuscola Area Airport,Caro,Michigan,America/Detroit,43.45886,-83.44545
UAM,Andersen Afb Airport,Yigo,,Pacific/Guam,13.58389,144.93006
UBS,Columbus-Lowndes County Airport,Columbus,Mississippi,America/Chicago,33.46533,-88.38075
UCE,Eunice Airport,Eunice,Louisiana,America/Chicago,30.46628,-92.4238
UCY,Everett-Stewart Regional Airport,Union City,Tennessee,America/Chicago,36.37974,-88.9857
UDD,Bermuda Dunes Airport,Palm Springs,California,America/Los_Angeles,33.74844,-116.27481
UES,Waukesha County Airport,Waukesha,Wisconsin,America/Chicago,43.04103,-88.23706
UGB,Ugashik Bay Airport,Pilot Point,Alaska,America/Anchorage,57.42536,-157.73987
UGN,Waukegan Ntl Airport,Chicago/Waukegan,Illinois,America/Chicago,42.42215,-87.86792
UGS,Ugashik Airport,Ugashik,Alaska,America/Anchorage,57.52343,-157.39599
UIL,Quillayute Airport,Quillayute,Washington,America/Los_Angeles,47.93658,-124.56262
UIN,Quincy Regional-Baldwin Field,Quincy,Illinois,America/Chicago,39.94228,-91.1924
UKI,Ukiah Municipal Airport,Ukiah,California,America/Los_Angeles,39.12594,-123.20086
UKN,Waukon Municipal Airport,Waukon,Iowa,America/Chicago,43.28048,-91.46953
UKT,Quakertown Airport,Quakertown,Pennsylvania,America/New_York,40.43514,-75.38194
ULM,New Ulm Municipal Airport,New Ulm,Minnesota,America/Chicago,44.31839,-94.50164
UMM,Summit Airport,Summit,Alaska,America/Anchorage,63.33104,-149.12884
UMT,Umiat Airport,Umiat,Alaska,America/Anchorage,69.37111,-152.13498
UMZ,Mena Intermountain Municipal Airport,Mena,Arkansas,America/Chicago,34.54551,-94.20242
UNK,Unalakleet Airport,Unalakleet,Alaska,America/Anchorage,63.8885,-160.79911
UNU,Dodge County Airport,Juneau,Wisconsin,America/Chicago,43.42647,-88.70386
UOS,Franklin County Airport,Sewanee,Tennessee,America/Chicago,35.20515,-85.89815
UOX,University-Oxford Airport,Oxford,Mississippi,America/Chicago,34.38433,-89.53681
UPP,Upolu Airport,Hawi,Hawaii,Pacific/Honolulu,20.26519,-155.85994
USA,Concord-Padgett Regional Airport,Concord,North Carolina,America/New_York,35.38777,-80.70913
USC,"Union County, Troy Shelton Field",Union,South Carolina,America/New_York,34.68695,-81.64116
UST,St Augustine Airport,St Augustine,Florida,America/New_York,29.95925,-81.33973
UTM,Tunica Municipal Airport,Tunica,Mississippi,America/Chicago,34.68506,-90.34778
UTO,Indian Mountain Lrrs Airport,Utopia Creek,Alaska,America/Anchorage,65.99277,-153.70349
UUK,Ugnu-Kuparuk Airport,Kuparuk,Alaska,America/Anchorage,70.33067,-149.59806
UVA,Garner Field,Uvalde,Texas,America/Chicago,29.21133,-99.74358
UWA,Ware Airport,Ware,Massachusetts,America/New_York,42.28204,-72.2148
VAD,Moody Afb Airport,Valdosta,Georgia,America/New_York,30.9687,-83.19297
VAK,Chevak Airport,Chevak,Alaska,America/Anchorage,61.54083,-165.60089
VBG,Vandenberg Space Force Base Airport,Lompoc,California,America/Los_Angeles,34.73734,-120.58431
VCT,Victoria Regional Airport,Victoria,Texas,America/Chicago,28.85421,-96.91873
VCV,Southern California Logistics Airport,Victorville,California,America/Los_Angeles,34.59553,-117.38266
VDI,Vidalia Regional Airport,Vidalia,Georgia,America/New_York,32.19272,-82.37117
VDZ,Valdez Pioneer Field,Valdez,Alaska,America/Anchorage,61.13422,-146.24477
VEE,Venetie Airport,Venetie,Alaska,America/Anchorage,67.00867,-146.36636
VEL,Vernal Regional Airport,Vernal,Utah,America/Denver,40.43608,-109.51142
VEX,Tioga Municipal Airport,Tioga,North Dakota,America/Chicago,48.38028,-102.89736
VGT,North Las Vegas Airport,Las Vegas,Nevada,America/Los_Angeles,36.2107,-115.19444
VHN,Culberson County Airport,Van Horn,Texas,America/Chicago,31.05783,-104.78381
VIH,Rolla Ntl Airport,Rolla/Vichy,Missouri,America/Chicago,38.12743,-91.76951
VIS,Visalia Municipal Airport,Visalia,California,America/Los_Angeles,36.31864,-119.39286
VJI,Virginia Highlands Airport,Abingdon,Virginia,America/New_York,36.68631,-82.03478
VKS,Vicksburg Municipal Airport,Vicksburg,Mississippi,America/Chicago,32.23915,-90.9282
VLA,Vandalia Municipal Airport,Vandalia,Illinois,America/Chicago,38.99147,-89.16619
VLD,Valdosta Regional Airport,Valdosta,Georgia,America/New_York,30.78146,-83.27597
VLE,Valle Airport,Grand Canyon,Arizona,America/Phoenix,35.65057,-112.14809
VNC,Venice Municipal Airport,Venice,Florida,America/New_York,27.07127,-82.44003
VNY,Van Nuys Airport,Van Nuys,California,America/Los_Angeles,34.20981,-118.48997
VOK,Volk Field,Camp Douglas,Wisconsin,America/Chicago,43.93924,-90.25316
VPS,Eglin Afb/Destin-Ft Walton Beach Airport,Valparaiso/Destin-Ft Walton Beach,Florida,America/Chicago,30.48322,-86.52604
VPZ,Porter County Regional Airport,Valparaiso,Indiana,America/Chicago,41.45397,-87.00708
VQQ,Cecil Airport,Jacksonville,Florida,America/New_York,30.21878,-81.87717
VQS,Antonio Rivera Rodriguez Airport,Isla De Vieques,Puerto Rico,America/Puerto_Rico,18.13481,-65.49361
VRB,Vero Beach Regional Airport,Vero Beach,Florida,America/New_York,27.65555,-80.41795
VRS,Roy Otten Memorial Airfield,Versailles,Missouri,America/Chicago,38.42827,-92.87526
VSF,Hartness State (Springfield) Airport,Springfield,Vermont,America/New_York,43.34372,-72.51728
VTN,Miller Field,Valentine,Nebraska,America/Chicago,42.8567,-100.54896
VYS,Illinois Valley Regional-Walter A Duncan Field,Peru,Illinois,America/Chicago,41.35014,-89.15294
WAA,Wales Airport,Wales,Alaska,America/Anchorage,65.62256,-168.09497
WAH,Harry Stern Airport,Wahpeton,North Dakota,America/Chicago,46.24429,-96.60716
WAL,Wallops Flight Facility Airport,Wallops Island,Virginia,America/New_York,37.94019,-75.46639
WAY,Greene County Airport,Waynesburg,Pennsylvania,America/New_York,39.90114,-80.13069
WBB,Stebbins Airport,Stebbins,Alaska,America/Nome,63.51597,-162.27801
WBK,West Branch Community Airport,West Branch,Michigan,America/Detroit,44.24482,-84.17981
WBQ,Beaver Airport,Beaver,Alaska,America/Anchorage,66.36222,-147.4065
WBR,Roben-Hood Airport,Big Rapids,Michigan,America/Detroit,43.72281,-85.50532
WBU,Boulder Municipal Airport,Boulder,Colorado,America/Denver,40.03936,-105.22609
WBW,Wilkes-Barre Wyoming Valley Airport,Wilkes-Barre,Pennsylvania,America/New_York,41.29731,-75.85224
WCR,Chandalar Lake Airport,Chandalar Lake,Alaska,America/Anchorage,67.50452,-148.48322
WDG,Enid Woodring Regional Airport,Enid,Oklahoma,America/Chicago,36.37596,-97.78942
WDN,Waldron Airstrip,East Sound,Washington,America/Los_Angeles,48.71177,-123.01824
WDR,Barrow County Airport,Winder,Georgia,America/New_York,33.98288,-83.66742
WEA,Parker County Airport,Weatherford,Texas,America/Chicago,32.74573,-97.68247
WFK,Northern Aroostook Regional Airport,Frenchville,Maine,America/New_York,47.2855,-68.31272
WGO,Winchester Regional Airport,Winchester,Virginia,America/New_York,39.14353,-78.14444
WHP,Whiteman Airport,Los Angeles,California,America/Los_Angeles,34.25932,-118.41343
WHT,Wharton Regional Airport,Wharton,Texas,America/Chicago,29.25428,-96.15439
WIB,Wilbarger County Airport,Vernon,Texas,America/Chicago,34.22567,-99.28375
WJF,General Wm J Fox Airfield,Lancaster,California,America/Los_Angeles,34.74106,-118.21864
WKK,Aleknagik /New Airport,Aleknagik,Alaska,America/Anchorage,59.28256,-158.61787
WLD,Strother Field,Winfield/Arkansas City,Kansas,America/Chicago,37.16861,-97.03753
WLK,Selawik Airport,Selawik,Alaska,America/Anchorage,66.60014,-159.98575
WLW,Willows/Glenn County Airport,Willows,California,America/Los_Angeles,39.51576,-122.21728
WMC,Winnemucca Municipal Airport,Winnemucca,Nevada,America/Los_Angeles,40.89661,-117.80589
WMH,Baxter County Airport,Mountain Home,Arkansas,America/Chicago,36.36894,-92.47052
WMO,White Mountain Airport,White Mountain,Alaska,America/Anchorage,64.68919,-163.41275
WNA,Napakiak Airport,Napakiak,Alaska,America/Anchorage,60.69033,-161.9785
WOW,Willow Airport,Willow,Alaska,America/Anchorage,61.75419,-150.05174
WPO,North Fork Valley Airport,Paonia,Colorado,America/Denver,38.83131,-107.64586
WRB,Robins Afb Airport,Warner Robins,Georgia,America/New_York,32.64017,-83.59192
WRG,Wrangell Airport,Wrangell,Alaska,America/Anchorage,56.48433,-132.36983
WRI,Mc Guire Field (Joint Base Mc Guire Dix Lakehurst) Airport,Wrightstown,New Jersey,America/New_York,40.01579,-74.59073
WRL,Worland Municipal Airport,Worland,Wyoming,America/Denver,43.96289,-107.95053
WSF,Cape Sarichef Airport,Cape Sarichef,Alaska,America/Nome,54.58243,-164.91448
WSG,Washington County Airport,Washington,Pennsylvania,America/New_York,40.13647,-80.29019
WSH,Brookhaven Airport,Shirley,New York,America/New_York,40.82195,-72.86691
WSM,Wiseman Airport,Wiseman,Alaska,America/Anchorage,67.40511,-150.12088
WSN,South Naknek Nr 2 Airport,South Naknek,Alaska,America/Anchorage,58.70208,-157.00258
WST,Westerly State Airport,Westerly,Rhode Island,America/New_York,41.34963,-71.80342
WTK,Noatak Airport,Noatak,Alaska,America/Anchorage,67.56117,-162.98042
WTL,Tuntutuliak Airport,Tuntutuliak,Alaska,America/Nome,60.35111,-162.65461
WTR,Whiteriver Airport,Whiteriver,Arizona,America/Phoenix,33.81061,-109.98574
WVI,Watsonville Municipal Airport,Watsonville,California,America/Los_Angeles,36.93573,-121.78964
WVL,Waterville Regional Airport,Waterville,Maine,America/New_York,44.53325,-69.67553
WWA,Wasilla Airport,Wasilla,Alaska,America/Anchorage,61.57199,-149.53956
WWD,Cape May County Airport,Wildwood,New Jersey,America/New_York,39.00837,-74.90851
WWR,West Woodward Airport,Woodward,Oklahoma,America/Chicago,36.43841,-99.52257
WWT,Mertarvik Airport,Mertarvik,Alaska,America/Nome,60.8104,-164.49944
WYS,Yellowstone Airport,West Yellowstone,Montana,America/Denver,44.68839,-111.11764
XMD,Madison Municipal Airport,Madison,South Dakota,America/Chicago,44.01642,-97.08561
XNA,Northwest Arkansas Ntl Airport,Fayetteville/Springdale/Rogers,Arkansas,America/Chicago,36.28158,-94.30777
XPR,Pine Ridge Airport,Pine Ridge,South Dakota,America/Denver,43.02127,-102.50661
XSD,Tonopah Test Range,Tonopah,Nevada,America/Los_Angeles,37.79887,-116.78074
XWA,Williston Basin International Airport,Williston,North Dakota,America/Chicago,48.25978,-103.75056
YAK,Yakutat Airport,Yakutat,Alaska,America/Anchorage,59.50332,-139.66027
YIP,Willow Run Airport,Detroit,Michigan,America/New_York,42.24027,-83.53146
YKM,Yakima Air Trml/Mcallister Field,Yakima,Washington,America/Los_Angeles,46.56817,-120.54406
YKN,Chan Gurney Municipal Airport,Yankton,South Dakota,America/Chicago,42.91668,-97.38593
YNG,Youngstown/Warren Regional Airport,Youngstown/Warren,Ohio,America/New_York,41.26159,-80.68037
YUM,Yuma Mcas/Yuma International Airport,Yuma,Arizona,America/Phoenix,32.65592,-114.6064
ZNC,Nyac Airport,Nyac,Alaska,America/Anchorage,60.98103,-159.99392
ZPH,Zephyrhills Municipal Airport,Zephyrhills,Florida,America/New_York,28.22667,-82.15565
ZZV,Zanesville Municipal Airport,Zanesville,Ohio,America/New_York,39.94445,-81.89209
